id,image,caption,label,severity,language
harmeme_covid_memes_18,covid_memes_18.png,Bernie or Elizabeth? Be informed.Compare them on the issues that matter. Issue: Who makes the dankest memes?,HARASSMENT,,ENGLISH
harmeme_covid_memes_20,covid_memes_20.png,best candidate for JA 2020 joe biden Kamala harris Bernie sanders TikTok @eliguthrie,HARASSMENT,,ENGLISH
harmeme_covid_memes_56,covid_memes_56.png,BREAKING NEWS! EL CH AND MANNEQUINS THEN HE BOUGHT LINGERIE FOR NEWS AWOMAN WHO WAS SEEN OUTSIDE THE STORE WEARING A MAN WEARING A DONALD TRUMP MASK WENT INTO A VICTORIA SECRET STORE OLGED FEMALE CUSTOMERS HAN A MEIANIA TRUMP MASKWHO WASWAITING FOR HIM TO COME OUT SAM WE HAVE THE SURVEILLANCE imgfip.com FILM AT 11 Ron Burgundy Meme - Imgflip ANNEL S TEAM,HARASSMENT,,ENGLISH
harmeme_covid_memes_60,covid_memes_60.png,MASK TRUMP TRUMP DEN CE Help your child find the right Halloween costume,HARASSMENT,,ENGLISH
harmeme_covid_memes_333,covid_memes_333.png,Actual footage of Jared Leto returning from his 12 day meditation retreat and learning about coronavirus adan tore Ca The p Lhed etend en,HARASSMENT,,ENGLISH
harmeme_covid_memes_454,covid_memes_454.png,Chelsea Clinton @ChelseaClinton President Trump has left the U.S. dangerously underprepared to face a public health crisis like a #coronavirus outbreak. @devisridhar and I explain how via @CNN Lars Printzén @LarsPrintzen Feb 25 Replying to pChelseaClinton @devisridhar and @CNN So far more people in the US have died trying to testify against you mother than has died from Corona Virus.,HARASSMENT,,ENGLISH
harmeme_covid_memes_479,covid_memes_479.png,Does that coviD bill include 10% for the BIG GUY?,HARASSMENT,,ENGLISH
harmeme_covid_memes_493,covid_memes_493.png,BARACK OBAMA PRESENTS A MEDAL TO HIMSELF. FOR CREATING JOBS DURING THE TRUMP ADMINISTRATION,HARASSMENT,,ENGLISH
harmeme_covid_memes_600,covid_memes_600.png,This is Hob. He voted for Trump. This is Bob's friend Sally. Sally voted for Clinton. Botre Satlyare stilt frienda-beenese-Bob-and-Sallyare-both-adulte. Bettke Botramt Sally.,HARASSMENT,,ENGLISH
harmeme_covid_memes_609,covid_memes_609.png,"What do Donald Trump and a Pumpkin have in Common? They re Orange on the outside, Hollow on the Inside and should be tossed out in early November.",HARASSMENT,,ENGLISH
harmeme_covid_memes_622,covid_memes_622.png,Occupy Danocrats a at 12 DREAKNG: Barack Cbaria andoruas Jos lidan for president wtt RALLIANT speech Folon Cetuny Desnouta ler reare. BREAKING: Barack Obama endorses Joe Biden for president Joe Biden for Presideht of the United States. K Corers a sras. 2a Vies O comment A Shere,HARASSMENT,,ENGLISH
harmeme_covid_memes_671,covid_memes_671.png,having a bad day? just remember that time obama lost it when he saw a baby dressed as the pope,HARASSMENT,,ENGLISH
harmeme_covid_memes_685,covid_memes_685.png,LIVE AITE HOU C-SPAN CORONAVIRUS RESPONSE,HARASSMENT,,ENGLISH
harmeme_covid_memes_722,covid_memes_722.png,"HECHEVS THE WHITE HC WASHINGTON NIK NEWS SPECIAL REPORT LIVE WHITE HOUSE BRIEFING FROM CORONAVIRUS TASK FORCE FOR LATEST UPDATES, GO TO NBCNEWS.COM/CORONAVIRUS",HARASSMENT,,ENGLISH
harmeme_covid_memes_731,covid_memes_731.png,17h - 0 Lighten up! WHY BIDEN NO GET VIRUS?,HARASSMENT,,ENGLISH
harmeme_covid_memes_783,covid_memes_783.png,"Steve King 999 ACCORDING TO CNN, IT TOOK OBAMA ""MLLIONS INFECTED AND OVER 1,000 DEATHS"" TO DECLARE THE HINI FLU A HEALTH EMERGENCY POINTOSA UNDER PRESIDENTTRUMP CORONAVIRUS WAS DECLARED A HEALTH EMERGENCY AND PUBLIC SAFETY MEASURES WERE IN PLACE BEFORE A SINGLE U.S. DEATH O0CCURRED 260 Cermeres K Shares",HARASSMENT,,ENGLISH
harmeme_covid_memes_791,covid_memes_791.png,when you've been hiding a zombie bite and can feel yourself starting to turn but you don't want to tell your group de wfauft.,HARASSMENT,,ENGLISH
harmeme_covid_memes_795,covid_memes_795.png,"Obama: ""Whispers"" put the laser pointer away or give it to me. ML DOCD",HARASSMENT,,ENGLISH
harmeme_covid_memes_828,covid_memes_828.png,"James Woods e @RealJames. 13 Aug v This is our last stand, folks. And here's your last defender. If they take him down, America is gone forever. Vote for @realDonald Trump like your life depends on it. 24K 13 76.2K 174K",HARASSMENT,,ENGLISH
harmeme_covid_memes_842,covid_memes_842.png,"ACCORDING TO CNN, ITOCY B.M ""MLLIONS INFECTED AND VE 1, OU LEATHS"" TO DECLARE THE H1. 11 FLU AEAZTH EMERGENCY NG TURNIN : PÕII TU. A UNDER PRESIDENT TRUMP CORONAVIRUS WAS DECLARED A HEALTH EMERGENCY AND PUBLIC SAFETY MEASURES WERE IN PLACE BEFORE A SINGLE U.S. DEATH OCCURRED",HARASSMENT,,ENGLISH
harmeme_covid_memes_871,covid_memes_871.png,THE BRITISH SING'GOD SAVE OUR QUEEN THE QUEEN: LIVES 93 YEARS THE BRITISH: was not expecting that.,HARASSMENT,,ENGLISH
harmeme_covid_memes_1289,covid_memes_1289.png,nimo enimsaden - Oct 20 Unseen footage of Boris Johnson offering £8 per head to Andy Burnham mcan bonel lockdown Andy What could it cost? 10 pounds ta 3 O 34,HARASSMENT,,ENGLISH
harmeme_covid_memes_1504,covid_memes_1504.png,"Trung: ""says the viras is uka Covid I know more about wind than yourdo. and I took that peraonaly Cape y e pa nd aa",HARASSMENT,,ENGLISH
harmeme_covid_memes_136,covid_memes_136.png,Whole world to Putin: *Putin Vaccine Well done putinsimso proud of you Vaccine Vaccine,HARASSMENT,,ENGLISH
harmeme_covid_memes_1888,covid_memes_1888.png,"futuristic caveman @uturisticcavet 10h Boris Johnson's reaction to covid-19 seifisolating Ojust feel that, yknow, ""if itaint broke, don't fix it"". And even if it is broke, just ignore it and maybe it'l be sort of.. okay. GIF",HARASSMENT,,ENGLISH
harmeme_covid_memes_2114,covid_memes_2114.png,"Just because thousands of FALSE independent Doctors are saying that Hydrocyhloroquine cures all CV-19 patients, It is not valid until we have a major study done. As soon as the CV-19 Vaceine is manufactured it must be immediately delivered to health care professionals world wide for immediate human injection.:Proper studies can be performed later",HARASSMENT,,ENGLISH
harmeme_covid_memes_2209,covid_memes_2209.png,John Fugelsang @JohnFugelsang Well I'm not surprised Trump tested positive for Covid - the guy's in 5 major risk groups! 1) He's elderly 2) He's obese 3) He's got a public sector job 4) He's a person of color 5) He's poor. #PrayForTrump to #WearADamnMask,HARASSMENT,,ENGLISH
harmeme_covid_memes_2255,covid_memes_2255.png,THIS IS DONALD TRUMP'S FACE UNDER HIS MASK imgtip.com,HARASSMENT,,ENGLISH
harmeme_covid_memes_2265,covid_memes_2265.png,"I HAPPEN TO THINK FAUCI'S A GREAT GUY. ON THE OTHER HAND, HE CHANGED HIS MIND ABOUT MASKSI BUT WHEN YOU THINK ABOUT IT, VOTERS MIGHT LIKE A NICE MASK... WELL REASONED",HARASSMENT,,ENGLISH
harmeme_covid_memes_177,covid_memes_177.png,ITOOK THE LIBERTY OF BULLSHITTIN YAL 习近筆 ANDYOU SAY.RIAR RIAR PANTS ON FIRE!,HARASSMENT,,ENGLISH
harmeme_covid_memes_2394,covid_memes_2394.png,IMPEACHES USA,HARASSMENT,,ENGLISH
harmeme_covid_memes_2526,covid_memes_2526.png,"Folks programmed by the media ""wear a mask selfish freedom lover!"" ""trump is not my president!""",HARASSMENT,,ENGLISH
harmeme_covid_memes_2527,covid_memes_2527.png,Were in nur tin to deteat the w s and rny peopie say tat ict veera tace k whes you tance There k nolody o Paiote me your vesitent YEAH THIS IS BIG GRAIN TIME,HARASSMENT,,ENGLISH
harmeme_covid_memes_22,covid_memes_22.png,"Steve King ... 4 hrs · O ACCORDING TO CNN, IT TOOK OBAMA ""MLLIONS INFECTED AND OVER 1,000 DEATHS"" TO DECLARE THE HIN1 FLU A HEALTH EMERGENCY TURNING PÕINT USA UNDER PRESIDENT TRUMP CORONAVIRUS WAS DECLARED A HEALTH EMERGENCY AND PUBLIC SAFETY MEASURES WERE IN PLACE BEFORE A SINGLE U.S. DEATH OCCURRED 1.6K 269 Comments 1K Shares",HARASSMENT,,ENGLISH
harmeme_covid_memes_24,covid_memes_24.png,"***** ""Donald Trump TRUMP what you see is incompetent, on your lawn KEEP AMERICA GREAT! delusional, and ***** the most dishonest man in history. He is VERY deeply ***** RACIST disturbed. UNFIT is what I see on your lawn LIVES HERE such an important film- Everyone needs to see it ***** before the election!"" - GEORGE CONWAY OCCUPY DEMOCRATS",HARASSMENT,,ENGLISH
harmeme_covid_memes_58,covid_memes_58.png,"r/MurderedByWords Trumputin is something I ship OC 1 6 9 1 6 1 Dr. Anthony Fauci unveils a mask that could save millions of lives Politics Pics & Gifs HOUSE 1 16.4k I 726 1 Share A Award Y BEST COMMENTS ▼ 香2Awards Why doesn't he just wear the ball gag he uses with Putin? 1 538 11 Share O Award I hate /r/murderedbywords with a burning passion. ""HAHA tRuMp= gAy fOr PuTIN.""",HARASSMENT,,ENGLISH
harmeme_covid_memes_192,covid_memes_192.png,Say hello to the 46th president: Doe Exotic,HARASSMENT,,ENGLISH
harmeme_covid_memes_112,covid_memes_112.png,TAKING CORONAVIRUS SERIOUSLY USTENING TO PUBLIC HEALTH EXPERTS GOLF AND CAMPAIGN RALLIES,HARASSMENT,,ENGLISH
harmeme_covid_memes_143,covid_memes_143.png,This Trump mask looks like Hitler from the back,HARASSMENT,,ENGLISH
harmeme_covid_memes_145,covid_memes_145.png,"When Trump said, ""I wear a mask. I don't wear a mask like him...every time you see him, he's got a mask. He could be speaking 200ft away from me and he shows up with the biggest mask you've ever seen.""",HARASSMENT,,ENGLISH
harmeme_covid_memes_149,covid_memes_149.png,"TRUMP TRIED TO GET AWAY WITH ONLY WEARING HIS MASK WHEN THE PRESS WASNT AROUND. SOMEONE FROM TMZ WAS AROUND, THOUGH.",HARASSMENT,,ENGLISH
harmeme_covid_memes_151,covid_memes_151.png,"""MASKSP I DON'T THINK IM GOING TO BE DOING IT IT WOULD SEND THE WRONG MESSAGE IT MAKES YOU LOOK LIKE A WIMP. THE VIRUS IS JUST GONNA DISAPPEAR."" 100,000 DEAD PEOPLE LATER IAM ALL FOR MASKS. ALWAYS HAVE BEEN, WEAR THEM ALL THE TIME-ILIKE IT.""",HARASSMENT,,ENGLISH
harmeme_covid_memes_152,covid_memes_152.png,TRUMP Trump finally removes his human mask and reveals his hideously deformed alien form,HARASSMENT,,ENGLISH
harmeme_covid_memes_153,covid_memes_153.png,Joe Meakin X So you'll be boycotting them now? IAM PRO OXYGEN SWEET BEAUTIFUL OXYGEN NHIBERALS M 20. itter for Android,HARASSMENT,,ENGLISH
harmeme_covid_memes_154,covid_memes_154.png,"TRUMP: look at this Hillary mask, it's hidecus! just like her sou-- AIDE: ""whispers in ear TRUMP: this mask is beautiful, breathtaking.",HARASSMENT,,ENGLISH
harmeme_covid_memes_245,covid_memes_245.png,AM I THE ONLY ONE AROUND HERE THAT THINKS WHO DIRECTOR-GENERAL TEDROS ADHANOM GHEBREYESUS SHOULD BE CHARGED WITH MANSLAUGHTER,HARASSMENT,,ENGLISH
harmeme_covid_memes_155,covid_memes_155.png,HOUSE Dr. Fauci unveils a mask that could save millions of lives!,HARASSMENT,,ENGLISH
harmeme_covid_memes_156,covid_memes_156.png,"He's been wearing one this whole time ""It's like wearing nothing at all."" $1999 TRUMP EAC",HARASSMENT,,ENGLISH
harmeme_covid_memes_157,covid_memes_157.png,Trump had been advised by his staff to wear a mask they weren't nearly specific enough. Ca D,HARASSMENT,,ENGLISH
harmeme_covid_memes_162,covid_memes_162.png,"WORK FROM HOME' MEMES Your manager when the work which takes 15 minutes has not been submitted from more than an hour because the employee is on work from home SO DAYA, KUCH TOH GARDBAD HAI REDIT: @GANDALFDGREY/ UNSPLASH (REPRESENTATIVE IMAGE)",HARASSMENT,,ENGLISH
harmeme_covid_memes_187,covid_memes_187.png,Corona Virus China Virus MEME WARS imgflip.com,HARASSMENT,,ENGLISH
harmeme_covid_memes_203,covid_memes_203.png,Whole world is blaming chinese for eatinganything and spreading Corona. Bear Grylls STARECAT.COM,HARASSMENT,,ENGLISH
harmeme_covid_memes_208,covid_memes_208.png,CHINA YOU'RE FIRED! VIRUS meme-generator.com,HARASSMENT,,ENGLISH
harmeme_covid_memes_277,covid_memes_277.png,"LET ME BE CLEAR. I IGNED THE MEDICAL APPLIANCE TAX BILL THAT FORCED COMPANIES TO OUTSOURCE MANUFACTORING OF MASKS, GOWNS, GLOVES AND VENTILAORS TO CHINA, EUROPE AND RUSSIA TO AVOID THE TAX.",HARASSMENT,,ENGLISH
harmeme_covid_memes_290,covid_memes_290.png,Leonesvile Qeneosch TrumpHasCovid Trump: we'll get through this together Americans,HARASSMENT,,ENGLISH
harmeme_covid_memes_303,covid_memes_303.png,"Detirae desiraes Trump: ""says the virus is fake Covid: and I took that personally",HARASSMENT,,ENGLISH
harmeme_covid_memes_305,covid_memes_305.png,THERE IS A MUCH MORE SINISTER REASON WHY CHINA LET THE VIRUS GO AND WITHHELD INFORMATION. AS PELOSI SAID.CHINA PREFERS BIDEN TO WIN THE ELECTION. WHERE'S HUNTER? WILL HUNTER BE SUICIDED LIKE EPSTEIN? ndio.com,HARASSMENT,,ENGLISH
harmeme_covid_memes_351,covid_memes_351.png,Republican Party of Rock County Lighten up WHY BIDEN NO GET VIRUS? HE SNIFF EVERYONE D 20 1 Comment - 6 Shares Comment A share,HARASSMENT,,ENGLISH
harmeme_covid_memes_393,covid_memes_393.png,CAN'T KEEP VIRUSES OUT OF WINDOWS 10 WANTS HIS COMPANY TO DEVELOP THE VACCINE FOR THE WUHAN VIRUS,HARASSMENT,,ENGLISH
harmeme_covid_memes_396,covid_memes_396.png,"DEMOCRATS, IT IS PRESIDENT TRUMP'S FAULT FOR THE SPREAD OF THE CORONA VIRUS! HI, I AM XI JINPING, COMMUNIST LEADER OF CHINA! I HID THE OUTBREAK OF THE VIRUS AND CENSORED THE INFORMATION IN THE WORLD'S MOST POPULATED COUNTRY!",HARASSMENT,,ENGLISH
harmeme_covid_memes_426,covid_memes_426.png,HOME » INTERNATIONAAL » CHINA SPENT THE CRUCIAL FIRST DAYS OF THE WUHAN CORONAVIRUS OUTBREAK ARREST China spent the crucial first days of the Wuhan coronavirus outbreak arresting people who posted about it online and threatening journalists Ashley Collman O 24 Jan 2020 f FACEBOOK in LINKEDIN TWITTER WHATSAPP EMAIL PRINT Start tackling the problem immediately OR draw 25,HARASSMENT,,ENGLISH
harmeme_covid_memes_411,covid_memes_411.png,"Skype Bil Gates Co Chair, Bl & Melinda Gates Foundation LIVE do Thour ago I believe him. This man's been dealing with viruse since Windows 95 wes",HARASSMENT,,ENGLISH
harmeme_covid_memes_434,covid_memes_434.png,"""God Does Not Want Us Wearing Masks. I you have a mask on, it means you actually don't trust God. You don't have falth."" - GOP Activist DeAnna Lorraine BUT YOU'RE THE SAME PEOPLE WHO NEED A RIFLE TO PICK UP GROCERIES.",HARASSMENT,,ENGLISH
harmeme_covid_memes_439,covid_memes_439.png,NBC NEWS J.S. HO NONE OF US WERE PREPARED FOR THE CORONA VIRUS UNUM BECAUSE IT IS ALL DONALD TRUMP'S FAULT imgflip.com HOU Hồ,HARASSMENT,,ENGLISH
harmeme_covid_memes_452,covid_memes_452.png,You know damn well that Tom Hanks caught Coronavirus from Jenny,HARASSMENT,,ENGLISH
harmeme_covid_memes_512,covid_memes_512.png,"ACCORDING TO CHN ITcY B. Mh ""MLLIONS INFECTED AND VE 1, 0J LEATHS"" TO DECLARE THE H11 FLU IH EMERGENCY NG TURNIN POI FU UNDER PRESIDENT TRUMP CORONAVIRUS WAS DECLARED A HEALTH EMERGENCY AND PUBLIC SAFETY MEASURES WERE IN PLACE BEFORE A SINGLE U.S. DEATH OCCURRED",HARASSMENT,,ENGLISH
harmeme_covid_memes_554,covid_memes_554.png,"BREAKING Trump not allowed into Scotland to escape Biden inauguration, Scotland's First Minister says. ""Coming to play golf is not what I would consider to be an essential purpose,"" Sturgeon said, alluding to COVID travel restrictions. Reports indicated Trump may have planned an imminent Scotland trip. Ruin Donnie's day! Spread the word! CALL TO ACTIVISM-",HARASSMENT,,ENGLISH
harmeme_covid_memes_558,covid_memes_558.png,XI JINPING GUILTY OF CRIMES AGAINST HUMANITY AND ALSO LOOKING LIKE HE NEEDS A STRONG LAXATIVE,HARASSMENT,,ENGLISH
harmeme_covid_memes_509,covid_memes_509.png,"Con Price Trump got the whole 2020 experience Got covid, got fred, got evicted",HARASSMENT,,ENGLISH
harmeme_covid_memes_571,covid_memes_571.png,"12000 DIED OF HIN1 IN 2009 UNDER OBAMA WITH 275000 HOSPITALIZE President: Barak Obama Vice President: Joe Biden Senator: Bernie Sanders HINI Virus (Swine Flu) USA Cases: 60.8MILION USA Hospitalizations: 257,000 USA Deaths: 11,690 (1,180 children) Panic Level: Everybody is chill President: Donald Trump Corona Virus (covid 19) DO YOU RECALL THE MEDIA BLAMING OBAMA AS THEY ARE PRESIDENT TRUMP ABOUT 26 DEATHS FROM CORONA VIRUS USA Cases: 446 Cases USA Deaths: 19 Panic Level: MASS HYSTERIA Man",HARASSMENT,,ENGLISH
harmeme_covid_memes_575,covid_memes_575.png,HEY DID YOU GUYS NEED ANOTHER ROUND OF STIMULUS CHECKS TO HELP DUT? THAT WOULD BE GREAT SINCE SD MANY OF US ARE STRUGGLING RIGHT NOW THANK YOU So MUCH HAHA FUCK YOU LOL VOTE FOR ME FIAST THEN WELL TALK ABOUT IT AFTER I WIN THE ELECTION,HARASSMENT,,ENGLISH
harmeme_covid_memes_546,covid_memes_546.png,I'M GETTING OPINION. ONOOIS V FROM MY GUT. COVE-19 ADVICE OnvEGRANUNDOom,HARASSMENT,,ENGLISH
harmeme_covid_memes_549,covid_memes_549.png,This is Boris. Boris didn't wash his hands DONT BE LIKE BORIS,HARASSMENT,,ENGLISH
harmeme_covid_memes_552,covid_memes_552.png,FEBRUARY 20TH MARCH 17TH THE DEMOCRATS ARE POLITICIZING THE CORONAVIRUS. THIS IS THEIR New HOAX rve ALWAYS Known THIS IS REAL THIS IS A PANDEMIC.,HARASSMENT,,ENGLISH
harmeme_covid_memes_563,covid_memes_563.png,WASH YOUR HANDS LIKE YOU JUST SHOOK HANDS WITH SCOTT MORRISON,HARASSMENT,,ENGLISH
harmeme_covid_memes_595,covid_memes_595.png,peradise is in my hands eseventeTumaler Trump :I have COVID Twitter:,HARASSMENT,,ENGLISH
harmeme_covid_memes_611,covid_memes_611.png,MY TOAST GOT BURNT THIS MORNING THANKS OBAMA,HARASSMENT,,ENGLISH
harmeme_covid_memes_758,covid_memes_758.png,Dad says He's not you're spying us online your dad,HARASSMENT,,ENGLISH
harmeme_covid_memes_616,covid_memes_616.png,NONE OF US WERE PREPARED FOR THE CORONA VIRUS J.S. BECAUSE IT IS ALL DONALD TRUMP'S FAULT HOU,HARASSMENT,,ENGLISH
harmeme_covid_memes_619,covid_memes_619.png,WHEN YOU'RE THE DOCTOR BUT HC THE VILLAGE IDIOT IS GIVING MEDICAL ADVICE makeamemeorg,HARASSMENT,,ENGLISH
harmeme_covid_memes_635,covid_memes_635.png,A WALL TO KEEP AMERICASAFE? THAT SHOULD DO IT,HARASSMENT,,ENGLISH
harmeme_covid_memes_801,covid_memes_801.png,DEMON POSSESSION DOESN'T ALWAYS LOOK LIKE THIS. IT CAN ALSO LOOK LIKE THIS,HARASSMENT,,ENGLISH
harmeme_covid_memes_730,covid_memes_730.png,HIN1 Virus COVID 19 - U.S. CASES - - US. CASES - 60.8 MILLION (dete an) - PANIC LEVEL - Norrniv 9 - PANIC LEVEL- ZERO MASS IHYSTERIA - CHINA BLAMED- TRUMP BLAMED - Whieh of thene prenident perea37 MIL paur e Wahan labut,HARASSMENT,,ENGLISH
harmeme_covid_memes_1461,covid_memes_1461.png,"Trump: ""Covid-19 is a hoax"" Friend Requesta Covid-19: Will you shut up man.",HARASSMENT,,ENGLISH
harmeme_covid_memes_786,covid_memes_786.png,ANYTHING BAD THAT EVER HAPPENED? THAT WAS MY OPPONENTS ANYTHING GOOD THAT EVER HAPPENED? THAT WAS ME,HARASSMENT,,ENGLISH
harmeme_covid_memes_809,covid_memes_809.png,I didn't mention you said 14 April which year,HARASSMENT,,ENGLISH
harmeme_covid_memes_859,covid_memes_859.png,PUTTING PENCE INCHARGE OF CORONAVIRUS IS TRRESPONSIBLE BECAUSE HE LITERALLYDOES NOT BELIEVEINSCIENCE STATUS LELEE AntiVirus UNLIKE ME WHO HAS MODERN SOLUTIONS TO MODERN PROBLEMS,HARASSMENT,,ENGLISH
harmeme_covid_memes_909,covid_memes_909.png,"IndieWire @indiewire Indeie Pattinson's 'Batman' Will Be 'So Raw' and 'Not Sanitized, Says Cast Member Peter Sarsgaard IMPAIGN Robby Slowik e @RobbySlowik The last thing the world wants right now is raw, unsanitized bat.",HARASSMENT,,ENGLISH
harmeme_covid_memes_933,covid_memes_933.png,DAILY INGTON SOCIAL DISTANCING SHOW CARANNAVIRUS TRUMP'S BEST WORDS: CORONAVIRUS EDITION,HARASSMENT,,ENGLISH
harmeme_covid_memes_1016,covid_memes_1016.png,God: I made Eve for you and these animals so you wouldn't be alone Adam: And who is that in the lake God: I don't know. She was there when I got here,HARASSMENT,,ENGLISH
harmeme_covid_memes_1032,covid_memes_1032.png,ONE WEEK AFTER THE ELECTION AND WE ALREADY HAVE A VACCINE FOR COVID-19,HARASSMENT,,ENGLISH
harmeme_covid_memes_1103,covid_memes_1103.png,"Because his daughter was cold, Mexican Druglord Pablo Escobar once lit $2 million dollars on fire to keep her warm Rakesh Prasad My father would light ME on fire to keep his 2 Milion Dollars wanm. Like Reply",HARASSMENT,,ENGLISH
harmeme_covid_memes_1178,covid_memes_1178.png,Tesht No Gabriella. Tas in take the Coronavirus seriousy,HARASSMENT,,ENGLISH
harmeme_covid_memes_1183,covid_memes_1183.png,"Just a reminder that when Rob Schneider was quarantined with SARS he wrote The Hot Chick rosanne cash @rosannecash- 12h Just a reminder that when Shakespeare was quarantined because of the plague, he wrote King Lear.",HARASSMENT,,ENGLISH
harmeme_covid_memes_1195,covid_memes_1195.png,Texas LIVE 19:45 BREAKING NEWS Chuck Norris has been exposed to Coronavirus (COVID-19) The virus is now in quarantine for 14 days,HARASSMENT,,ENGLISH
harmeme_covid_memes_1231,covid_memes_1231.png,I didn't mention which year You said the quarantine will be over on 14 April,HARASSMENT,,ENGLISH
harmeme_covid_memes_1238,covid_memes_1238.png,FEAR OF CORONA IS ON THE DECLINE RELEASE THE MURDER HORNETS,HARASSMENT,,ENGLISH
harmeme_covid_memes_1375,covid_memes_1375.png,Breaking News: Diego Maradona tested positive for almost everything except Covid-19. 18:2,HARASSMENT,,ENGLISH
harmeme_covid_memes_1390,covid_memes_1390.png,Everyone is making memes about you and your age You can make memes about them when they're getting old rade with meratic,HARASSMENT,,ENGLISH
harmeme_covid_memes_1395,covid_memes_1395.png,Jehovah's Witnesses knowing that everyone's gonna be home: Eoredpanda.com,HARASSMENT,,ENGLISH
harmeme_covid_memes_1396,covid_memes_1396.png,"Thakur is Safe from CoronaVirus. No hands, No handshake, No touching Nose.",HARASSMENT,,ENGLISH
harmeme_covid_memes_1405,covid_memes_1405.png,CHUCK NORRIS BUILT THE HOSPITAL HE WAS BORN IN,HARASSMENT,,ENGLISH
harmeme_covid_memes_1412,covid_memes_1412.png,"CORONAVIRUS IF YOU COME TO THE USA, YOU'LL HAVE TO SURVIVE CHUCK NORRIS Grogfiip. com",HARASSMENT,,ENGLISH
harmeme_covid_memes_1419,covid_memes_1419.png,Shaan Rasul Keswani Visual Storyteller March 20 at 5:46 PM Oh great more bad news! When you open another COVID-19 MASSMAIL from President Tim Killeen and Chancellor Jones TAM READY TO GET HURT AGÅIN.,HARASSMENT,,ENGLISH
harmeme_covid_memes_1797,covid_memes_1797.png,"IF PROPERLY FITTED, ONE MASK CAN SAVE MANY THOUSANDS OF LIVES Dr. Fauci XESH HE WH WASE",HARASSMENT,,ENGLISH
harmeme_covid_memes_1427,covid_memes_1427.png,"Boris Johnson's #Coronavirus policy. Some of you may die, the Corona Virus . We're meant to die from dimate change but it's a sacrifice l'm willing to make Aussie Stuff for Aussies sloane @skipper working from home isn't that bad",HARASSMENT,,ENGLISH
harmeme_covid_memes_1433,covid_memes_1433.png,"Coronavirus: *infects Tom Hanks* adam.the.creator • Following The Covid-19 Vaccine Competition Everyone: adam.the.creator o Oh hell naw, ok enough is enough fuck this virus 1w drgrayfang I gotta pee 1w 36 likes Reply View replies (2) daviddoesbigmeme Wait till it gets Danny DeVito 1w 391 likes Reply View replies (37) Fadam the creator eliastheodorou O Now We Riot!! Liked by drgrayfang and others MARCH 11 Add a comment.. Post",HARASSMENT,,ENGLISH
harmeme_covid_memes_1803,covid_memes_1803.png,Hairdressers are closed. But we try to manage,HARASSMENT,,ENGLISH
harmeme_covid_memes_1467,covid_memes_1467.png,He thinks this is the ANCNEWS SPECIAL REPORT LIVE PRESIDENT TRUMP DECLARES NATIONAL EMERGENCY AVAVA AVAVAV Mak Allen,HARASSMENT,,ENGLISH
harmeme_covid_memes_1478,covid_memes_1478.png,Chai pe Charcha wih NaMo Cough Syrup with Kejriwal,HARASSMENT,,ENGLISH
harmeme_covid_memes_1505,covid_memes_1505.png,BECAME UNEMPLOYED BEFORE COVID-19,HARASSMENT,,ENGLISH
harmeme_covid_memes_1521,covid_memes_1521.png,OneGingerPele esbout First member of the Covid Marshalls revealed,HARASSMENT,,ENGLISH
harmeme_covid_memes_1544,covid_memes_1544.png,Wash your hands like you're washing Jason Mamoa,HARASSMENT,,ENGLISH
harmeme_covid_memes_1582,covid_memes_1582.png,"Prime Minister @narendramodi will address the nation at 10 AM on 14th April 2020. m edi And, here. we. go. The IndianEXPRESS",HARASSMENT,,ENGLISH
harmeme_covid_memes_1617,covid_memes_1617.png,ACTUAL PICTURE OF PATRICK MAHOMES WAITING FOR CORONAVIRUS TO GET A DOUBLE DIGIT LEAD BEFORE HE SAVES ALL OF KANSAS CITY.,HARASSMENT,,ENGLISH
harmeme_covid_memes_1626,covid_memes_1626.png,COVID19: 28 DAYS LATER WHERE THE HELL IS EVERYONE?,HARASSMENT,,ENGLISH
harmeme_covid_memes_1628,covid_memes_1628.png,"When you're 93 and fricking immortal but your son, 71, tests positive for Córonavirus SHAME",HARASSMENT,,ENGLISH
harmeme_covid_memes_2161,covid_memes_2161.png,"""MASKS? I DONT THINK I'M GOING TO BE DOING IT IT WOULD SEND THE WRONG MESSAGE IT MAKES YOU LOOK LIKE A WIMP. THE VIRUS IS JUST GONNA DISAPPEAR."" %3D 100,000 DEAD PEOPLE LATER IAM ALL FOR MASKS. ALWAYS HAVE BEEN. WEAR THEM ALL THE TIME-ILIKE IT."" imgfilplcom",HARASSMENT,,ENGLISH
harmeme_covid_memes_2162,covid_memes_2162.png,TRUMP FINALLY PUT ON A MASK BECAUSE HIS MASTER MADE HIM imgflip.com,HARASSMENT,,ENGLISH
harmeme_covid_memes_2165,covid_memes_2165.png,ONLY AN IDIOT WOULD REFUSE TO WEARA MASK LOOKAT ME!,HARASSMENT,,ENGLISH
harmeme_covid_memes_2187,covid_memes_2187.png,JOE BIDEN IS CRITICIZING TRUMP FOR NOT WEARING A MASK. MAYBE IF BIDEN HAD BEEN SOCIAL DISTANCING FROM WOMEN AND LITTLE GIRLS INSTEAD OF SNIFFING AND KISSING THEM TARA READE WOULDNTBEBREATHING DOWN HIS NECK.,HARASSMENT,,ENGLISH
harmeme_covid_memes_1642,covid_memes_1642.png,BE POSITIVE TODAY! Collection Of Trump Has Covid MEMES IT IS WHAT IT IS,HARASSMENT,,ENGLISH
harmeme_covid_memes_1645,covid_memes_1645.png,Trump Dr. Fauci COVID-19 A. Cuoma,HARASSMENT,,ENGLISH
harmeme_covid_memes_2189,covid_memes_2189.png,WEAR A MASK IN PUBLIC! SELFISH ASSHOLE!,HARASSMENT,,ENGLISH
harmeme_covid_memes_2202,covid_memes_2202.png,"Dr. Fauci graduated 1st in his class at Cornell Medical School, served under 6 presidents, and has received numerous awards and honors. Meanwhile, Trump paid someone to take his SATS, and suggested injecting disenfectant as coronavirus treatment. I choose to believe Fauci.",HARASSMENT,,ENGLISH
harmeme_covid_memes_2238,covid_memes_2238.png,"donaldrumpr Pollow 10h I had to... Porn hub Fte Raat Dewninat Orange Man Fucks Entire Democratie Party 117,122 vews",HARASSMENT,,ENGLISH
harmeme_covid_memes_2245,covid_memes_2245.png,I'M A TRAITOR,HARASSMENT,,ENGLISH
harmeme_covid_memes_1663,covid_memes_1663.png,"Dezirae & derire20 Trump: ""says the virus is fake Covid: and I took that personally 1243 AM- Oet 2 2020. Twiner for Phane",HARASSMENT,,ENGLISH
harmeme_covid_memes_2280,covid_memes_2280.png,THEWOR DS MOST. DANGER US VIRUS PUTS ON E MASK,HARASSMENT,,ENGLISH
harmeme_covid_memes_2288,covid_memes_2288.png,"TRUST ME IF I'MELECTED, WE'LL GO TO WAR",HARASSMENT,,ENGLISH
harmeme_covid_memes_2424,covid_memes_2424.png,"TRUMP ON NORTH KOREA MURDERING AN AMERICAN STUDENT: ""Kim Jong-un denies it and I believe him."" TRUMP ON SAUDI ARABIA MURDERING AN AMERICAN JOURNALIST: ""The Saudi Crowm Prince denies it and I believe him."" TRUMP ON RUSSIA ATTACKING OUR DEMOCRACY: ""Putin denies it and I believe him."" TRUMP ON OUR INTELLIGENCE AGENCIES WHO SAY ALL OF THESE DICTATORS ARE LYING: ""Our intelligence is fake news and shouldn't be trusted!""",HARASSMENT,,ENGLISH
harmeme_covid_memes_2435,covid_memes_2435.png,I don't need a facemask because I only talk out my ass,HARASSMENT,,ENGLISH
harmeme_covid_memes_2445,covid_memes_2445.png,"TRUMP WOREA MASK! MEANWHILE, HIS BUDDY PUTIN PAID TALIBAN FIGHTERS TO KILL AMERICANS TRUMP DIDNT EVEN WEAR THE MASK BIGHT",HARASSMENT,,ENGLISH
harmeme_covid_memes_2448,covid_memes_2448.png,"Obama: Did you replace all the toiletries with travel size bottles? Biden: He's got tiny hands Barack, I want him to feel welcome here Pn 20",HARASSMENT,,ENGLISH
harmeme_covid_memes_1828,covid_memes_1828.png,Do Not Try This Ał Home,HARASSMENT,,ENGLISH
harmeme_covid_memes_1869,covid_memes_1869.png,Armani Oristoryotrmani Biden after hearing trump got covid then realizing he was the stage with him 2 days ago 12-44 AM Oot 2 2020 Twimer for IPhene,HARASSMENT,,ENGLISH
harmeme_covid_memes_1870,covid_memes_1870.png,"bydevumm THE WAY K.L RAHUL IS PERFORMING ANY GIVEN ROLE, I WONT BE SURPRISED IF HE IS THE ONE TO FIND THE CURE OF CORONAVIRUS a v",HARASSMENT,,ENGLISH
harmeme_covid_memes_1885,covid_memes_1885.png,the Corona Virus . We're meant to die from dimate change Aussie Stuff for Aussies Twer,HARASSMENT,,ENGLISH
harmeme_covid_memes_2472,covid_memes_2472.png,TRUMP WEARS A FACE MASK,HARASSMENT,,ENGLISH
harmeme_covid_memes_1918,covid_memes_1918.png,CHUCK NORRIS HAS BEEN EXPOSED TO THE CORONAVIRUS KAN THE VIRUS IS NOW IN QUARANTINE FOR THE NEXT TWO WEEKS,HARASSMENT,,ENGLISH
harmeme_covid_memes_2498,covid_memes_2498.png,TRUMP FINALLY PUT ON A MASK BECAUSE HIS MASTER MADE HIM,HARASSMENT,,ENGLISH
harmeme_covid_memes_1923,covid_memes_1923.png,the entire state of KY governor andy beshear,HARASSMENT,,ENGLISH
harmeme_covid_memes_1939,covid_memes_1939.png,"SASHANK KR SHIRa umkhhar ""Corona"" has proven that bigger problem is not lieracy, it is stupidiny of inerate people.",HARASSMENT,,ENGLISH
harmeme_covid_memes_1977,covid_memes_1977.png,"Oheybi me @ COVID when trump recovers because he has access to the wery best medical care I was rooting for you, wo were all rooting for you! How dare you?! 107 AM Oet 2, 2020 Twier Web App",HARASSMENT,,ENGLISH
harmeme_covid_memes_1985,covid_memes_1985.png,WHEN SOMEONE SAYS BULKHEAD WALL President Trump Travel Memes THE GUY SELLING CREDIT CARDS AT THE AIRPORT,HARASSMENT,,ENGLISH
harmeme_covid_memes_2538,covid_memes_2538.png,THAT'S WHAT I D0. I LIE AND I TWEET THINGS,HARASSMENT,,ENGLISH
harmeme_covid_memes_2553,covid_memes_2553.png,PAYS NO TAXES WEARS NO MASK HAS NO CONSCIENCE,HARASSMENT,,ENGLISH
harmeme_covid_memes_2564,covid_memes_2564.png,"COVID19 STRONGLYDENIED INFECTING ME BESIDES, IT SAYSİM BRILLIANT FOR TELLING PEOPLE NOT TO WEAR MASKS.",HARASSMENT,,ENGLISH
harmeme_covid_memes_2565,covid_memes_2565.png,"YO FE to DACK VIES- RATIOR 10 +22 One protester even stuck a Trump mask to the wall, giving him a toothbrush mustache, the same style worn by Adolf Hitler, and writing inside a speech bubble: 1 like scat sex'",HARASSMENT,,ENGLISH
harmeme_covid_memes_2575,covid_memes_2575.png,YOU DON'T WANTA MASK? TAKE THIS TIME Tr ESCENT?,HARASSMENT,,ENGLISH
harmeme_covid_memes_2975,covid_memes_2975.png,"Okilled 3000 New Yorkers during 911 Hold my beer. Ikilled 30,000 New Yorkers AMERICAN CRISIS and wrote a book! LEADERSHIP LESSONS FROM THE COVID-19 PANDEMIC ANDREW CUOMO ON SALE OCTOBER 13, 2020 imgflip.com",HARASSMENT,,ENGLISH
harmeme_covid_memes_2063,covid_memes_2063.png,"NBC NEWS NOW He +hinks +his is +he Corona covrona- ""Extra virus RESINATET UNIT EAL e NBC NEWS SPECIAL REPORT LIVE PRESIDENT TRUMP DECLARES NATIONAL EMERGENCY NBC NEWS VAVA Mark Allen @MarkAll14843373 STATE",HARASSMENT,,ENGLISH
harmeme_covid_memes_2076,covid_memes_2076.png,People Who Invented Vaccine MPOKYPATVP ABTOHOMHOT ECTIVERINE Puin Who Only Announced Vaceine,HARASSMENT,,ENGLISH
harmeme_covid_memes_3087,covid_memes_3087.png,"MORE KIDS DIED WITH MY VIRUS. WIN ME FLU 60.8 MILLION CASES MY MEDIA CODDLED ME LIKE A LITTLE BABY. 18.306 DEATHS CNN SAID 1,700 DEATHS BEFORE I ID ANYTHING . NOTHING!",HARASSMENT,,ENGLISH
harmeme_covid_memes_2094,covid_memes_2094.png,"LIVE BREAKING NEWS PUTIN HAS ASKED COVID19 TO STOP Virus after entering Russia: We were bad, but now we re good",HARASSMENT,,ENGLISH
harmeme_covid_memes_3100,covid_memes_3100.png,"Hello, My Name Is Adam Schiff I'm The Chairman Of The House Intelligence Committee. I Was Receiving Briefings About What Was Going On In China In Regards To The Wuhan Virus, But Chose To Ignore Them So I Could Concentrate On Impeaching President Trump For Crimes I Made Up.",HARASSMENT,,ENGLISH
harmeme_covid_memes_2142,covid_memes_2142.png,Whole world to Putin: *Putin Vaccine Well done putin. i'm so proud of you Vaccine Vaccine,HARASSMENT,,ENGLISH
harmeme_covid_memes_2147,covid_memes_2147.png,LP LP LP LP LP LP LP LP LP LP LP LP trump roasting biden for LP LP LP LP covid 19 wearing mask LP LP LP LP,HARASSMENT,,ENGLISH
harmeme_covid_memes_2149,covid_memes_2149.png,"JadedKushner - Supernatural Wisdom-PARODY @JarradKushner Choose your fighter. 6:02 PM Jul 11, 2020 · Twitter for iPad © JarradKushner/Twitter >",HARASSMENT,,ENGLISH
harmeme_covid_memes_2152,covid_memes_2152.png,"TRUMP SAYS HE WON'T WEAR A FACE MASK, DESPITE THE CDC'S RECOMMENDATION GUESS HE THINKS IT WOULD MAKE HIM LOOK STUPID imgflip.com",HARASSMENT,,ENGLISH
harmeme_covid_memes_2155,covid_memes_2155.png,"""IWONT WEAR A MASK, I HAVE TO MEET KINGS AND QUEENS AND DICTATORS"" MAYBE THE KING OF NAURU imgflip.com",HARASSMENT,,ENGLISH
harmeme_covid_memes_2156,covid_memes_2156.png,WHAT DONALD TRUMP LOOKS LIKE UNDER HIS MASK,HARASSMENT,,ENGLISH
harmeme_covid_memes_2157,covid_memes_2157.png,"TRUMP TRIED TO GET AWAY WITH ONLY WEARING HIS MASK WHEN THE PRESS WASN'T AROUND. SOMEONE FROM TMZ WAS AROUND, THOUGH. imgflip.com",HARASSMENT,,ENGLISH
harmeme_covid_memes_2159,covid_memes_2159.png,TRUMP WORE A MASK! ATH WE HATE MASKS NOW! imgflip.com,HARASSMENT,,ENGLISH
harmeme_covid_memes_2160,covid_memes_2160.png,"I DON'T ALWAYS WEAR A MASK TRUM P INT ERSI TY YOUARE BIG LOSERS BLEACH BUT WHEN I DO, I MAKE SURE 'IT'S LIES' AND NOT THE KINDA OF MASK THAT CAN PROTECT OTHERS FROM CORONAVIRUS imgflip.com",HARASSMENT,,ENGLISH
harmeme_covid_memes_2163,covid_memes_2163.png,"instituted among Mon, deriving the verned That Form any e end the Righ People te a y such Koaly MASK RIGHT HERE Ma deriving the Sernment form,a lence, as I HAVE A over instituted among any Form e ends, it is the Rigie Pecple to al verned, That vrnment, lay such form as IDON'T WEAR Tover A MASK LĪKE HIM ence, G truth tlesilent. that al nen e crtdyual that they are endend by thi Gater with ertein unaoe Rhu, th Llrty and the pnit Gernnonte re inatituted emeng Mon. there are structive efthe end iti A e ar Instituto r layiny ita fundetion en pe in aurh firman te then ahllom lyt Happanan. hudenc infol wil EVERY TIME I SEE HIM HE'S GOT A MASK WORn trutha to kl/ evident. that all mon a creutid oyual that they are LI Liny and the punnit of Hoprinan - istituti Gen layiny ita feom ndetion HE SHOWS UP WITH THE BIGGEST MASKI HAVE EVER SEEN COVID-19 POSITIVE imgflip.com",HARASSMENT,,ENGLISH
harmeme_covid_memes_2164,covid_memes_2164.png,I'M AMERICA'S RECKONING,HARASSMENT,,ENGLISH
harmeme_covid_memes_2167,covid_memes_2167.png,Republicans when Trump returned to the White House and then proceeded to make a speech where he took off a mask in some kind of statement I'm somehow embarrassed and proud of you at the same time.FOX,HARASSMENT,,ENGLISH
harmeme_covid_memes_2168,covid_memes_2168.png,Quarantined William LeGate @williamlegate The real reason Trump doesn't want to wear a face mask: (via @HoodlumRIP) 8:34 AM · 4/4/20 · Twitter for iPhone,HARASSMENT,,ENGLISH
harmeme_covid_memes_3190,covid_memes_3190.png,Impeachment Failed Release the virus,HARASSMENT,,ENGLISH
harmeme_covid_memes_2169,covid_memes_2169.png,"THINK ABOUT THIS: DONALD TRUMP, WHO AVOIDED THE MILITARY DRAFT 5 TIMES, SAID ON WEDNESDAY THAT AMERICANS WHO DON'T ""WANT TO FIGHT FOR OUR COUNTRY"" CAN LEAVE.",HARASSMENT,,ENGLISH
harmeme_covid_memes_2170,covid_memes_2170.png,The only mask Trump will wear,HARASSMENT,,ENGLISH
harmeme_covid_memes_3325,covid_memes_3325.png,Youlobe wuhantchinahwuhanvinus XI Arping waa fimed drycoughing today. 1.OK ren The Supreme Leader is dead.,HARASSMENT,,ENGLISH
harmeme_covid_memes_2171,covid_memes_2171.png,"Trump: ""Biden, you always got that big ass mask on when I see you Corona: ...and I took that personally",HARASSMENT,,ENGLISH
harmeme_covid_memes_2172,covid_memes_2172.png,"O Nicole O @queencolee Getting on Twitter to see that Trump AND Melania caught COVID GIF GIFULMINATION.COM 12:00 PM Oct 2, 2020 O 1 4 See the latest COVID-19 information on Twitter",HARASSMENT,,ENGLISH
harmeme_covid_memes_2173,covid_memes_2173.png,"ashley seashore Oeashore @GretaThunberg will probably win a Nobel one of these days but in the meantime here's a meme. I would roast you, but I'm an environmentalist so l'm opposed to burning trash.",HARASSMENT,,ENGLISH
harmeme_covid_memes_2174,covid_memes_2174.png,The. Guardian Eminem criticises non-mask wearers on new rap track 1 day ago AP Associated Press Trump wears mask in public for first time during pandemic 4 hours ago Coincidence I THINK NOT,HARASSMENT,,ENGLISH
harmeme_covid_memes_2175,covid_memes_2175.png,"He's been wearing one this whole time ""It's like wearing nothing at all."" $1999 TRUMP FACE MAS K adam.the.cre",HARASSMENT,,ENGLISH
harmeme_covid_memes_2176,covid_memes_2176.png,HOUSE WA Dr. Fauci unveils a mask that could save millions of lives!,HARASSMENT,,ENGLISH
harmeme_covid_memes_2178,covid_memes_2178.png,Trump said this mask will protect me from Covid-19 meme-arsenalru,HARASSMENT,,ENGLISH
harmeme_covid_memes_2179,covid_memes_2179.png,"I LOVE IT WHEN WE'RE IN BED AND HE SAYS ""PUT THE DONALD TRUMP MASK ON""",HARASSMENT,,ENGLISH
harmeme_covid_memes_2180,covid_memes_2180.png,Glad to see that Spirit Halloween has masks to help you dress as Trump AND Hillary! Tshuon SERIAL KIR CowN DAIN aincaraluineR17 Iranm.co,HARASSMENT,,ENGLISH
harmeme_covid_memes_2181,covid_memes_2181.png,WHAT DONALD TRUMP LOOKS LIKE UNDER HIS MASK,HARASSMENT,,ENGLISH
harmeme_covid_memes_2182,covid_memes_2182.png,Donald Trump wears a face mask in public for the first time A he dumb vuS deriers,HARASSMENT,,ENGLISH
harmeme_covid_memes_2183,covid_memes_2183.png,CAFEDOTCOM Donald Trump straight up looks exactly like the moon from Majora's Mask.,HARASSMENT,,ENGLISH
harmeme_covid_memes_2184,covid_memes_2184.png,"NoelCaslerComedy @CaslerNoel Trump wears lifts in his shoes, a girdle, Depends, a fake tan and a dead ferret on his head while standing like a drunk centaur as he tours the Ford Factory. But he won't wear a mask because he thinks it would make him look stupid.",HARASSMENT,,ENGLISH
harmeme_covid_memes_2,covid_memes_2.png,... DISBANDING PANDEMIC TEAM CALLING COVID19 A HOAX DOWNPLAYING SEVERITY THE HEALTH OF THE ENTIRE US POPULATION TRUMP ADMINISTRATION (adultswim.com) WHY WOULD CHINA DO THIS? tatultswim.com),HARASSMENT,,ENGLISH
harmeme_covid_memes_2185,covid_memes_2185.png,MASKS ARENT FOR YOUR PROTECTION THEY'RE A SIGN OF YOUR SUBMISSION,HARASSMENT,,ENGLISH
harmeme_covid_memes_2188,covid_memes_2188.png,"TRUMP SAID, LOOK, I HAVE MY MASK RIGHT HERE IN MY POCKET le Ai y THE MASK WORKED WELL, HIS POCKET TESTED NEGATIVE FOR COVID-19 nplip.com",HARASSMENT,,ENGLISH
harmeme_covid_memes_2190,covid_memes_2190.png,Donald Trump ol moon from The Legend of Zelda: Majora's Mask lookin' ass.,HARASSMENT,,ENGLISH
harmeme_covid_memes_2193,covid_memes_2193.png,"AUSE Oh, will you quit whining about it already? I'm wearing a mask. vou happy now?",HARASSMENT,,ENGLISH
harmeme_covid_memes_2200,covid_memes_2200.png,willitv Tant I HAVE A MASK RIGHT HERE I DONT WEAR A MASK LIKE HIM EVERY TIME I SEE HIM HE'S GOT A MASK HE SHOWS UP WITH THE BIGGEST MASKI HAVE EVER SEEN COVID-19 POSITIVE,HARASSMENT,,ENGLISH
harmeme_covid_memes_2201,covid_memes_2201.png,TRUMP SUPPORTERS WON'T BE CONVINCED BECAUSE THEY ONLY SUPPORT HIM WHEN HE SAYS WHAT THEY ALREADY BELIEVE,HARASSMENT,,ENGLISH
harmeme_covid_memes_2206,covid_memes_2206.png,TRUMP MASKS SELLING OUT Donald Trump's win has sparked an unlikely boom in Japan: Trump masks. They're helping to lighten the mood.,HARASSMENT,,ENGLISH
harmeme_covid_memes_2208,covid_memes_2208.png,VP PENCE ORDERED FLU MASK FOR TRUMP RALLYS mramemeory,HARASSMENT,,ENGLISH
harmeme_covid_memes_2212,covid_memes_2212.png,"If The Mask Fits... CEES O.K, O.K., I wear the maskt don toma Bramhal caton.)",HARASSMENT,,ENGLISH
harmeme_covid_memes_2225,covid_memes_2225.png,"Karl Ke enda YOU SAY YOU AREA PATRIOT THE FACT YOU WON'T WEAR A MASK TO SAVE AMERICAN LIVES DETERMINES THAT IS A LIE, L2000-Termer noid",HARASSMENT,,ENGLISH
harmeme_covid_memes_2226,covid_memes_2226.png,"THINK ABOUT THIS: DONALD TRUMP, WHO AVOIDED THE MILITARY DRAFT 5 TIMES, SAID ON WEDNESDAY THAT AMERICANS WHO DON'T ""WANT TO FIGHT FOR OUR COUNTRY"" CAN LEAVE.",HARASSMENT,,ENGLISH
harmeme_covid_memes_2229,covid_memes_2229.png,SHT HUGE HEDZ CRY BABY MASK Trump masks are pretty popular at the Halloween stores this уear.,HARASSMENT,,ENGLISH
harmeme_covid_memes_2230,covid_memes_2230.png,"THROUGHOUT MY LIFE, MY TWO GREATEST ASSETS HAVE BEEN MENTAL STABILITY AND BEING, LIKE, REALLY SMART",HARASSMENT,,ENGLISH
harmeme_covid_memes_2232,covid_memes_2232.png,EXECUTIVE ORDER WATCH MORE BASEBAL,HARASSMENT,,ENGLISH
harmeme_covid_memes_2234,covid_memes_2234.png,"Hunterdon Uncensored ... 23 Can you believe this man!? Trump is GREAT for setting an example and NOT wearing a mask these days. If Jesus were here today, he'd not wear a mask either. ASIADNECOM Pope wears mask, warns against political exploitation of coronavirus Jesus wouldnt wear a mask stunning",HARASSMENT,,ENGLISH
harmeme_covid_memes_2235,covid_memes_2235.png,TRUMP 2020 D TASKS MASKS,HARASSMENT,,ENGLISH
harmeme_covid_memes_2240,covid_memes_2240.png,"Donald J. Trump OrealDonaldTrump Ivanka Trump @lvankaTrump ""disrespecting our Country & our Flag"" ""Patriots"" Posted in oPolticalHunor by ubGFUCKThEworldos reddir",HARASSMENT,,ENGLISH
harmeme_covid_memes_2241,covid_memes_2241.png,"THE BEST THING ABOUT TRUMP IS THE WORST THING ABOUT TRUMP, HE'S SO INCREDIBLY TERRIBLE HE DOESNT WEAR A MASK LIKE MOST POLITICIANS DO. THIS MAKES IT SO THAT MOST PEOPLE, THE ONES WHO HAVENT DRANK THE TRUMP-AID, CAN NOT ONLY SEE HIM FOR WHO HE IS, BUT THAT THE WHOLE DAMN SYSTEM IS CORRUPTED AND NEEDS A SERIOUS OVERHAUL.",HARASSMENT,,ENGLISH
harmeme_covid_memes_2248,covid_memes_2248.png,CAMERA OFF AND IT'S WEEKEND! MASK OFF MAYBE THIS IS WHY TRUMP DOES NOT BOTHER WITH MASKS? mg,HARASSMENT,,ENGLISH
harmeme_covid_memes_2251,covid_memes_2251.png,Hi-Ho Virus! AWAY!,HARASSMENT,,ENGLISH
harmeme_covid_memes_2252,covid_memes_2252.png,This Trump mask looks like Hitler from the back,HARASSMENT,,ENGLISH
harmeme_covid_memes_2256,covid_memes_2256.png,"LONE RANGER: Muthafucka how?? TRUMP: I hod a mesk on. I sort of liked the way I looked, OK. I thought it was OK It was a dark black mask, and I thought it looked OK. It looked like the Lene Ranger FOM TRUMP TO PAN MONE HANE SEEN ME WEARING A MASK DOW 25,833 39",HARASSMENT,,ENGLISH
harmeme_covid_memes_2258,covid_memes_2258.png,DONALD TRUMP WALL COP,HARASSMENT,,ENGLISH
harmeme_covid_memes_2267,covid_memes_2267.png,Very realistic Trump mask seen at Bayside near Port Miami,HARASSMENT,,ENGLISH
harmeme_covid_memes_2268,covid_memes_2268.png,HEY YOU GUYS!,HARASSMENT,,ENGLISH
harmeme_covid_memes_2269,covid_memes_2269.png,Chuck Norris started wearing a mask I think we can start to PANIC !,HARASSMENT,,ENGLISH
harmeme_covid_memes_2272,covid_memes_2272.png,"act tv IF THE CORONAVIRUS HAD BEEN A POTENTIAL WITNESS IN HIS IMPEACHMENT TRIAL, MAYBE DONALD TRUMP WOULD HAVE DONE MORE TO STOP IT.",HARASSMENT,,ENGLISH
harmeme_covid_memes_2274,covid_memes_2274.png,"A MASKED CAREER CRIMINAL IS SEEN ENTERING A VETERANS HOSPITAL CUTLERY COUNTED AFTERWARDS, NONE STOLEN.",HARASSMENT,,ENGLISH
harmeme_covid_memes_2275,covid_memes_2275.png,Donald trump doesn't have the credentials to be pr- DONALD J TRUMP INDUCTED INTO THE GAMING HALL OF FAME A Dude Payday 2 finally has th Trump mask. Fuckin lit -Seth,HARASSMENT,,ENGLISH
harmeme_covid_memes_2276,covid_memes_2276.png,KNOW WHO WEARS MASKS? BANDITS. AND HERESAPIC OF TRUMP ROBBING DEMOCRATS OF A 2020 WIN,HARASSMENT,,ENGLISH
harmeme_covid_memes_2279,covid_memes_2279.png,"HERMANGAIN.WHATWEGONNA DOR NJECT HIM WITH THEWUHAN FLU tellechual Duck Web te Repyng toHEHemanCan Pay Taunp games, win Trump prions Herman Cain @THEHermanCain Masks will not be mandatory for the event, which will be attended by President Trump. PEOPLE ARE FED UP!",HARASSMENT,,ENGLISH
harmeme_covid_memes_3870,covid_memes_3870.png,"Donald J. Tru. Tonight, GFLOTUS and i tested positive for COVID-19. We will begin our quarantine and recovery process immediately. We wil get through Dct 2, 2020 this TOGETHER TRUMP'S GOTTA GO00000 Gisitrealysin BUT.ITS A HOAX AND WILL MAGICALLY DISAPPEAR! CAN YOU SAY.CLOROX? 621 AM Oct 2, 2020 O 1.3K O 81 people are Tweelin",HARASSMENT,,ENGLISH
harmeme_covid_memes_2281,covid_memes_2281.png,"No, No, Eric.there's isn't any coronavirus face mask shortage. fake news, fake news.yours is in the mail.",HARASSMENT,,ENGLISH
harmeme_covid_memes_4081,covid_memes_4081.png,LAS VEGAS MAYOR WANTS TO REOPEN SAYS DEATH IS A PART OF LIFE ab13 IF THEY DIE THEY DIE,HARASSMENT,,ENGLISH
harmeme_covid_memes_2282,covid_memes_2282.png,VIRUS RESEARCH BREAKTHROUGH MASKS PROTECT AGAINST MORON-73,HARASSMENT,,ENGLISH
harmeme_covid_memes_4134,covid_memes_4134.png,DR. FAUCI ANNOUNCES A NEW MASK THAT WILL SAVE THOUSANDS OF LIVES,HARASSMENT,,ENGLISH
harmeme_covid_memes_2283,covid_memes_2283.png,QANON CONSPIRATORS BECAUSE TRUMP DIDN'T SUPPORT FACE MASKS TRUMP PUBLICLY SUPPORTS WEARING MASKS THEEN SYBOL OF TYAY QANON CONSPIRATORS THINKING REALITY RESPONSE TO TRUMP ITS REVERSE PSYCHOLOGY SUPPORTING FACE MASKS CRUX. TRUMP FINALLY WEARS THE DEMOCRATS ARE GOING TO SAY MASKS ARE BAD NOW FACE MASK IN PUBLIC,HARASSMENT,,ENGLISH
harmeme_covid_memes_2284,covid_memes_2284.png,"GUESS I SHOULD HV WORN A MASK WHO FARTED, WAS IT YOU?",HARASSMENT,,ENGLISH
harmeme_covid_memes_2285,covid_memes_2285.png,YOU DON'T HAVE TO BE A BRAIN SURGEON TO WEAR A MASK,HARASSMENT,,ENGLISH
harmeme_covid_memes_2286,covid_memes_2286.png,"Eight long years we hoped for change, and finally we got it First Lady Melania Trump makes even a mask look better than it should!",HARASSMENT,,ENGLISH
harmeme_covid_memes_2289,covid_memes_2289.png,DON'T LIKE TO WEARA MASK GOVA Red Kidney Bea Frijoles Colorado GOVA PREMUEM TRUMP HAS THE SOLUTION,HARASSMENT,,ENGLISH
harmeme_covid_memes_2292,covid_memes_2292.png,"THE MASK FITS EVERONE, THEY SAID Recy AGA IT WILL COVER YOUR WHOLE FACE THEY SAID Anonymous troops roll out to attack Donald Trump: The Donald",HARASSMENT,,ENGLISH
harmeme_covid_memes_2294,covid_memes_2294.png,Inspirational Quote Tear off the mask. Your face is glorious. Rumi,HARASSMENT,,ENGLISH
harmeme_covid_memes_2296,covid_memes_2296.png,"Trump: Can I get past Biden: What's the password Trump: I don't know Biden: Losers says what Trump: What Obama: JOE 45, 173 0609 AM l 20",HARASSMENT,,ENGLISH
harmeme_covid_memes_2297,covid_memes_2297.png,DON'T LET COVID TAKE OVER YOUR LIVES! DONT LET COVID TAKE YOUR LIFE! WEAR A DAMN MASK!,HARASSMENT,,ENGLISH
harmeme_covid_memes_2299,covid_memes_2299.png,This Trump mask looks like Hitler from the back,HARASSMENT,,ENGLISH
harmeme_covid_memes_2300,covid_memes_2300.png,323 MILLION PEOPLE IN THE US AND THEY BRING IT DOWN TO THIS,HARASSMENT,,ENGLISH
harmeme_covid_memes_2302,covid_memes_2302.png,"SEE, CRY-BABY? THAT DID NOT HURT THAT MUCH!",HARASSMENT,,ENGLISH
harmeme_covid_memes_2303,covid_memes_2303.png,Bright Star Lyrics Or gazing on the new soft fallen mask John Keats,HARASSMENT,,ENGLISH
harmeme_covid_memes_2304,covid_memes_2304.png,"Dorald 1. Trump O abonalatrunp - Jul waeUnted nour efort to detat the nesble China Vina and many people ay that a i Fatriotie to wer atace ma wen yoa ay acanos. There nobody more Panionic than re 11 DAYS LATER WELL THAT DIDNT LAST LONG NO MASK, NO SOCIAL DISTANCING. JUST MORE LIES",HARASSMENT,,ENGLISH
harmeme_covid_memes_2305,covid_memes_2305.png,MAGic Eci A Sheteh scmy DONALD TRUMP'S NEW SOCIAL MEDIA PLATFORM,HARASSMENT,,ENGLISH
harmeme_covid_memes_2306,covid_memes_2306.png,Trump Announces CDC Mask Guidelines But Says He Probably Won't Follow Them,HARASSMENT,,ENGLISH
harmeme_covid_memes_2310,covid_memes_2310.png,"In Home Alone 2, Trump tells Macaulay Culkin to get the fuck out of his hotel unless he can find himself an N95 mask and practice better social distancing.",HARASSMENT,,ENGLISH
harmeme_covid_memes_4213,covid_memes_4213.png,"meg slay, sec of antita Greameglay Trump's doctors prescribing hydroxychloroquine and disinfectant for Covid-19. HTrumpHasCovid helth 0G AM Oct 2, 2000 Teitter for Android",HARASSMENT,,ENGLISH
harmeme_covid_memes_2312,covid_memes_2312.png,"M NADLER CHAIRMAN Jerry Nadler introduces bill to denouce Trump for not wearing a mask. In related news, Nadler says his eyebrows and forehead have tested negative for COVID-19",HARASSMENT,,ENGLISH
harmeme_covid_memes_2314,covid_memes_2314.png,ACCUSES TRUMP OF A PHOTO-OP PHONVBASTARDS,HARASSMENT,,ENGLISH
harmeme_covid_memes_2315,covid_memes_2315.png,ALL MAJOR REPUBLICAN FIGURES FROM COAST TO COAST NOW WANT YOU TO WEAR MASKS FOX W WITH ONE EXCEPTION. FIGURES. BURG,HARASSMENT,,ENGLISH
harmeme_covid_memes_2317,covid_memes_2317.png,TRUMP FACE MASK GOGGLES,HARASSMENT,,ENGLISH
harmeme_covid_memes_2318,covid_memes_2318.png,VOTE FOR ME AND HONE OF THE TOP ONE-TENTH OF 1% RICHEST PEOPLE IN THE COUNTRYWILL BE HARMEDI,HARASSMENT,,ENGLISH
harmeme_covid_memes_2319,covid_memes_2319.png,"HAPPY BIRTHDAY AND BELIEVE ME, NO ONE CAN WISH YOU A BETTER HAPPY BIRTHDAY THAN ME",HARASSMENT,,ENGLISH
harmeme_covid_memes_2320,covid_memes_2320.png,You stole my COVID-19 face mask! You weren't using it! Zahra te.com,HARASSMENT,,ENGLISH
harmeme_covid_memes_2321,covid_memes_2321.png,CAN'T LOSE THE COUNTRY'S NEXT ELECTION IF THERE IS NO COUNTRY,HARASSMENT,,ENGLISH
harmeme_covid_memes_2322,covid_memes_2322.png,Wear a Mask and MINE and Save Your ASS,HARASSMENT,,ENGLISH
harmeme_covid_memes_2324,covid_memes_2324.png,"The Electoral College electing Trump is unfair! Says the party that used ""super delegates"" to select Hillary.",HARASSMENT,,ENGLISH
harmeme_covid_memes_2326,covid_memes_2326.png,"TRUMP 2020-DONATE TO OUR CAMPAIGN, GET THIS MASK SHOW YOUR PRIDE BY WEARING IT IT PUBLIC",HARASSMENT,,ENGLISH
harmeme_covid_memes_2328,covid_memes_2328.png,"""Can't you see Trump's a liar?"" Trump supporter: I can't see fuckin' shit outta this thing.",HARASSMENT,,ENGLISH
harmeme_covid_memes_2329,covid_memes_2329.png,IF TRUMP HAD SLAPPED HIS FACE ON MASK WOULD THE CORONAVIRUS BE OVER BY NOW ngico,HARASSMENT,,ENGLISH
harmeme_covid_memes_2330,covid_memes_2330.png,TRUMP FINALLY WEARS A MASK makeemeorg,HARASSMENT,,ENGLISH
harmeme_covid_memes_2332,covid_memes_2332.png,And the Darwin Award (Honorable Mention) goes to: This Joker No Morals No Mask ingfio.com,HARASSMENT,,ENGLISH
harmeme_covid_memes_2333,covid_memes_2333.png,Trump: say make America Great Again! Baby: whatever helps you mask your racist agenda carrot face Trump: what Baby: goo goo ga ga? HONE RUMP ENTIAL AKER This baby woke af Fake Baby Memes,HARASSMENT,,ENGLISH
harmeme_covid_memes_2335,covid_memes_2335.png,MAYBE IF HE HADN'T TESTED HE WOULDN'T HAVE IT,HARASSMENT,,ENGLISH
harmeme_covid_memes_2336,covid_memes_2336.png,REGENERON TRUMPS HAVING TO TAKE IT IN THE BUM BECAUSE HE WOULDNT WEAR HIS MASK,HARASSMENT,,ENGLISH
harmeme_covid_memes_2337,covid_memes_2337.png,Donald J. Trump @realDonaldTrunp Fuck it mask off Great song,HARASSMENT,,ENGLISH
harmeme_covid_memes_2339,covid_memes_2339.png,ving per the vern comes sple nd to NO NEED TO WEAR A MASK WHEN YOUR WIFE CAN WEAR OÑE FOR YOU.,HARASSMENT,,ENGLISH
harmeme_covid_memes_2340,covid_memes_2340.png,"TRUMP DOESN'T WANT TO WEAR A MASK BECAUSE HE THINKS HE'LL LOOK FOOLISH IT'S WAY TOO LATE, DIPSH'T",HARASSMENT,,ENGLISH
harmeme_covid_memes_2342,covid_memes_2342.png,HE DOESNT WANT HIS SPRAY-ON TANTO RUB OFF ON IT I GUARANTEE IT Ever wonder why Trump never wears a mask?,HARASSMENT,,ENGLISH
harmeme_covid_memes_2344,covid_memes_2344.png,GOOD THING TRUMP DEREGULATED THINGS I MIGHT GET RE-ELECTED,HARASSMENT,,ENGLISH
harmeme_covid_memes_2346,covid_memes_2346.png,"MAKE AMERICA GREAT AGAIN BY SPREADING COVID SERIOUSLY, YOU HAD ONE JOB.",HARASSMENT,,ENGLISH
harmeme_covid_memes_2349,covid_memes_2349.png,hengyytoy.en.alibaba.com The Frog Pepe Latex Comic Meme Frog Trump Mask Prom Masks Prom Masks .,HARASSMENT,,ENGLISH
harmeme_covid_memes_2350,covid_memes_2350.png,MAKE AMERICA GREAT AGAIN PA LOCK HIM UP!,HARASSMENT,,ENGLISH
harmeme_covid_memes_2371,covid_memes_2371.png,"DAINT WEARING NO SISSY MASK! TRUMP SAYS IT'S ""NOT PRESIDENTIAL"". makeameme.cg",HARASSMENT,,ENGLISH
harmeme_covid_memes_2372,covid_memes_2372.png,NOVEMBER 3.2020. EVICTION NOTICE IS COMING,HARASSMENT,,ENGLISH
harmeme_covid_memes_2373,covid_memes_2373.png,NEWS REPORTERS KEEP ASKING TRUMP WHY HE DOESN'T ISSUE A FEDERAL MASK MANDATE HAS IT OCCURED TO ANY OF THESE REPORTERS THATA FEDERAL MASK MANDATE REQUIRES FEDERAL POLICING TO ENFORCE THE MANDATEP,HARASSMENT,,ENGLISH
harmeme_covid_memes_2374,covid_memes_2374.png,"Biden: These memes are just an illusory escape from the public's feelings of utter powerlessness and uncertainty right now Obama: Joe. 2.171 3,796 tat AM",HARASSMENT,,ENGLISH
harmeme_covid_memes_2375,covid_memes_2375.png,STOPWHINING. TRUMP IS CLINICALLY INSANE AND THE PRESS SEES THE TRUTH.,HARASSMENT,,ENGLISH
harmeme_covid_memes_2378,covid_memes_2378.png,I HAVE A MASK RIGHT HERE I WEAR A MASK WHEN NEEDED,HARASSMENT,,ENGLISH
harmeme_covid_memes_2380,covid_memes_2380.png,BLINDED BY THE RIGHT REVVED UP LIKE A DEUCE,HARASSMENT,,ENGLISH
harmeme_covid_memes_2381,covid_memes_2381.png,Breaking News: Trump agrees to heed CDC advice and wear a mask.,HARASSMENT,,ENGLISH
harmeme_covid_memes_2382,covid_memes_2382.png,GAG ORDER I FIND YOUR LACK OF GAFFES DISTURBING,HARASSMENT,,ENGLISH
harmeme_covid_memes_2383,covid_memes_2383.png,THIS IS DONALD TRUMP UNDER HIS MASK makeamemearg,HARASSMENT,,ENGLISH
harmeme_covid_memes_2385,covid_memes_2385.png,Remember when Trump made fun of my giant mask Then he said don't talk to me about smart,HARASSMENT,,ENGLISH
harmeme_covid_memes_2390,covid_memes_2390.png,I'M AMERICA'S RECKONING,HARASSMENT,,ENGLISH
harmeme_covid_memes_2392,covid_memes_2392.png,"THE WI ""WEAR A MASK WHETHER YOU LIKE IT OR NOT IT'S ABOUT PATRIOTISM"" SILVIEW.media",HARASSMENT,,ENGLISH
harmeme_covid_memes_2396,covid_memes_2396.png,This Trump mask looks like hitler from the back Runny.co,HARASSMENT,,ENGLISH
harmeme_covid_memes_2397,covid_memes_2397.png,Gazzillion Ear Lyrics Wear a mask like yo off the Gong Show MF DOOM,HARASSMENT,,ENGLISH
harmeme_covid_memes_2406,covid_memes_2406.png,ITOLD YOU TO WEAR A DAMN MASK!,HARASSMENT,,ENGLISH
harmeme_covid_memes_2407,covid_memes_2407.png,I DON'T NEED A MASK 曲 THE E HOUSE THE WHITE HOUSE WASHINGTON I TALK OUT OF MY ASS,HARASSMENT,,ENGLISH
harmeme_covid_memes_2411,covid_memes_2411.png,"musiC FBAND 'How do you do, fellow kids?",HARASSMENT,,ENGLISH
harmeme_covid_memes_2412,covid_memes_2412.png,no. biden wear a ma- wears one ngtia.com,HARASSMENT,,ENGLISH
harmeme_covid_memes_2413,covid_memes_2413.png,"TRUMP, CAREFULLY CLOSING THE STALL DOOR AFTER THE HORSES ESCAPED.",HARASSMENT,,ENGLISH
harmeme_covid_memes_2417,covid_memes_2417.png,SEPERATED AT BIRTH,HARASSMENT,,ENGLISH
harmeme_covid_memes_2423,covid_memes_2423.png,"TRUMP -2020- KEEP AMERICA GREAT IF WE ALL START WEARING THIS MASK, I WONDER HOW LONG BEFORE THE ""EXPERTS ""SAY WE NO LONGER NEED THEM?",HARASSMENT,,ENGLISH
harmeme_covid_memes_2434,covid_memes_2434.png,trump roasting biden for cóvid wearing mask cov 19,HARASSMENT,,ENGLISH
harmeme_covid_memes_2440,covid_memes_2440.png,When you clean the area so good that the only trash left is you Shit in the streets,HARASSMENT,,ENGLISH
harmeme_covid_memes_2443,covid_memes_2443.png,"TRUMP ITS JUSTA FLU, NOTHING TO WORRY ABOUT. TRUMP: MASKS ARE INEFFECTIVE TRUMP: HYDROKYCHLOROQUINE AND INIECTING DISINFECTANTS WILL CURE THE VIRUSI ALSO (STILL REFUSE TO WEARA MASK TRUMPGETS TESTED POSITIVE FOR COVID LARMA ISAB bom",HARASSMENT,,ENGLISH
harmeme_covid_memes_2447,covid_memes_2447.png,DID YOU KNOW THAT DARTH VADER HATES TRUMP? HE WEARS A MASK.,HARASSMENT,,ENGLISH
harmeme_covid_memes_2453,covid_memes_2453.png,"""MANY PEOPLE SAY-THAT IS IS PATRIOTIC TO WEAR A MASK WHEN YOU CAN'T SOCIALLY DISTANCE"" ""THERE IS NOBODY, MORE PATRIOTIC THAN ME, YOUR FAVORITE PRESIDENT!"" well take it Maint much, but but",HARASSMENT,,ENGLISH
harmeme_covid_memes_2455,covid_memes_2455.png,Trump Finally Takes Off his Mask in Des Moines,HARASSMENT,,ENGLISH
harmeme_covid_memes_2459,covid_memes_2459.png,Trump not using mask Brazílian president not taking the vaccine because he doesn't want to turn into an alligator,HARASSMENT,,ENGLISH
harmeme_covid_memes_2461,covid_memes_2461.png,SO PRIVATE BUSINESS HAVE BANNED PRESIDENT TRUMP! AT AGAIN DAMN I HATE CAPITALISM!,HARASSMENT,,ENGLISH
harmeme_covid_memes_2462,covid_memes_2462.png,"DON'T LISTEN TO DONALD, I DON'T. LISTEN TO THE DOCTORS, I DO. WEAR A MASK, WASH CHANDS OFTEN, AND KEEPASAFE SOCIAL DISTÁNCE BE BESTI in o",HARASSMENT,,ENGLISH
harmeme_covid_memes_2464,covid_memes_2464.png,DO YOU WANNA BUILD A WALL?,HARASSMENT,,ENGLISH
harmeme_covid_memes_2465,covid_memes_2465.png,IM NOTWEARING A MASK FOR MY PROTECTION AND I'M DEFINITELY NOT WEARING A MASK FOR YOUR PROTECTION!,HARASSMENT,,ENGLISH
harmeme_covid_memes_2474,covid_memes_2474.png,"Sorry, Not Sorry UnmincedWords",HARASSMENT,,ENGLISH
harmeme_covid_memes_2476,covid_memes_2476.png,"""An act of modern piracy': A mask shipment from 3M bound for Germany was reportedly diverted to the US THE WHITE HOUSE Aye aye captain trump",HARASSMENT,,ENGLISH
harmeme_covid_memes_2477,covid_memes_2477.png,WALKS IN THE STREETS WITH A DONALD TRUMP MASK ON INTERNATIONAL WOMEN'S DAY Bad Luck Brian Meme - Imgflip,HARASSMENT,,ENGLISH
harmeme_covid_memes_2478,covid_memes_2478.png,"TRUMP ""STOP TRYING TO MAKE FACE MASKS HAPPEN, CAUSE ITS NOT GOING TO HAPPEN",HARASSMENT,,ENGLISH
harmeme_covid_memes_2482,covid_memes_2482.png,Donald J. Trun PRO LIFE! VOTE 48 4K Donald J. Trump MASSIVE REGULATION CUTS VOTE 82K Donald J. Trump O SPACE FORCE. VOoTE! 270K Donald J. Trump DEST VA EVER 91% APPE,HARASSMENT,,ENGLISH
harmeme_covid_memes_2484,covid_memes_2484.png,"THANK YOU, MR. PRESIDENT, FOR WEARING YOUR MASK IN 20",HARASSMENT,,ENGLISH
harmeme_covid_memes_2485,covid_memes_2485.png,HOW TRUMP SUPPORTERS PUT ON FACE MASKS WHICH EXPLAINS WHY THEY HATE THEM,HARASSMENT,,ENGLISH
harmeme_covid_memes_2486,covid_memes_2486.png,WEAR A MASK WEAR A MASK,HARASSMENT,,ENGLISH
harmeme_covid_memes_2487,covid_memes_2487.png,Johnny Depp ripping off his trump mask,HARASSMENT,,ENGLISH
harmeme_covid_memes_2489,covid_memes_2489.png,ANIKAN FETCH ME MY TRUMP MASK ND E A THANK YO WRIT NOTE TO VLADI,HARASSMENT,,ENGLISH
harmeme_covid_memes_2490,covid_memes_2490.png,WHEN BIDEN WINS THE ELECTION AND TAKES OFF HIS MASK SURPRISE!,HARASSMENT,,ENGLISH
harmeme_covid_memes_2491,covid_memes_2491.png,"O Nicole o eaurencolee Getting on Twitter to see that Trump AND Melania caught COID 12:00 PM Cet 2, 2020 O1 $ See the latest COVID-19 information on Twitter",HARASSMENT,,ENGLISH
harmeme_covid_memes_2492,covid_memes_2492.png,"Biden: Ok here's the plan: have you seen Home Alone Obama: Joe, no Biden: Just one booby trap Obama: Joe 908 2.023",HARASSMENT,,ENGLISH
harmeme_covid_memes_2496,covid_memes_2496.png,WHAT IF THE REAL REASON PRESIDENT TRUMP DOESN'T WEARA FACE MASK IS BECAUSE HE KNOWS THAT COVID-19 WAS A BOTCHED 2019 FLU SHOT THAT IS KILLING THOUSANDS WORLDWIDE AND PRESIDENT TRUMP IS A AN ANTIVAXXER.,HARASSMENT,,ENGLISH
harmeme_covid_memes_2499,covid_memes_2499.png,"I DON'T ALWAYS WEAR 'A MASK TRUMP VERSITRY LEACH BUT WHEN I DO, I MAKE SURE 'ITS LIES' AND NOT THE KINDA OF MASK THAT CAN PROTECT QTHERS FROM CORONAVIRUS",HARASSMENT,,ENGLISH
harmeme_covid_memes_2501,covid_memes_2501.png,"Eily randwin eciupg The White House praising Trump's mask wearing is like a parent praising their potty training toddler. ""Donny wore a mask ""Now, can Donny make a boom boom in the potty?"" Brad Parscale e @parscale #AmericaFirst",HARASSMENT,,ENGLISH
harmeme_covid_memes_2502,covid_memes_2502.png,"THE J"" IN DONALD J. TRUMP STANDS FOR JENIUS.",HARASSMENT,,ENGLISH
harmeme_covid_memes_2506,covid_memes_2506.png,WELL IGOT COVID STILL NOT WEARINGA FACE MASK mas,HARASSMENT,,ENGLISH
harmeme_covid_memes_2507,covid_memes_2507.png,Tom WEAR A MASK Wiliams temwidanil Thank you Jonathan Swan for giving us such great meme material,HARASSMENT,,ENGLISH
harmeme_covid_memes_2508,covid_memes_2508.png,WHO WORE IT BEST ?,HARASSMENT,,ENGLISH
harmeme_covid_memes_2509,covid_memes_2509.png,THE COMMISSION ON PRESIDENTIAL DEBATES ANNOUNCES THAT MASKS WILL BE MANDATORY AT THE NEXT TWO DEBATES.,HARASSMENT,,ENGLISH
harmeme_covid_memes_2512,covid_memes_2512.png,Trump has been advised by his staff to wear a mask,HARASSMENT,,ENGLISH
harmeme_covid_memes_2514,covid_memes_2514.png,YOU'RE NOW AT ODDS WITH TRUMP ON THIS CONGRATULATIONS,HARASSMENT,,ENGLISH
harmeme_covid_memes_2515,covid_memes_2515.png,"Then he asked why Joe, a private citizen, didn't declare a mask mandate",HARASSMENT,,ENGLISH
harmeme_covid_memes_2516,covid_memes_2516.png,CHINA CREATED THIS VIRUS IN A LAB. WAKE UP YOU SHEEPI ALSO COVID-19 IS A HOAX! F'CK WEARING A MASK YOU SHEEP,HARASSMENT,,ENGLISH
harmeme_covid_memes_2520,covid_memes_2520.png,"When they told Trump to wear mask for the CDC photograph, they weren't nearly specific enough.",HARASSMENT,,ENGLISH
harmeme_covid_memes_2521,covid_memes_2521.png,"WHATEVER YOU ARE, BE A GOOD ONE. IF NOT NOW, WHEN? IF NOT US, WHO? YOUR VOICE CAN INJECT YOURSELVES CHANGE THE WORLD WITH DISINFECTANT",HARASSMENT,,ENGLISH
harmeme_covid_memes_2522,covid_memes_2522.png,Trump has been advised by his staff to wear a mask boredpanda.com,HARASSMENT,,ENGLISH
harmeme_covid_memes_2523,covid_memes_2523.png,I'M NOT WEARING A MASK FOR MY PROTECTION COUNDI AND I'M DEFINITELY NOT WEARING A MASK FOR YOUR PROTECTION!,HARASSMENT,,ENGLISH
harmeme_covid_memes_2525,covid_memes_2525.png,Donald J. Trump O @realDo. 34m STOP THE COUNT! 101.1K t7 128K 183.3K The fuck did I do!?,HARASSMENT,,ENGLISH
harmeme_covid_memes_2528,covid_memes_2528.png,CANADA AUSTRALIA GERMANY FRANCE MEANWHILE IN AMERICA,HARASSMENT,,ENGLISH
harmeme_covid_memes_2531,covid_memes_2531.png,"LIVE CAMPNIGN RALLY IN SARASOTA, FLORIDA UMP Sarasota Fairgrounds UMP PENCE ROAD rO TH WHITE HOUSE CSPAN Test TRUMP s80a2 Sarasotaa, Florida",HARASSMENT,,ENGLISH
harmeme_covid_memes_2533,covid_memes_2533.png,Trump mask looks like Hitler if you flip it around,HARASSMENT,,ENGLISH
harmeme_covid_memes_2535,covid_memes_2535.png,"CHRIS WALLACE CRITICIZES TRUMP FAMILY FOR NOT WEARING MASKS, THE 'LESSON' IS 'WEAR THE DAMN MÁSK LIVE Vox PRESIDENT TRUMP TESTS POSITIVE FOR COVID-19 NEWS mrcV",HARASSMENT,,ENGLISH
harmeme_covid_memes_2536,covid_memes_2536.png,"Biden caught red-handed Lusing a teleprompter HIS HARIS FLORIDA BID HAR FLORIDA BID HARR ""Ok, I lost that line.""",HARASSMENT,,ENGLISH
harmeme_covid_memes_2541,covid_memes_2541.png,"MASKS ARE A MIND CONTROL DEVICE FROM THE SOCIALIST,COMUNIST,OBAMAIST AND MUSLIMIST.",HARASSMENT,,ENGLISH
harmeme_covid_memes_2542,covid_memes_2542.png,TELL ME AGAIN HOW FACE MASKS ARE JUST A POLITICAL MOVEMENT AGAINST TRUMP. COVID-19 A HOAX YOU SAY mghocom,HARASSMENT,,ENGLISH
harmeme_covid_memes_2543,covid_memes_2543.png,JESUS WOULDWEARA MASK DONALD TRUMP IS NOT JESUS,HARASSMENT,,ENGLISH
harmeme_covid_memes_2548,covid_memes_2548.png,Brandon Potts 18h ở Walking to her car from dollar store. Was knocked out for wearing a Trump mask,HARASSMENT,,ENGLISH
harmeme_covid_memes_2549,covid_memes_2549.png,"IF YOU NEED TO LEAVE THE HOUSE TO GET GROCERIES, FUCK TRUMP THIS MASK WILL DECREASE YOUR CHANCES OF GETTING COVID-19 FROM A VIRUS DENIER.",HARASSMENT,,ENGLISH
harmeme_covid_memes_2551,covid_memes_2551.png,TRUMPTARD FACE MASKS,HARASSMENT,,ENGLISH
harmeme_covid_memes_2554,covid_memes_2554.png,MAKE AMERICA HATE AGAIN TRUMPSTERS CAN FINALLY WEAR THEIR MASKS IN PUBLIC!,HARASSMENT,,ENGLISH
harmeme_covid_memes_2555,covid_memes_2555.png,THE WHITE IHOU AT THIS POINT I WOULD FEEL SAFER IF THE CORONAVIRUS GAV PRESS CONFERENCE ABOUT HOV IT'S GOING TO SAVE US FROM TRUMP.,HARASSMENT,,ENGLISH
harmeme_covid_memes_2556,covid_memes_2556.png,"I BET IF YOU TELL TRUMP THAT IF HIS SUPPORTERS DONT WEAR MASKS THEY WILL BE TOO SICK OR DEAD AND UNABLE TO VOTE FOR HIM, HE WOULD PASS A MASK LAW",HARASSMENT,,ENGLISH
harmeme_covid_memes_2558,covid_memes_2558.png,WEAR A MASK PRESIDENT DUMBASS,HARASSMENT,,ENGLISH
harmeme_covid_memes_2559,covid_memes_2559.png,"For the indecisive voter, Ipresent to you, ""Clump",HARASSMENT,,ENGLISH
harmeme_covid_memes_2561,covid_memes_2561.png,HEY TRUMPIYOU CAN TAKE OFF YOUR MASK NOW,HARASSMENT,,ENGLISH
harmeme_covid_memes_2562,covid_memes_2562.png,"REFUSES TO WEAR A MASK. TRUM CAUSE IT MAKES HER LOOK ""SILLY!",HARASSMENT,,ENGLISH
harmeme_covid_memes_2563,covid_memes_2563.png,"TRUMP SAYS HE WON'T WEAR A FACE MASK, DESPITE THE CDC'S RECOMMENDATION GUESS HE THINKS IT WOULD MAKE HIM LOOK STUPID",HARASSMENT,,ENGLISH
harmeme_covid_memes_2571,covid_memes_2571.png,Trump said this mask will protect me from Covid-19,HARASSMENT,,ENGLISH
harmeme_covid_memes_2572,covid_memes_2572.png,"Trump You don't tug on Supermon's cope; You don't spit in the wind; You don't pull the mosk off the ole Long Ranger; and, You don't mess oround with John AMERICANGA NEWSX Jordan y Leland Shouldn't have dissed a war hero, draft dodger. [LK] Follow us American News X",HARASSMENT,,ENGLISH
harmeme_covid_memes_2573,covid_memes_2573.png,Ziwe Follow comedy and tragedy 12:58 PM - 24 May 2017 + 23 117 v 457,HARASSMENT,,ENGLISH
harmeme_covid_memes_2577,covid_memes_2577.png,The reason Trump agreed to wear a mask,HARASSMENT,,ENGLISH
harmeme_covid_memes_2579,covid_memes_2579.png,"213,000 Americans died because Donald Trump refused to be honest with the American people.",HARASSMENT,,ENGLISH
harmeme_covid_memes_2581,covid_memes_2581.png,WAAAAAAAAAHHHHHI I DON'T WANNA WEAR A MASK!,HARASSMENT,,ENGLISH
harmeme_covid_memes_2585,covid_memes_2585.png,EHong Man That derivi VI the Riah the I have a mask right here!,HARASSMENT,,ENGLISH
harmeme_covid_memes_2586,covid_memes_2586.png,"""Ill order you a Trump mask so you can make her cum for once.""",HARASSMENT,,ENGLISH
harmeme_covid_memes_2587,covid_memes_2587.png,"PLEASE PACK MY RALLY'S AND SUPPORT BACK TO WORK PROTESTS! REMEMBER, NO MASKS, NO GLOVES AND HUG AND KISS YOUR FELLOW PROTESTERS! makeameme.org",HARASSMENT,,ENGLISH
harmeme_covid_memes_2588,covid_memes_2588.png,"WE HAD THE LOWEST BLACK UNEMPLOYMENT NUMBERS IN HISTORY. NO JOE, THAT WAS TRUMP. WE CREATED OPPORTUNITY ZONES IN COMMUNITIES WITH HIGH LEVELS OF POVERTY. NO JOE, THAT WAS TRUMP WE RESTORED AND INCREASED FUNDING TO HISTORICAL BLACK COLLEGES AND UNIVERSITIES. NO JOE, THAT WAS TRUMP. WE REFORMED THE CRIME BILL I WROTE AND SPONSORED IN 1994. NO JOE, THAT WAS TRUMP. MAN, THAT GUY IS A RACIST. icnoflip.com A TrumpArea.comO",HARASSMENT,,ENGLISH
harmeme_covid_memes_2589,covid_memes_2589.png,"When they told Trump to wear a mask for the CDC photograph, they weren't nearly specific enough.",HARASSMENT,,ENGLISH
harmeme_covid_memes_2590,covid_memes_2590.png,"Go Ahead Trump, Don't Wear a Mask! meme-generator.com",HARASSMENT,,ENGLISH
harmeme_covid_memes_2591,covid_memes_2591.png,@dezirae29 Trump: *says the virus is fake* Covid: I know more about wind than you do. ..and I took that personally Corporate needs you to find the differences between this picture and this picture.,HARASSMENT,,ENGLISH
harmeme_covid_memes_2592,covid_memes_2592.png,"Donald Trump Jr. O June 30 at 5:35 PM : •.. Solid point. This is what virologist wear to protect themselves from a virus. Don't worry, though. Your bandana probably works, too.",HARASSMENT,,ENGLISH
harmeme_covid_memes_2593,covid_memes_2593.png,Trump: doesn't wear mask COVID-19:,HARASSMENT,,ENGLISH
harmeme_covid_memes_2594,covid_memes_2594.png,"THE CDC WANTS YOU TO WEAR A MASK IN PUBLIC. IT'S NOT ABOUT THE VIRUS, THEY'RE JUST TIRED OF LOOKING AT YOUR UGLY FACE. makeameme.org",HARASSMENT,,ENGLISH
harmeme_covid_memes_2595,covid_memes_2595.png,THIS IS DONALD TRUMP @_thebles UNDER HIS MASK makeameme.org,HARASSMENT,,ENGLISH
harmeme_covid_memes_2596,covid_memes_2596.png,trump roasting biden for covid wearing mask cov 19,HARASSMENT,,ENGLISH
harmeme_covid_memes_2597,covid_memes_2597.png,TRUMP FACE MASK GOGGLES makeameme.org,HARASSMENT,,ENGLISH
harmeme_covid_memes_2598,covid_memes_2598.png,"TRUMP FINALLYWEARS A MASK ""makeameme:org",HARASSMENT,,ENGLISH
harmeme_covid_memes_2599,covid_memes_2599.png,"nigrants, deport immigro ld a wall, never tax the",HARASSMENT,,ENGLISH
harmeme_covid_memes_2600,covid_memes_2600.png,Trump had been advised by his staff to wear a mask they weren't nearly specific enough. Calm Dog,HARASSMENT,,ENGLISH
harmeme_covid_memes_2601,covid_memes_2601.png,YOU WEAR A MASK! YOU WEAR A MASK! IM NOT WEARINGA MASK makeameme.org,HARASSMENT,,ENGLISH
harmeme_covid_memes_2602,covid_memes_2602.png,My sunburnt ass Literally anyone trying to offer me sunscreen,HARASSMENT,,ENGLISH
harmeme_covid_memes_2806,covid_memes_2806.png,Government: Work from home Government: Work from home Donald Trump: Homeless People: A,HARASSMENT,,ENGLISH
harmeme_covid_memes_3033,covid_memes_3033.png,Wash your hands like you're washing Jason Mamoa,HARASSMENT,,ENGLISH
harmeme_covid_memes_3106,covid_memes_3106.png,"""MY FELLOW AMERICANS, CAN YOU SPARE A SQUARE?"" A FUTURE TO BELIEVE IN BERNIE: 'WE MUST SEIZE THE MEANS OF TOILET PAPER PRODUCTION",HARASSMENT,,ENGLISH
harmeme_covid_memes_3260,covid_memes_3260.png,Percy Altright SAorignlercy Boris Johnson policy gathering pace #Coronavirusoutbreak BorisResign GIF,HARASSMENT,,ENGLISH
harmeme_covid_memes_3274,covid_memes_3274.png,2020 WUHAN VIRUS PANDEMIC THANK GOD I LOST! makeameme.org,HARASSMENT,,ENGLISH
harmeme_covid_memes_3277,covid_memes_3277.png,STAY TUNED BECAUSE AFTER THE BREAK WORLD NEWS WE SPEAK WITH LEADING VIRUS EXPERT KAREN FROM FACEBOOK,HARASSMENT,,ENGLISH
harmeme_covid_memes_3279,covid_memes_3279.png,"THIS QUACK, AN ARCHITECT OF OBAMA CARE. RECKONS THE CORONA VIRUS SHUTDOWN WILL GO ON FOR AT LEAST 18 MONTHS MORE. HE DOES NOT REALISE THAT HIM AND HIS KIND WILL NOT BE ON THIS EARTH THAT LONG. AND WE CANT WAIT FOR 75% UNEMPLOYMENT.",HARASSMENT,,ENGLISH
harmeme_covid_memes_3302,covid_memes_3302.png,"China officials knew of coronavirus in December, ordered cover-up, report says WORLD OWES CHINA ""GRATITUDE AND RESPECT FOR CORONAVIRUS RESPONSE",HARASSMENT,,ENGLISH
harmeme_covid_memes_14,covid_memes_14.png,TAKING CORONAVIRUS SERIOUSLY& ISTENING TO PUBLIC HEALTH EXPERTS GOLF AND CAMPAIGN RALLIES PAID FOR BY AB PAC. NOT AUTHORIZED BY ANY CANDIDATE OR CANDIDATE'S CAMPAIGN COMMITTEE. imgflip .com,HARASSMENT,,ENGLISH
harmeme_covid_memes_3408,covid_memes_3408.png,CHUCK NORRIS HAS BEEN EXPOSED TO THE CORONAVIRUS MAN THE VIRUS IS NOW IN QUARANTINE FOR THE NEXT TWO WEEKS,HARASSMENT,,ENGLISH
harmeme_covid_memes_3413,covid_memes_3413.png,Shaan Rasul Keswani Vissal Storyteller March 20 at PM On great more bad news When you open another COVID-19 MASSMAIL from President Tim Killeen and Chancellor Jones AM READY TO GET HURT AGÅIN.,HARASSMENT,,ENGLISH
harmeme_covid_memes_3429,covid_memes_3429.png,PUTTING PENCEINCHARGEOF CORONAVIRUSIS TRRESPONSIBLE BECAUSBHE LITERALLYDOES NOT BELIEVBINSCIENCE STATUS LELE UNLIKE ME WHO HAS MODERN SOLUTIONS TO MODERN PROBLEMS,HARASSMENT,,ENGLISH
harmeme_covid_memes_3486,covid_memes_3486.png,Sagar Osagarcasm Nov 2 Me I want to open a new account SBl employee: What's your name? Me Harshad Mallya Sal employee:,HARASSMENT,,ENGLISH
harmeme_covid_memes_3616,covid_memes_3616.png,m Sama you may dhe the Corona Virus. Were meant to die from dlimate change,HARASSMENT,,ENGLISH
harmeme_covid_memes_3628,covid_memes_3628.png,CHUCK NORRIS HAS BEEN EXPOSED TO THE CORONAVIRUS MAN THE VIRUS IS NOW IN QUARANTINE FOR THE NEXT TWO WEEKS,HARASSMENT,,ENGLISH
harmeme_covid_memes_3653,covid_memes_3653.png,"HOW TO KILL THE CORONOVIRUS. Hey Hillary, I hear the Coronavirus is going to testify against you.",HARASSMENT,,ENGLISH
harmeme_covid_memes_3670,covid_memes_3670.png,"DONT WORRY, AMERave to stay in youe hosett ME: Fuck you Ineed some dic Covid 19 Memes CORONAVIRUS IS NOTHING COMPARED TO WINDMILL CANCER! Quates Hus",HARASSMENT,,ENGLISH
harmeme_covid_memes_3678,covid_memes_3678.png,I WANTYOU TO DIE for our ECONOMY OPEN AMERICA TODAY!,HARASSMENT,,ENGLISH
harmeme_covid_memes_3689,covid_memes_3689.png,TRUMP AND HIS FOLLOWERS DEMANDED THAT WE OPEN AMERICA BACK UP IN THE MIDDLE OF A PANDEMIC COVID-19 MEMES AND NOW THE SECOND WAVE OF COVID-19 IS COMING!,HARASSMENT,,ENGLISH
harmeme_covid_memes_3705,covid_memes_3705.png,LUKASO LARAEO3 -IN THE MORNING- 1051,HARASSMENT,,ENGLISH
harmeme_covid_memes_3708,covid_memes_3708.png,Imagine Lee Hsien Loong trying to hold in a normal cough during his COVID-19 address tonight SGAG,HARASSMENT,,ENGLISH
harmeme_covid_memes_3711,covid_memes_3711.png,I killed Saddam Hussein I killed Osama Bin Laden I killed Qassem Soleimani Iklled the world's economy Cand we created/ and shipped Covid-191,HARASSMENT,,ENGLISH
harmeme_covid_memes_3719,covid_memes_3719.png,WEVE GOT NO FOOD WEVE GOT NO JOBS ANGEL MORONI'S TRUMPET IS FALLING OFF!,HARASSMENT,,ENGLISH
harmeme_covid_memes_3727,covid_memes_3727.png,"FINALLY GETS A DATE AFTER 6 MONTHS, WITH A HOT ASIAN WOMAN. COVID 19 OUTBREAK 3 MILES DOWN THE ROAD.",HARASSMENT,,ENGLISH
harmeme_covid_memes_3833,covid_memes_3833.png,"DID HE REALLYSAY ""INJECT A DISINFECTANT""",HARASSMENT,,ENGLISH
harmeme_covid_memes_3839,covid_memes_3839.png,NEVER TRAVEL WITH TOM HANKS his ship got hijacked his plane crashed he got stuck at airport stranded on an island AND NOW HAS COVID-19,HARASSMENT,,ENGLISH
harmeme_covid_memes_3851,covid_memes_3851.png,"TFW the October Surprise is the doctor saying, ""Sorry, sir, but you've tested positive for coronavirus""",HARASSMENT,,ENGLISH
harmeme_covid_memes_3852,covid_memes_3852.png,Sco KAREN AND THE GİRLS DURING COVID-19 KAPWING,HARASSMENT,,ENGLISH
harmeme_covid_memes_4235,covid_memes_4235.png,"DiscussingFim 'Home Alone 2: Lost In New York' star Donald Trump has tested positive for COVID-19. (Source: @roaiDonaldTrump) T4Z AM Oct 2, 2000 - Twiter lor Pens 10.4K Retweets 1.SK Ouate Tweets 4GK Lkes",HARASSMENT,,ENGLISH
harmeme_covid_memes_4287,covid_memes_4287.png,Dan Za This is an opportunity for President Trump to test out his new revolutionary treatments for COVID-19. StrumplasCovid ped,HARASSMENT,,ENGLISH
harmeme_covid_memes_4294,covid_memes_4294.png,"elle spooky era DAZIDEUPHORIA *trump saying covid is a hoax"" trump after testing positive for covid: # TrurmpHasCovid So that was a fucking lre. 1251 AM-Oct 2, 2000- Twitter for Phone",HARASSMENT,,ENGLISH
harmeme_covid_memes_4300,covid_memes_4300.png,CHUCK NORRIS HAS BEEN EXPOSED TO THE CORONAVIRUS MAN THE VIRUS IS NOW IN QUARANTINE FOR THE NEXT TWO WEEKS,HARASSMENT,,ENGLISH
harmeme_covid_memes_4357,covid_memes_4357.png,"emissthugger Trump tested positive for Covid-19 and I am pretty sure the Simpson's have never lieda#TrumpHasCovid 12:52 AM Det 2, 2020 Twitter for IPhone",HARASSMENT,,ENGLISH
harmeme_covid_memes_4417,covid_memes_4417.png,khou.cem HINI Virus COVID 19 EiS. CASES US CASES 6oS MILAJON 6 MILLION - PANIC LEVEL- ZERO - PANICLENEA.- MASS HYSTIRIA CINA BLAMED- TRUMP BLAMED-,HARASSMENT,,ENGLISH
harmeme_covid_memes_4462,covid_memes_4462.png,DONALD TRUMP CURRENT COVID-19 PANDEMIC TIGER KING PARDON,HARASSMENT,,ENGLISH
harmeme_covid_memes_4516,covid_memes_4516.png,"Colin Snoka Trump after receiving his Covid diagnosis: El Arroys WELL, WELL, WELL, IF IT ISN'T THE CONSEQUENCES OF MY OWN ACTIONS 134 AM-Oc2, 1000 Twer ter Phon",HARASSMENT,,ENGLISH
harmeme_covid_memes_4526,covid_memes_4526.png,TChalaHDR Trump: Covid is a Democratic Hoax Covid:,HARASSMENT,,ENGLISH
harmeme_covid_memes_5079,covid_memes_5079.png,MODI JI RIGHT NOW SUMMER IS COMING AND IAM STRUCK IN INDIA.,HARASSMENT,,ENGLISH
harmeme_covid_memes_5219,covid_memes_5219.png,When You Can't Go To Different Countries Anymore.,HARASSMENT,,ENGLISH
harmeme_covid_memes_5395,covid_memes_5395.png,Spent a week without leaving India.,HARASSMENT,,ENGLISH
harmeme_covid_memes_5674,covid_memes_5674.png,"ANTHONY FAUCI DONALO TRUMP COVIO-19 BLACK MIRROR 2020 IT'S GONNA BE REALLY BEAUTIFUL""",HARASSMENT,,ENGLISH
harmeme_covid_memes_5676,covid_memes_5676.png,"YOU CAN'T GASLIGHT A PANDEMIC, DONALD. YOU CAN'T BULLY IT INTO COMPLIANCE, LIE TOIT AND HOPE IT WON'T RUN A FACT CHECK, PAY FOR ITS SILENCE OR PROMISE IMMUNITY. YOU CAN'T THREATEN ITS REELECTION BID IF IT BREAKS RANKS, FIRE IT WHEN IT DISSENTS, OR IMPUGN ITS CHARACTER WITH BASELESS ATTACKS. YOU CAN'T FOOL IT WITH TALK ABOUT GOD, BURY IT WITH FOXNEWS FLUFF PIECES, OR DROWN IT IN NATIONALISM. YOU CAN'T BULLSH*TA PANDEMIC-SO NOTHING YOU KNOW HOW TO DO WILL HELP YOU HERE.",HARASSMENT,,ENGLISH
harmeme_covid_memes_5677,covid_memes_5677.png,"Donald J. Trump CeDonaump Folowing ""@patrioticpepe: @realDonaldTrump ONLY TRUMP CAN UNITE AMERICA AND FIX OBAMA'S MISTAKES! #Trump2016 8,833 22,039 1120 PM-59 J2016",HARASSMENT,,ENGLISH
harmeme_covid_memes_5678,covid_memes_5678.png,Reddit after switching from among us memes to presidental debate memes to spooktober memes to trump covid-19 memes in 4 days Parkour!,HARASSMENT,,ENGLISH
harmeme_covid_memes_5680,covid_memes_5680.png,"TRUMP'S COVID-19 RESPONSE: PRIORITIZE HIS EGO OVER OUR LIVES We're ordering a lot of supplies, we're ordering a lot of-uh, a lot of-",HARASSMENT,,ENGLISH
harmeme_covid_memes_5681,covid_memes_5681.png,Get off the phone Sean Jordan Fellow Trump's advisors right now. 4:17 AM -31 May 20LT + 3 400 1.459,HARASSMENT,,ENGLISH
harmeme_covid_memes_5682,covid_memes_5682.png,"USA TRUMP TRENDING TEXT TRUMPe e02 Deyton, Ohie",HARASSMENT,,ENGLISH
harmeme_covid_memes_5684,covid_memes_5684.png,MOUR Tapying te o I am sure Mike Lindel won't be sleeping very well tanight otus -lan 0 Twte wAp,HARASSMENT,,ENGLISH
harmeme_covid_memes_5685,covid_memes_5685.png,FAKE NEWS,HARASSMENT,,ENGLISH
harmeme_covid_memes_5687,covid_memes_5687.png,SteveAl Swaps in Racks the Block! Zombe Spawni Endeme Stepe trom the Shadew TRUMP Has the virus! as to th Posted in r/dankmemes reddin,HARASSMENT,,ENGLISH
harmeme_covid_memes_2362,covid_memes_2362.png,"TM LIKE THE LONE RANGER WHEN IT COMES TO PROTECTING MYSELF FROM CORONAVIRUS, IM ALL FOR MASKSI KEMO SABE.YOU'RE DOING IT WRONG!",HARASSMENT,,ENGLISH
harmeme_covid_memes_5688,covid_memes_5688.png,"Donild J. Trump GrealDonalatrump Tonight, @FLOTUS and I tested positive for COVID-19. We will begin our quarantine and recovery process immediately. We will get through this TOGETHER! 12:54 PM Oa2. 2020 Twitter tar Phane araher illi",HARASSMENT,,ENGLISH
harmeme_covid_memes_5694,covid_memes_5694.png,Dirkie They are ready for it TwoDictators 2:28 PM - Jun 11. 2018 O 16 2 See Dirkie's other Tweets,HARASSMENT,,ENGLISH
harmeme_covid_memes_5695,covid_memes_5695.png,AMERICA LEADS THE WORLD IN TESTING,HARASSMENT,,ENGLISH
harmeme_covid_memes_5699,covid_memes_5699.png,Mikel Jollett o OMikel Jollett I don't think people have fully digested this shocking fact: Coronavirus was discovered in the U.S. on the SAME DAY it was discovered in South Korea. They mobilized their entire society and it is now contained. Trump called it a hoax and it's now out of control.,HARASSMENT,,ENGLISH
harmeme_covid_memes_5701,covid_memes_5701.png,Mail-In Ballots Trump's Second Term,HARASSMENT,,ENGLISH
harmeme_covid_memes_5702,covid_memes_5702.png,"COVFEFE Jordan VanDina tet Follow Finally figured out what Bill Murray whispered in Scarlett Johansson's ear at the end of ""Lost in Translation"" #covfefe 4.29 AM - 31 May 2017 + 3 5,216 18,323",HARASSMENT,,ENGLISH
harmeme_covid_memes_5704,covid_memes_5704.png,When you're almost done picking teams in gym class,HARASSMENT,,ENGLISH
harmeme_covid_memes_5708,covid_memes_5708.png,Donald Trump reacts to the news that he's tested positive for COVID-19. #TrumpHasCovid GIF,HARASSMENT,,ENGLISH
harmeme_covid_memes_5709,covid_memes_5709.png,Chelsea Clinton @ChelseaClinton President Trump has left the U.S. dangerously underprepared to face a public health crisis like a #coronavirus outbreak. @devisridhar and I explain how via @CNN Lars Printzén @LarsPrintzen Feb 25 Replying to @ChelseaClinton @devisridhar and @CNN So far more people in the US have died trying to testify against you mother than has died from Corona Virus.,HARASSMENT,,ENGLISH
harmeme_covid_memes_5711,covid_memes_5711.png,0OTotallyBiased D Follow #covtefe is what Hillary does every time she speaks. 3:39 AM Jun 2017 * 3 63 25),HARASSMENT,,ENGLISH
harmeme_covid_memes_5712,covid_memes_5712.png,"ACCORDING TO DONALD TRUMP, COVID-19 WAS BRED BY CHINA COLIN POWELL IS ALREADY PREPARINGATES FOR THE PRESENTATION OF EVIDENCE TO THE UN",HARASSMENT,,ENGLISH
harmeme_covid_memes_5713,covid_memes_5713.png,TRUMP: CATCHES COVID HIS FIRST THOUGHT: IT'S HER FAULT!,HARASSMENT,,ENGLISH
harmeme_covid_memes_5716,covid_memes_5716.png,- MEMRI r TV You embody Hitler's mentality. Mr. Trump. Whenever I hear Trump talks about Covid-19,HARASSMENT,,ENGLISH
harmeme_covid_memes_5718,covid_memes_5718.png,"Joe Biden and the moderator locking at each now that #TrumpHasCavid and they just held the presidential debate: 10:32 AM Cet 2, 2020 O 102 & Seeuhhh""s other Tweets",HARASSMENT,,ENGLISH
harmeme_covid_memes_5719,covid_memes_5719.png,"As government checks go out remember this: if you accept the check, not only is Donald Trump your President... he is your sugar daddy now.",HARASSMENT,,ENGLISH
harmeme_covid_memes_5725,covid_memes_5725.png,"The Volaile Mermaid TFW you hear that Trump and Melania have COVID REALLY DON'T CARE DO UF 1237 AM-Oct 2, 2020 Twitter for Phanw",HARASSMENT,,ENGLISH
harmeme_covid_memes_5726,covid_memes_5726.png,The President's Improv Comedy Show Iwant to thank our great truckers for their sign of love and all my supporters who cheer for me every Sunday evening.,HARASSMENT,,ENGLISH
harmeme_covid_memes_5732,covid_memes_5732.png,"REMEMBER THIS Trump disbanded the U. S. Federal Pandemic Response Team, because Obama created it. WHEN YOU VOTE ON NOV. 3 OCCUPY OEMOCRAIS",HARASSMENT,,ENGLISH
harmeme_covid_memes_5735,covid_memes_5735.png,when world under attack USA at movies USA in real life THE WHITE HOUSE Trump suggests injecting disinfectant as treatment for coronavirus; criticised,HARASSMENT,,ENGLISH
harmeme_covid_memes_5736,covid_memes_5736.png,CNBC TRUMP'S CORONAVIRUS TASK FORCE HOLDS BRIEFING,HARASSMENT,,ENGLISH
harmeme_covid_memes_5739,covid_memes_5739.png,"DOWNPLAY, DENIAL & LIES: WH CONTINUES TO SAY THEY WERE ON TOP OF COVID-19; TRUMP TOUTS UNAPPROVED DRUG TO FIGHT CORONAVIRUS",HARASSMENT,,ENGLISH
harmeme_covid_memes_5741,covid_memes_5741.png,"WILLFUL NEGLIGENCE Trump received multiple advance warnings about the coronavirus from the intelligence community. He disregarded them, and acted slowly or not at all. Trump only believes Russian intelligence.",HARASSMENT,,ENGLISH
harmeme_covid_memes_5744,covid_memes_5744.png,"Bonald J. Tru. Tonight, BFLOTUS and I tested positive for COVID-19. We will begin our quarantine and recovery process immediately. We will get through this TOGETHER -Oct 2, 2020 TRUMP'S GOTTA GO00000 Bisitreallysin BUT.ITS A HOAX AND WILL MAGICALLY DISAPPEARI! CAN YOU SAY.CLOROX? 621 AM Oct 2. 2020 O 1.3K O 81 people are Tweetin.",HARASSMENT,,ENGLISH
harmeme_covid_memes_5745,covid_memes_5745.png,"Biden: can I use the Bat Signal Obama: Joe, I already told you I'm not Batman tperte Fotow Biden: Gotham needs you bpetop But Bor enevese yearesae o tpeter t w anteape n THi Y MY Oe Obama: please stop atexpert app egentider n nnbogn e cadange nobe vereevee eber",HARASSMENT,,ENGLISH
harmeme_covid_memes_5746,covid_memes_5746.png,IASSURE YOU IAM CLOSELY MONITORING THE COVFEFE OF COVID-19,HARASSMENT,,ENGLISH
harmeme_covid_memes_5747,covid_memes_5747.png,"alt_kellyanne Follow Stop trying to make #covfefe happen, Donald. 4:53 AM 31 May 2017 + t3 1.238 4,315",HARASSMENT,,ENGLISH
harmeme_covid_memes_5750,covid_memes_5750.png,THE MAA A 200 NEW KER,HARASSMENT,,ENGLISH
harmeme_covid_memes_5751,covid_memes_5751.png,PRESIDENT & MRS.TRUMP TEST POSITIVE FOR COVID-19 THE AMERICAN PEOPLE WISH THEM A SPEEDYRECOVERY,HARASSMENT,,ENGLISH
harmeme_covid_memes_5753,covid_memes_5753.png,PRESIDENT TRUMP'S Bpateln 17 idn't kill himealr COVID-19 CURE KILLS ARIZONA MAN!,HARASSMENT,,ENGLISH
harmeme_covid_memes_5754,covid_memes_5754.png,har atsta my Travene Danyavore - THE BEST ECLIPSE EVER!,HARASSMENT,,ENGLISH
harmeme_covid_memes_5755,covid_memes_5755.png,spotify me listening to music anadabout haw ads are annoying,HARASSMENT,,ENGLISH
harmeme_covid_memes_5759,covid_memes_5759.png,"When you use Twitter to announce that you have a deadly virus and it becomes one of the most liked tweets of all time Wasn't expecting that reaction, but OK",HARASSMENT,,ENGLISH
harmeme_covid_memes_5761,covid_memes_5761.png,Supreme leader sees the light in the balls Pee is stored,HARASSMENT,,ENGLISH
harmeme_covid_memes_5764,covid_memes_5764.png,"glabuchi lastrassi atole em O tadda pod wicome to yuh in jesus name o lard tek dis picknee ah urs hoff di eart o ladda Lerd mek di virus chakka chakka up im lungs dear fadda god yen god blesaings god wi send up praise and glery in jesua name. hamen O 1x dabuchi lastrasai abouk - 10 no more ""spooky season"" in keping k christian i need god to hear me ti 247 plabuchi lastrassi abo 20m Donald J. Trump O ojaboukie I'm not going to lie, this ""Rona"" in my body got me Down Bad. My Niggas worried! 2:42 PM - 3/12/20 Twitter for Phone",HARASSMENT,,ENGLISH
harmeme_covid_memes_5765,covid_memes_5765.png,Presde Obana HENI Va us oses 60 MILLION us deathe 12A Pane Totaily ch Presde tung cove-Ca us caes 12 us desthe 3 Panic levat M t a theigheneina With the statistics provided in the meme Obama's administration death rate for the outbreak that they dealt with was at around .02% and Trumps administration death rate for the outbreak is around 2%. Trump is literally doing 100 times worse than Obama was according to this meme.,HARASSMENT,,ENGLISH
harmeme_covid_memes_5767,covid_memes_5767.png,"aahiay share OGretaThunberg will probably win a Nobel one of these days but in the meantime here's a meme. I would roast you, but l'm an environmentalist so l'm opposed to burning trash.",HARASSMENT,,ENGLISH
harmeme_covid_memes_5768,covid_memes_5768.png,"The, Guardian thegardian.com 'A complete massacre, a horror film: inside Brazil's Covid disaster BOLSONARO = BRAZILIAN TRUMPI!",HARASSMENT,,ENGLISH
harmeme_covid_memes_5770,covid_memes_5770.png,Aliens watching season 2020 of Earth and Trump gets COVID-19,HARASSMENT,,ENGLISH
harmeme_covid_memes_5776,covid_memes_5776.png,TRUMP DEMOCRATIC COVID-19 HOAX. DEATHS EQUAL TO 3+ VIETNAMS makeameme.org,HARASSMENT,,ENGLISH
harmeme_covid_memes_5427,covid_memes_5427.png,"CRUX. CROANINGO ""It's irresponsible and it's dangerous': Experts rip Trump's idea of injecting disinfectant to treat COVID-19 Medical experts denounce Trump's latest 'dangerous' suggestion to treat Covid-19",HARASSMENT,,ENGLISH
harmeme_covid_memes_5423,covid_memes_5423.png,"Dezirae * @dezirae29 Trump: *says the virus is fake* Covid: and I took that personally 8:43 AM - Oct 2, 2020 43.3K 4 See the latest COVID-19 information on Twitter",HARASSMENT,,ENGLISH
harmeme_covid_memes_5433,covid_memes_5433.png,WHEN YOU'RE THE DOCTOR BUT HC EWS THE VILLAGE IDIOT IS GIVING MEDICAL ADVICE makeaneme.og,HARASSMENT,,ENGLISH
harmeme_covid_memes_5442,covid_memes_5442.png,CAUGHT COVID-19 STILL DIDN'T DO HIS JOB imgflip.com,HARASSMENT,,ENGLISH
harmeme_covid_memes_5424,covid_memes_5424.png,"TRUMP COVID19 SCENARIOS A) HE DIES: THE DEEP STATE INFECTED HIM B) HE RECOVERS:IT'S ALL A DEEP STATE HOAX COLD QANON I'm playing both sides, so that I always come out on top.",HARASSMENT,,ENGLISH
harmeme_covid_memes_5435,covid_memes_5435.png,LP LP LP LP LP LP LP LP LP LP LP LP trump roasting biden for LP LP LP LP covid 19 wearing mask LP LP LP LP,HARASSMENT,,ENGLISH
harmeme_covid_memes_5436,covid_memes_5436.png,IASSURE YOU I AM CLOSELY MONITORING THE COVFEFE OF COVID-19 imgflip.com,HARASSMENT,,ENGLISH
harmeme_covid_memes_5437,covid_memes_5437.png,DON'T PANIC PEOPLE! TRUMP WILL TWEET THE VIRUS AWAY imgflip.com,HARASSMENT,,ENGLISH
harmeme_covid_memes_5441,covid_memes_5441.png,IF COVID-19 WASA PERSON imgflip.com,HARASSMENT,,ENGLISH
harmeme_covid_memes_5447,covid_memes_5447.png,DONALD TRUMP CURRENT COVID-19 PANDEMIC TIGER KING PARDON,HARASSMENT,,ENGLISH
harmeme_covid_memes_5449,covid_memes_5449.png,Trump said this mask will protect me from Covid-19 meme-arsenalru,HARASSMENT,,ENGLISH
harmeme_covid_memes_5450,covid_memes_5450.png,Me Trump with covid19 Is this karma?,HARASSMENT,,ENGLISH
harmeme_covid_memes_5464,covid_memes_5464.png,"Gmisstugger Trump tested positive for Covid-19 and I am pretty sure the Simpson's have never lieda#TrumpHasCovid 12:52 AM Oct 2, 2020 Twitter for IPhone",HARASSMENT,,ENGLISH
harmeme_covid_memes_5480,covid_memes_5480.png,"DON'T WORRY, AMERICA THE CORONAVIRUS IS NOTHING COMPARED TO WINDMILL CANCER! OCCUPY DEMOCRATS",HARASSMENT,,ENGLISH
harmeme_covid_memes_5508,covid_memes_5508.png,"COVID-19 GASES HAVE BEEN GROWING EXPONENTIALLY IN THE USAND TRUMP, IS MORE WORRIEDABOUT HOW MANY VIEWS HIS SPEECH IS GETTING BUT THAT'S NONE OF MY BUSINESS",HARASSMENT,,ENGLISH
harmeme_covid_memes_5510,covid_memes_5510.png,Do LIKE OYES O NO,HARASSMENT,,ENGLISH
harmeme_covid_memes_5445,covid_memes_5445.png,NOW THAT I HAVE TESTED POSITIVE FOR COVID-19 IT'S TIME TO TAKE mopa o THIS VIRUS SERIOUSLY imgflip.com,HARASSMENT,,ENGLISH
harmeme_covid_memes_5448,covid_memes_5448.png,"TRUMP 2 WEEKS AGO: ""The Coronavirus is a Democrat Hoax!"" TRUMP TODAY: ""I'm declaring the Coronavirus a National Emergency. TWIT GTheWeekinTrump",HARASSMENT,,ENGLISH
harmeme_covid_memes_5511,covid_memes_5511.png,"TRUTH INOT ""COVFEFE"" TRUTH AND CONSEGVENCES",HARASSMENT,,ENGLISH
harmeme_covid_memes_5512,covid_memes_5512.png,Den Ta r iterts pt (OBAMA) KICKED ME OUT mIMPLINVITED ME BACK,HARASSMENT,,ENGLISH
harmeme_covid_memes_5517,covid_memes_5517.png,Republican Party of Rock County 17h Lighten up WHY BIDEN NO GET VIRUS? HE SNIFF EVERYONE 1Comment - 6 Shares Comment A thare,HARASSMENT,,ENGLISH
harmeme_covid_memes_5519,covid_memes_5519.png,oey HE WANNA COUGH SO BAD SUSHYSSHGOHDHDHDHDHOHCHHOHDHDHDHDBHD HDIDHSHSHDHDHDHNSBSHDBSHSHJSHDJDHDJDJ,HARASSMENT,,ENGLISH
harmeme_covid_memes_5520,covid_memes_5520.png,THE DAILY SHOW TRUMP'S CRINGEY CORONAVIRUS ADDRESS,HARASSMENT,,ENGLISH
harmeme_covid_memes_5521,covid_memes_5521.png,TRUMP TESTS POSITIVE FOR THE CORONAVIRUS! THAT'S FAKE NEWS FOLKS! da.com,HARASSMENT,,ENGLISH
harmeme_covid_memes_5524,covid_memes_5524.png,LIGHT AND BLEACH INFUSEMENT THERAPY TRUMPING COVID-19 TOGETHER makearre arg,HARASSMENT,,ENGLISH
harmeme_covid_memes_5526,covid_memes_5526.png,"Randall Otis BRandloiTV Covid inside trump's body Damn, bitch, you live like this? 8:42 AM Oct 2, 2020 Twitter for iPhone",HARASSMENT,,ENGLISH
harmeme_covid_memes_5451,covid_memes_5451.png,DECLARES NATIONAL EMERGENCY OVER COVID-19 SHAKES PEOPLES HANDS AFTERWARDS ip co,HARASSMENT,,ENGLISH
harmeme_covid_memes_5530,covid_memes_5530.png,TRUMP SIGNING EXECUTIVE ACTIONS LIKE.,HARASSMENT,,ENGLISH
harmeme_covid_memes_5533,covid_memes_5533.png,Trump celebrating too early on election night is like,HARASSMENT,,ENGLISH
harmeme_covid_memes_5534,covid_memes_5534.png,"HAPPY BIRTHDAY MRS.SAILER PARTY LIKE THERE IS NO COVID-19, BUT DONT FORGET WASH YOUR HANDS:)",HARASSMENT,,ENGLISH
harmeme_covid_memes_5536,covid_memes_5536.png,His dream come true We are getting a McDonald's!,HARASSMENT,,ENGLISH
harmeme_covid_memes_5537,covid_memes_5537.png,"PRESIDENT OBAMA WAITED 4 1/2 MONTHS AFTER THE WHO DECLARED AN HINI PANDEMIC, BEFORE DECLARING HINT A NATIONAL EMERGENCY. TELL ME AGAIN PROGRESSIVES, ABOUT HOW SLOW PRESIDENT TRUMP HAS MOVED TO FIGHT COVID-19?",HARASSMENT,,ENGLISH
harmeme_covid_memes_5539,covid_memes_5539.png,COVID-19: Exists Trump: a o ea,HARASSMENT,,ENGLISH
harmeme_covid_memes_5540,covid_memes_5540.png,"IF JOE BIDEN WAS PRESIDENT, THOUSANDS WOULD BE DEAD FROM COVID-19 SINCE I'M PRESIDENT, THOUSANDS ARE SAVED. makeameme.org",HARASSMENT,,ENGLISH
harmeme_covid_memes_5541,covid_memes_5541.png,DON'T PANIC PEOPLE! TRUMP WILL TWEET THE VIRUS AWAY,HARASSMENT,,ENGLISH
harmeme_covid_memes_5542,covid_memes_5542.png,"12000 DIED OF HIN1 IN 2009 UNDER OBAMA WITH 275000 HOSPITALIZE President: Barak Obama Vice President: Joe Biden Senator: Bernie Sanders HINI Virus (Swine Flu) USA Cases: 60.8MILION USA Hospitalizations: 257,000 USA Deaths: 11,690 (1,180 children) Panic Level: Everybody is chill President: Donald Trump Corona Virus (covid 19) DO YOU RECALL THE MEDIA BLAMING OBAMA AS THEY ARE PRESIDENT TRUMP ABOUT 26 DEATHS FROM CORONA VIRUS USA Cases: 446 Cases USA Deaths: 19 Panic Level: MASS HYSTERIA Man",HARASSMENT,,ENGLISH
harmeme_covid_memes_5545,covid_memes_5545.png,Donald J. Trump erealDonalatrump Nervous Nancy's unhinged meltdown! Farron Cousinso menbeaced They dia it. they did the meme in real ife.,HARASSMENT,,ENGLISH
harmeme_covid_memes_5546,covid_memes_5546.png,Brad ©BcraigV trump: dOn'T bE aFrAiD oF covld. Also trump:,HARASSMENT,,ENGLISH
harmeme_covid_memes_5466,covid_memes_5466.png,HOUSE Dr. Fauci unveils a mask that could save millions of lives!,HARASSMENT,,ENGLISH
harmeme_covid_memes_5548,covid_memes_5548.png,When you insult Trump and people respond by spamming you with anti-Biden memes joke's on you i'm into that shit,HARASSMENT,,ENGLISH
harmeme_covid_memes_5550,covid_memes_5550.png,IF COVID-19 WASAPERSON,HARASSMENT,,ENGLISH
harmeme_covid_memes_5553,covid_memes_5553.png,tHaster Launch EECUTOON ORBER K38.348.3 PART ONE:RONCTTL PART THOI 7 :9 LAUNCH CONE: CO UFEFEL spuhuntress Osistntress y Follow #Covfefe When you get tricked into emailing the nuciear password to that Nigerian prince. 10:22 AM - 31 May 2017 * ta 324 864,HARASSMENT,,ENGLISH
harmeme_covid_memes_5554,covid_memes_5554.png,Trump got the most votes ever in favor of an impeachment. A record breaker!,HARASSMENT,,ENGLISH
harmeme_covid_memes_5557,covid_memes_5557.png,"Colin Snoka Trump after receiving his Covid diagnosis: El Arroys WELL, WELL, WELL, IF IT ISN'T THE CONSEQUENCES OF MY OWN ACTIONS 134 AM-Oc2, 1000 Twer ter Phon",HARASSMENT,,ENGLISH
harmeme_covid_memes_5562,covid_memes_5562.png,"Trump's Oklahoma rally can go ahead, court rules MAKE AMERIO GREAT AGAN ""Evil snicker",HARASSMENT,,ENGLISH
harmeme_covid_memes_5558,covid_memes_5558.png,"Donald J. Trump Thank youl witor comdaveschreber. Dave screiser ecawescaeoers Thews somach be hankti tor mgaing or POTUS Trumpt may teieve nis man vas teaven sent noroer to save ano protect temost pracioun, tenevoient andia am pensperus county ever God tenmandhs tuny COBAMA) KICKED ME OUT ITRUMPI INVITED ME BACK OS1K 94S P -Dnc 27, 201",HARASSMENT,,ENGLISH
harmeme_covid_memes_5559,covid_memes_5559.png,WHO WOULD WIN? DONALD TRUMP COVID-19,HARASSMENT,,ENGLISH
harmeme_covid_memes_5565,covid_memes_5565.png,"""We will eliminate Coronavirus by the end of October"" -Trump (2020) ""We will eliminate Trump by the end of October -Coronavirus (2020)",HARASSMENT,,ENGLISH
harmeme_covid_memes_5566,covid_memes_5566.png,The President of the United States is doing more to stop us from voting than he is to stop us from getting Covid 19.,HARASSMENT,,ENGLISH
harmeme_covid_memes_5560,covid_memes_5560.png,TRUMP'S ADMINISTRATION ANNOUNCED5 MILLION TEST KITS TO BE DELIVERED IN A MONTH A MONTH TOO LATE,HARASSMENT,,ENGLISH
harmeme_covid_memes_5577,covid_memes_5577.png,"Donald Trump's incompetence is becoming all too apparent. As of 2/29, he thinks there are 15 US cases of COVID-19. There are at least 64. Now one has died. And he thinks Mike Pence, who thinks prayer is the answer, will get this under control. It won't. Trump will be the hugest mass murderer ever.",HARASSMENT,,ENGLISH
harmeme_covid_memes_5587,covid_memes_5587.png,dis gon be trump tomorrow after they inject him with an experimental covid vaccine 1 AM Oct22000 Twner tor Phone,HARASSMENT,,ENGLISH
harmeme_covid_memes_5567,covid_memes_5567.png,"HYDROKYCHLOROQUINE 60% OF THE TIME, IT WORKS EVERYTIME",HARASSMENT,,ENGLISH
harmeme_covid_memes_5569,covid_memes_5569.png,"134 Ken Capelandis Wind of God REMIX - WTFARAHH Keny bey here is tack apnwitaew so L Conwet China unieashed a virui on the world. Make no mistake- their main objective was to bring dowen the United Stes and Pesident Donsid Trump by making us SICK. Every other country was collateraldamage. They knew it would criople us. Whether it was producedina lab, wtich i believe, or discovered and reproduced ina lubwhichia stalman made reproduction of it, a bio wartane and Chira should be blown att the mapi Communiem- welcome to Socialiomjust the saame. When all you Demoorats get sick, remember this is whet you wented. Al for the hate of a man who made this country preat. That is twisted and you al reed your heud enamre See Mane 13Coret IConne When will this olenging sit wake up again7 khad better be scon i anyone can da it, this presicert can Believe me vhen i tell you he's planning Vien Imere repy COVID-19, sounds like Trump 2020?",HARASSMENT,,ENGLISH
harmeme_covid_memes_5572,covid_memes_5572.png,"mountain mama (upockye OLucateero qanon trying to figure out if COVID is still a hoax now that trump got it 140 AM Det 2, 2020- Twitter tar Andioid",HARASSMENT,,ENGLISH
harmeme_covid_memes_5592,covid_memes_5592.png,TrumpMemes.net I got Saddam! I got bin Laden! I killed more than 150K Americans Presidential Records 30,HARASSMENT,,ENGLISH
harmeme_covid_memes_5575,covid_memes_5575.png,HAWAH IS SAFE. I HAVE THE CURE FOR COVID-19!,HARASSMENT,,ENGLISH
harmeme_covid_memes_5580,covid_memes_5580.png,SIR...ITSTIME FOR YOUR MEDICINE 20N MORE ALS GES I HEAR IT KILLS THE VIRUS,HARASSMENT,,ENGLISH
harmeme_covid_memes_5581,covid_memes_5581.png,"Donald Trump's resporoe to Bob Woodward's question, ""Why do you think Lincoln succeeded?"" Well, Ithink Lincoln succeeded for numerous reasons. He was a man who was of great intelligence, which most presidents would be. But he was a man of great inteligence, but he was also a man that did something that was a very vital thing to do at that time. Ten years before or 20 years before, what he was doing woud never have even been thought possible. So he did something that was a very important thing to do, and especialy at that time.""",HARASSMENT,,ENGLISH
harmeme_covid_memes_5602,covid_memes_5602.png,"TrumpMemés.net I got Saddam! I killed more than 250,000 Americans! I got bin Laden! Presidential Records",HARASSMENT,,ENGLISH
harmeme_covid_memes_5633,covid_memes_5633.png,"""Since COVID-19 has killed more people in America than anywhere else in the world, shouldn't it be called the Trump Virus?"" @mmpadellan |",HARASSMENT,,ENGLISH
harmeme_covid_memes_5582,covid_memes_5582.png,"Masks were shipped to a New Jersey warehouse, but New York wasn't told. 300,000 of the wrong kind of masks were shipped to Illinois. WELL ITHOUGHT IWAS PERFECT.",HARASSMENT,,ENGLISH
harmeme_covid_memes_5584,covid_memes_5584.png,"Virginia Pastor Landon Spradlin, Who Denounced COVID-19 Response As Anti-Trump ""Mass Hysteria,"" Has Died From The Virus PATHEOS .COM Pastor Who Claimed Covid-19 'Hysteria' Was Plot Against Trump Dies From Virus",HARASSMENT,,ENGLISH
harmeme_covid_memes_5586,covid_memes_5586.png,"Obama: ""Joe, why are you still holding my hand?"" Biden: ""I wanna freak Mike Pence out"" Obama: ""But why?"" Biden: ""Just roll with it""",HARASSMENT,,ENGLISH
harmeme_covid_memes_5717,covid_memes_5717.png,Donald J. Trump O @realDonaldTrump Get fucked Imaoo @SYRIA Nigga Donald lights some shit up PNEWS,HARASSMENT,,ENGLISH
harmeme_covid_memes_5590,covid_memes_5590.png,USA memes Trump memes Trumpcovid19 memes,HARASSMENT,,ENGLISH
harmeme_covid_memes_5593,covid_memes_5593.png,"TRUMP: TRAVEL BAN TRACIST FUC LEFTIST COVID-19: KNOCK KNOCK ""FUCING IMBECILE LEFTIST",HARASSMENT,,ENGLISH
harmeme_covid_memes_5594,covid_memes_5594.png,The Daily Show @TheDailyShow Jared Kushner is working tirelessly to figure out how this virus got into Harvard without help,HARASSMENT,,ENGLISH
harmeme_covid_memes_5595,covid_memes_5595.png,THIS IS THE AMOUNTOF PEOPLE TESTED POSITIVE FOR CORONAVIRUS BECAUSEOBARELYTESTED ANYONE,HARASSMENT,,ENGLISH
harmeme_covid_memes_5597,covid_memes_5597.png,THE TRUMP COVID-19TINI Dettol PEVER TREE TONIC WATER FOR A PRESIDENT ON THE ROCKS 則,HARASSMENT,,ENGLISH
harmeme_covid_memes_5598,covid_memes_5598.png,DoVoubonald.com COoyoudonaldc Can't die of COVID if you kill yourself! #Trump #Memes Is this a vaccine?,HARASSMENT,,ENGLISH
harmeme_covid_memes_5599,covid_memes_5599.png,Spoektober Presidental Among us debate Trump having Covid-19 Minecraft cave update,HARASSMENT,,ENGLISH
harmeme_covid_memes_5600,covid_memes_5600.png,A DAMN FINE CUP OF COVFEFE SWERY (Swery65) y rollaw Is this Ncovfefe ? 12:43 PM - 31 May 2017 6 3 643 1.375,HARASSMENT,,ENGLISH
harmeme_covid_memes_5601,covid_memes_5601.png,White House 2:43 PM ET ECLIPSE OF THE CENTURY TRUMP WATCHES ECLIPSE FRO,HARASSMENT,,ENGLISH
harmeme_covid_memes_5603,covid_memes_5603.png,NAILED IT.,HARASSMENT,,ENGLISH
harmeme_covid_memes_5606,covid_memes_5606.png,This is Hob. He voted for Trump. This is Bob's friend Sally. Sally voted for Clinton. Botre Satlyare stilt frienda-beenese-Bob-and-Sallyare-both-adulte. Bettke Botramt Sally.,HARASSMENT,,ENGLISH
harmeme_covid_memes_5611,covid_memes_5611.png,Me when the 2020 producers decide to give Trump the corona virus,HARASSMENT,,ENGLISH
harmeme_covid_memes_5612,covid_memes_5612.png,"@xxoorita i know Biden family groupchat bussin rn 12:16 AM : Oct 2, 2020 · Twitter for iPhone",HARASSMENT,,ENGLISH
harmeme_covid_memes_5613,covid_memes_5613.png,Donald Trump: *Tests positive for COVID-19* The memeing community: EMERGENCY NMEEPING,HARASSMENT,,ENGLISH
harmeme_covid_memes_5614,covid_memes_5614.png,Thank you reatDonald Trump for giving your well thought out suggestion for keeping me safe from COVID-19 atrumpmemes #Covid 19 Anubiss Anubisa - Apr 24 Oxi LEAN ANTI-COVID-19 SMOOTHIE,HARASSMENT,,ENGLISH
harmeme_covid_memes_5615,covid_memes_5615.png,THINKS U DONT NEED A MASK GETS COVID 19,HARASSMENT,,ENGLISH
harmeme_covid_memes_5616,covid_memes_5616.png,"Donald J. Trumpo @realDonald Trump COVID-19 is a virus, but jealousy is a disease. Get well soon sweaties xoxo 2-37 PM - 10/5/20 Twitter for IPhone",HARASSMENT,,ENGLISH
harmeme_covid_memes_5618,covid_memes_5618.png,BREAKING NEWS PRESIDENT DONALD TRUMP TESTS POSITIVE FOR COVID-19,HARASSMENT,,ENGLISH
harmeme_covid_memes_5620,covid_memes_5620.png,Trump Dr. Fauci COVID-19 A. Cuoma,HARASSMENT,,ENGLISH
harmeme_covid_memes_5623,covid_memes_5623.png,TRUMPTELSPRO USADUMMIES: TRAVEL TOJAPAN LAND ITSAMAGICAL GETAWAY ISLAND MEANWHILE: JAPAN IS COLLAPSING FROM COVID-19 WHICH THE USA'S COC MADE,HARASSMENT,,ENGLISH
harmeme_covid_memes_5624,covid_memes_5624.png,Aliens watching season 2020 of Earth and Trump gets COVID-19,HARASSMENT,,ENGLISH
harmeme_covid_memes_5625,covid_memes_5625.png,"Donald Trump, COVID 19 and the end of MDIS ICAN'T TAKE ITANY MORE!",HARASSMENT,,ENGLISH
harmeme_covid_memes_5626,covid_memes_5626.png,TRUMP QUARANTINED WITH MELANIA BILL CLINTON QUARANTINED WITH HILLARYI TRUMP WINS AGAIN!,HARASSMENT,,ENGLISH
harmeme_covid_memes_5627,covid_memes_5627.png,Phil oprettgoodat Trump supporters tonight Internet Reacts To Trump's Comments About Injecting Disinfectant To Cure COVID-19,HARASSMENT,,ENGLISH
harmeme_covid_memes_5628,covid_memes_5628.png,"Reddit shifting through among us memes, presidential debate memes, spooktober memes, Trump covid-19 memes and cave update memes all in a week Parkour!",HARASSMENT,,ENGLISH
harmeme_covid_memes_5630,covid_memes_5630.png,IT'S A HOAX! IT'S A FOREIGN VIRUS! IT'S OBAMA'S FAULT! IT'S AN EMERGENCY! MY PRESIDENCY IS OVER Wannapik.com,HARASSMENT,,ENGLISH
harmeme_covid_memes_5631,covid_memes_5631.png,"LET ME GET THIS STRAIGHT, YOU THINK THE PRESIDENT GETTING COVID IS FUNNY? I DO. AND I'M TIRED OF PRETENDING IT'S NOT.",HARASSMENT,,ENGLISH
harmeme_covid_memes_5632,covid_memes_5632.png,CAUGHT COVID-19 STILL DIDN'T DO HIS JOB,HARASSMENT,,ENGLISH
harmeme_covid_memes_5634,covid_memes_5634.png,NOW THAT I HAVE TESTED POSITIVE FOR COVID-19 IT'S TIME TO TAKE THIS VIRUS SERIOUSLY,HARASSMENT,,ENGLISH
harmeme_covid_memes_5635,covid_memes_5635.png,"The President Tests Negative for COVID-19 Negative? Oh my God! Why? Why? Whyyyy? What? Negative is Good? Oh yes of course, how stupid of me! Senle",HARASSMENT,,ENGLISH
harmeme_covid_memes_5637,covid_memes_5637.png,PRESIDENT-TRUMP: DIVIDES NATION COR THREE VEARS ALSO PRESIDENTTRUMP FRUSTRATED NATION WONT UNITE BENIND HIM IN'ÄCRISIS,HARASSMENT,,ENGLISH
harmeme_covid_memes_5639,covid_memes_5639.png,Trump: doesn't wear mask COVID-19:,HARASSMENT,,ENGLISH
harmeme_covid_memes_5640,covid_memes_5640.png,BASICALLY DENYING COVID-19 NOW HIDING INTO QUARANTINE AGAIN ngcon,HARASSMENT,,ENGLISH
harmeme_covid_memes_5642,covid_memes_5642.png,"Deziree edenra Trump: ""says the virus is fake Covid. and I took that personally 843 AM - Oct 2 2000 433K $ See the latest cOVD 19 informasion on Teikel",HARASSMENT,,ENGLISH
harmeme_covid_memes_5643,covid_memes_5643.png,If Covid-19 is a hoax as Trump says. then what is Mike Pence in charge of?,HARASSMENT,,ENGLISH
harmeme_covid_memes_5644,covid_memes_5644.png,Going golfing & ignoring pandemic roA NOtmoar CANESC cor,HARASSMENT,,ENGLISH
harmeme_covid_memes_5646,covid_memes_5646.png,"There's only ONE reason the USA has been devastated by COVID-19, AND YOU'RE LOOKING AT IT.",HARASSMENT,,ENGLISH
harmeme_covid_memes_5647,covid_memes_5647.png,"Trump: ""Covid-19 is a hoax"" Covid-19: ayFerm of hoplete alter any l'erm w it is the . y d yan C uch p on in Will you shut up man. w mant",HARASSMENT,,ENGLISH
harmeme_covid_memes_5649,covid_memes_5649.png,30 europeans waking up Trump.has Covid 19.,HARASSMENT,,ENGLISH
harmeme_covid_memes_5650,covid_memes_5650.png,COVID-19 TRUMPS RESPONSE makeamame.ony,HARASSMENT,,ENGLISH
harmeme_covid_memes_5651,covid_memes_5651.png,"UNDER OBAMA HIN1 KILLED 12,469 AMERICANS AND NOBODY BATS AN EYE UNDER TRUMP COVID-19 HAS KILLED 36 AMERICANS AND EVERYONE LOSES THEIR MINDS",HARASSMENT,,ENGLISH
harmeme_covid_memes_5653,covid_memes_5653.png,"Coronavirus: US President Donald Trump suggests 'injecting disinfectant' to treat COVID-19, 'clean the lungs' Scientific community: My goodness what an idea. Why didni rthink of that?",HARASSMENT,,ENGLISH
harmeme_covid_memes_5655,covid_memes_5655.png,"AND IN A BIZARRE TWIST TONIGHT, FO NEW EWS COVID 19 SAVES AMERICA BY TAKING TRUMP",HARASSMENT,,ENGLISH
harmeme_covid_memes_5656,covid_memes_5656.png,"""SORRY, I CANT COME IN TO DEBATE; I HAVE COVID-19"" mgicom",HARASSMENT,,ENGLISH
harmeme_covid_memes_5658,covid_memes_5658.png,"Trump supporters There is no Pray for"" Trump. virus",HARASSMENT,,ENGLISH
harmeme_covid_memes_5659,covid_memes_5659.png,TRUMP: GO BACK TO WORK TRUMP AMERICA: OK BOOMER,HARASSMENT,,ENGLISH
harmeme_covid_memes_5661,covid_memes_5661.png,A TRIUMPHANT TRUE STORY SLUMDOG MILLIONAIRE DOD TRUM 35040 HOURS 519.065 viws,HARASSMENT,,ENGLISH
harmeme_covid_memes_5662,covid_memes_5662.png,TRUMP BLEACH,HARASSMENT,,ENGLISH
harmeme_covid_memes_5663,covid_memes_5663.png,"Simon Hendriksen Folow a:23 AM-24 May 2017 * t 35,59n 61.720",HARASSMENT,,ENGLISH
harmeme_covid_memes_5664,covid_memes_5664.png,"LIES, LIES AND MORE LIES. Aay aa ""wnay drond c pen Frbreare ptmed n Fibrary 4 haCneariu wymaderconsol ia te TSA. Sk narht mrt ve ldpi "" Fibray gog s-dappearo dar, ank Merch Tet Itret e ried e mdennent de don s md e Mtehe y Mete edee tat iutol reepe ""W0 Marh Tte sem betg shem teran""en Marh y dteo le t ol di od rd, mgrima, nd THIS CRUCIAL DELAV IHATTACKING THE VIRUS SET US SO FAR BEHIND, WRECKED THE ECONOMY AND PUT PEOPLE'S LIVES IN JEOPARDY. IT IS ENTIRELY TRUMPS FAULT, AS HE TRIED TO PLAY POLITICAL GAMES WITH DEATH.",HARASSMENT,,ENGLISH
harmeme_covid_memes_5666,covid_memes_5666.png,"Tony Posnanski o ompeenans Follo WHo CaN FIGURE OuT tHe TrUE MeaNING OF ""cOviefe"" 777 eNJoy! 1009 PM -31 My 2017 + t3 144 543",HARASSMENT,,ENGLISH
harmeme_covid_memes_5667,covid_memes_5667.png,"Obama: Did you replace all the toiletries with travel size bottles? Biden: He's got tiny hands Barack, I want him to feel welcome here Pn 20",HARASSMENT,,ENGLISH
harmeme_covid_memes_5671,covid_memes_5671.png,"PRESIDENT IDIOT ENSURES MORE DEATHS PR. SPIN WON'T GET YOU OUT OF THIS ONE Trump on Covid-19: ""Covfefe""",HARASSMENT,,ENGLISH
harmeme_covid_memes_5673,covid_memes_5673.png,NETIZENS REACT,HARASSMENT,,ENGLISH
