Meme ID,Language,Caption,US,DE,MX,CN,IN,Template Name,Category,Subcategory,image_filename
0,de,also willst du mir sagen: <sep> Du isst zu viel und möchtest abnehmen?,,0.0,,,,Skeptical-Black-Kid,Ethnicity,Black,0_de.jpg
0,en,So You're telling me <sep> You eat too much and you want to lose weight?,0.0,,,,,Skeptical-Black-Kid,Ethnicity,Black,0_en.jpg
0,es,Entonces me estás diciendo <sep> que comes demasiado y quieres perder peso?,,,0.0,,,Skeptical-Black-Kid,Ethnicity,Black,0_es.jpg
0,hi,तो आप मुझसे कह रहे हैं <sep> आप बहुत ज्यादा खाते हैं और आप अपना वजन कम करना चाहते हैं?,,,,,0.0,Skeptical-Black-Kid,Ethnicity,Black,0_hi.jpg
0,zh,所以你是说 <sep> 你吃得太多了，你想减肥？,,,,0.0,,Skeptical-Black-Kid,Ethnicity,Black,0_zh.jpg
100,de,WARUM HABE ICH EINEN .. <sep> BABYSCHWANZ,,1.0,,,,Mexicanotriste,Countries,Mexico,100_de.jpg
100,en,WHY DO I HAVE A .. <sep> BABY DICK,0.0,,,,,Mexicanotriste,Countries,Mexico,100_en.jpg
100,es,POR QUÉ TENGO UNA.. <sep> POLLA DE BEBÉ,,,1.0,,,Mexicanotriste,Countries,Mexico,100_es.jpg
100,hi,मेरे पास क्यों है .. <sep> बेबी डिक,,,,,0.0,Mexicanotriste,Countries,Mexico,100_hi.jpg
100,zh,为什么我有... <sep> 小鸡鸡,,,,1.0,,Mexicanotriste,Countries,Mexico,100_zh.jpg
101,de,"Ich sage, ich bin gut im Handball <sep> Aber als ich mich für die Mannschaft bewarb, schaffte ich es nicht",,0.0,,,,Stern-But-Honest-Chinese-Guy,Countries,China,101_de.jpg
101,en,I say i'm good at handball <sep> But when i tried out for the team i didn't make it,0.0,,,,,Stern-But-Honest-Chinese-Guy,Countries,China,101_en.jpg
101,es,Digo que soy bueno en balonmano <sep> Pero cuando hice la prueba para el equipo no lo logré,,,1.0,,,Stern-But-Honest-Chinese-Guy,Countries,China,101_es.jpg
101,hi,मैं कहता हूं कि मैं हैंडबॉल में अच्छा हूं <sep> लेकिन जब मैंने टीम के लिए प्रयास किया तो मैं सफल नहीं हो पाया,,,,,0.0,Stern-But-Honest-Chinese-Guy,Countries,China,101_hi.jpg
101,zh,我说我擅长手球 <sep> 但当我为球队试训时，我没能成功,,,,0.0,,Stern-But-Honest-Chinese-Guy,Countries,China,101_zh.jpg
102,de,Habe heute körperliche Arbeit gemacht <sep> Hat mich an dich erinnert.,,0.0,,,,Mexicanotriste,Countries,Mexico,102_de.jpg
102,en,Did manual labor today <sep> Reminded me of you.,1.0,,,,,Mexicanotriste,Countries,Mexico,102_en.jpg
102,es,Hice trabajo manual hoy <sep> Me recordó a ti.,,,0.0,,,Mexicanotriste,Countries,Mexico,102_es.jpg
102,hi,आज शारीरिक श्रम किया <sep> खुसको तुम्हारी याद दिलाई ,,,,,0.0,Mexicanotriste,Countries,Mexico,102_hi.jpg
102,zh,今天做了体力劳动 <sep> 让我想起了你。,,,,1.0,,Mexicanotriste,Countries,Mexico,102_zh.jpg
103,de,du lebst nur einmal? <sep> noch nie davon gehört,,0.0,,,,Jesus-Christ,Religion,Christian,103_de.jpg
103,en,yolo? <sep> never heard of it,0.0,,,,,Jesus-Christ,Religion,Christian,103_en.jpg
103,es,¿yolo? <sep> nunca lo he oído.,,,0.0,,,Jesus-Christ,Religion,Christian,103_es.jpg
103,hi,योलो? <sep> इसके बारे में कभी नहीं सुना,,,,,1.0,Jesus-Christ,Religion,Christian,103_hi.jpg
103,zh,哟洛？ <sep> 从来没有听说过,,,,1.0,,Jesus-Christ,Religion,Christian,103_zh.jpg
104,de,leihe Griechenland eigenes Steuergeld <sep> WERDE IMMER NOCH ALS NAZI BEZEICHNET,,1.0,,,,Success-Germany,Countries,Germany,104_de.jpg
104,en,lend greece own taxpayer money <sep> STILL GET CALLED A NAZI,0.0,,,,,Success-Germany,Countries,Germany,104_en.jpg
104,es,prestarle a Grecia el dinero de sus propios contribuyentes <sep> TODAVÍA ME LLAMAN NAZI,,,1.0,,,Success-Germany,Countries,Germany,104_es.jpg
104,hi,ग्रीस को अपने करदाताओं का पैसा उधार दो <sep> फिर भी नाजी कहलाओगे,,,,,1.0,Success-Germany,Countries,Germany,104_hi.jpg
104,zh,借给希腊纳税人的钱 <sep> 仍然被称为纳粹,,,,1.0,,Success-Germany,Countries,Germany,104_zh.jpg
105,de,"nein, ich gehe nicht in die Küche. <sep> kannst du mir helfen, dieses Glas zu öffnen?",,1.0,,,,Feministfrequently,Cultural and Political Topics,Gender and Family,105_de.jpg
105,en,no im not going in the kitchen <sep> can you help open this jar for me?,1.0,,,,,Feministfrequently,Cultural and Political Topics,Gender and Family,105_en.jpg
105,es,"no, no voy a ir a la cocina <sep> ¿Puedes ayudarme a abrir este frasco?",,,1.0,,,Feministfrequently,Cultural and Political Topics,Gender and Family,105_es.jpg
105,hi,"नहीं, मैं रसोई में नहीं जा रही हूँ <sep> क्या आप मेरे लिए यह जार खोलने में मदद कर सकते हैं?",,,,,1.0,Feministfrequently,Cultural and Political Topics,Gender and Family,105_hi.jpg
105,zh,不，我不去厨房 <sep> 你能帮我打开这个罐子吗？,,,,0.0,,Feministfrequently,Cultural and Political Topics,Gender and Family,105_zh.jpg
106,de,werde nicht von Reddit misshandelt <sep> fühle mich diskriminiert,,1.0,,,,Jewish-Dude,Religion,Judaism,106_de.jpg
106,en,not getting abused by reddit <sep> feels discriminated against,1.0,,,,,Jewish-Dude,Religion,Judaism,106_en.jpg
106,es,no ser abusado por reddit <sep> se siente discriminado,,,1.0,,,Jewish-Dude,Religion,Judaism,106_es.jpg
106,hi,रेडिट द्वारा दुर्व्यवहार नहीं किया जाना <sep> भेदभाव महसूस होता है,,,,,1.0,Jewish-Dude,Religion,Judaism,106_hi.jpg
106,zh,没有受到 reddit 的辱骂 <sep> 感觉受到了歧视,,,,1.0,,Jewish-Dude,Religion,Judaism,106_zh.jpg
107,de,"ich schlage nicht immer Teenager <sep> aber wenn ich es tue, sind meine FAVORITEN diejenigen, die Mike Manol heißen",,1.0,,,,Strict-Policeman,Cultural and Political Topics,Police Man,107_de.jpg
107,en,i dont always beat teenagers <sep> but when i do my FAVORITEs are ones named mike manol,1.0,,,,,Strict-Policeman,Cultural and Political Topics,Police Man,107_en.jpg
107,es,"No siempre golpeo a adolescentes <sep> pero cuando lo hago, mis FAVORITOS son los que se llaman Mike Manol.",,,1.0,,,Strict-Policeman,Cultural and Political Topics,Police Man,107_es.jpg
107,hi,मैं हमेशा किशोरों को नहीं पीटता <sep> लेकिन जब पीटता हूँ तो मेरे पसंदीदा होते हैं माइक मैनोल नाम के लोग,,,,,1.0,Strict-Policeman,Cultural and Political Topics,Police Man,107_hi.jpg
107,zh,我并不总是打败青少年 <sep> 但当我打败他们时，我最喜欢的是那些叫迈克·马诺尔的人,,,,1.0,,Strict-Policeman,Cultural and Political Topics,Police Man,107_zh.jpg
108,de,lustige Polizei <sep> Freunde sein und küssen,,0.0,,,,Strict-Policeman,Cultural and Political Topics,Police Man,108_de.jpg
108,en,fun police <sep> be friends and kiss,0.0,,,,,Strict-Policeman,Cultural and Political Topics,Police Man,108_en.jpg
108,es,Policía de la diversión  <sep> Sean amigos y bésense,,,0.0,,,Strict-Policeman,Cultural and Political Topics,Police Man,108_es.jpg
108,hi,मजेदार पुलिस <sep> दोस्त बनो और चूमो,,,,,1.0,Strict-Policeman,Cultural and Political Topics,Police Man,108_hi.jpg
108,zh,有趣的警察 <sep> 成为朋友并亲吻,,,,1.0,,Strict-Policeman,Cultural and Political Topics,Police Man,108_zh.jpg
109,de,Wenn Sie einem Mann mit Argumenten nicht überlegen sind <sep> Schreien Sie einfach etwas von „Privilegien“.,,1.0,,,,Feministfrequently,Cultural and Political Topics,Gender and Family,109_de.jpg
109,en,"If you can't outargue a Man <sep> Just scream about ""Privilege.""",1.0,,,,,Feministfrequently,Cultural and Political Topics,Gender and Family,109_en.jpg
109,es,"Si no puedes superar a un Hombre <sep> Sólo grita sobre ""Privilegio"".",,,1.0,,,Feministfrequently,Cultural and Political Topics,Gender and Family,109_es.jpg
109,hi,"यदि आप किसी आदमी से बहस नहीं कर सकते <sep> तो बस ""विशेषाधिकार"" के बारे में चिल्लाएं।",,,,,1.0,Feministfrequently,Cultural and Political Topics,Gender and Family,109_hi.jpg
109,zh,当你吵不过一个男的的时候<sep>大喊“特权”,,,,0.0,,Feministfrequently,Cultural and Political Topics,Gender and Family,109_zh.jpg
10,de,habe deine SPRACHE genommen und verbessert <sep> gern geschehen,,0.0,,,,American-Pride-Eagle,,,10_de.jpg
10,en,took your LANGUAGE and improved it <sep> you are welcome,1.0,,,,,American-Pride-Eagle,,,10_en.jpg
10,es,Tomamos tu IDIOMA y lo mejoramos <sep> de nada,,,1.0,,,American-Pride-Eagle,,,10_es.jpg
10,hi,आपकी भाषा ली और उसमें सुधार किया <sep> आपका स्वागत है,,,,,0.0,American-Pride-Eagle,,,10_hi.jpg
10,zh,我们不光用你的语言而且改进了你的语言<sep>不用谢,,,,1.0,,American-Pride-Eagle,,,10_zh.jpg
110,de,was auch immer <sep> ,,0.0,,,,Good-Chinese-Student,Countries,China,110_de.jpg
110,en,what ever <sep> ,0.0,,,,,Good-Chinese-Student,Countries,China,110_en.jpg
110,es,como sea <sep>,,,0.0,,,Good-Chinese-Student,Countries,China,110_es.jpg
110,hi,जो कुछ भी <sep> ,,,,,0.0,Good-Chinese-Student,Countries,China,110_hi.jpg
110,zh,无论如何 <sep>,,,,0.0,,Good-Chinese-Student,Countries,China,110_zh.jpg
111,de,bring dein Hund mit <sep> wir haben Hühnchen?,,1.0,,,,Bad-Advice-Asian,Ethnicity,Asian,111_de.jpg
111,en,bring your dog <sep> we have chicken?,1.0,,,,,Bad-Advice-Asian,Ethnicity,Asian,111_en.jpg
111,es,trae a tu perro <sep> ¿tenemos pollo?,,,1.0,,,Bad-Advice-Asian,Ethnicity,Asian,111_es.jpg
111,hi,अपना कुत्ता लाओ <sep> हमारे पास मुर्गा है?,,,,,0.0,Bad-Advice-Asian,Ethnicity,Asian,111_hi.jpg
111,zh,带上你的狗 <sep> 我们有鸡？,,,,0.0,,Bad-Advice-Asian,Ethnicity,Asian,111_zh.jpg
112,de,"Kassiererin sagt ""Frohe Weihnachten"" <sep> fordert Multikulturalismus",,1.0,,,,Like-A-Jew,Religion,Judaism,112_de.jpg
112,en,"cashier says ""merry christmas"" <sep> demands multiculturalism",1.0,,,,,Like-A-Jew,Religion,Judaism,112_en.jpg
112,es,"cajero dice ""feliz navidad"" <sep> exige multiculturalismo",,,1.0,,,Like-A-Jew,Religion,Judaism,112_es.jpg
112,hi,"कैशियर कहता है ""मेरी क्रिसमस"" <sep> बहुसंस्कृतिवाद की मांग करता है",,,,,1.0,Like-A-Jew,Religion,Judaism,112_hi.jpg
112,zh,收银员说“圣诞快乐” <sep> 要求多元文化,,,,1.0,,Like-A-Jew,Religion,Judaism,112_zh.jpg
113,de,Du bist gut bei den Olympischen Spielen <sep> aber schrecklich im Geldmanagement.,,1.0,,,,Stern-But-Honest-Chinese-Guy,Countries,China,113_de.jpg
113,en,You are good at the olympics <sep> but terrible at money management.,1.0,,,,,Stern-But-Honest-Chinese-Guy,Countries,China,113_en.jpg
113,es,Eres bueno en los Juegos Olímpicos <sep> pero terrible en la administración del dinero.,,,1.0,,,Stern-But-Honest-Chinese-Guy,Countries,China,113_es.jpg
113,hi,आप ओलंपिक में अच्छे हैं <sep> लेकिन धन प्रबंधन में बहुत खराब हैं।,,,,,1.0,Stern-But-Honest-Chinese-Guy,Countries,China,113_hi.jpg
113,zh,你在奥运会上表现出色 <sep> 但在资金管理上却很糟糕。,,,,1.0,,Stern-But-Honest-Chinese-Guy,Countries,China,113_zh.jpg
114,de,ES IST EINE FALLE!!! <sep> ,,0.0,,,,Transvestite-Trevor,Sexual Orientation and Gender Identity,Trans,114_de.jpg
114,en,IT'S A TRAP!!! <sep> ,0.0,,,,,Transvestite-Trevor,Sexual Orientation and Gender Identity,Trans,114_en.jpg
114,es,¡¡¡ES UNA TRAMPA!!! <sep> ,,,0.0,,,Transvestite-Trevor,Sexual Orientation and Gender Identity,Trans,114_es.jpg
114,hi,यह एक जाल है!!! <sep>,,,,,1.0,Transvestite-Trevor,Sexual Orientation and Gender Identity,Trans,114_hi.jpg
114,zh,这是一个陷阱！！！ <sep> ,,,,0.0,,Transvestite-Trevor,Sexual Orientation and Gender Identity,Trans,114_zh.jpg
115,de,Ich bin verdammt glücklich <sep> über Fußball,,0.0,,,,Troll-Asian,Ethnicity,Asian,115_de.jpg
115,en,I'm pretty damn happy <sep> about football,0.0,,,,,Troll-Asian,Ethnicity,Asian,115_en.jpg
115,es,Estoy muy contento <sep> con el fútbol,,,0.0,,,Troll-Asian,Ethnicity,Asian,115_es.jpg
115,hi,मैं बहुत खुश हूं <sep> फुटबॉल को लेके ,,,,,0.0,Troll-Asian,Ethnicity,Asian,115_hi.jpg
115,zh,我非常该死的开心 <sep> 对于足球,,,,0.0,,Troll-Asian,Ethnicity,Asian,115_zh.jpg
116,de,"Der Asiate Jerry fragt, wo man ein Meme erstellen kann <sep> und verwendet es gegen dich ... so ein Arschloch!",,1.0,,,,Troll-Asian,Ethnicity,Asian,116_de.jpg
116,en,Asian Jerry asks where you go to create a meme <sep> uses it against you...such an asshole!,1.0,,,,,Troll-Asian,Ethnicity,Asian,116_en.jpg
116,es,Jerry asiático pregunta dónde vas a crear un meme <sep> lo usa en tu contra... ¡qué idiota!,,,1.0,,,Troll-Asian,Ethnicity,Asian,116_es.jpg
116,hi,एशियाई जेरी पूछता है कि आप मीम बनाने कहां जाते हैं <sep> उसे आपके खिलाफ इस्तेमाल करता है... कितना हरामी है!,,,,,1.0,Troll-Asian,Ethnicity,Asian,116_hi.jpg
116,zh,亚洲杰瑞问你去哪里创作表情包 <sep> 用它来对付你...真是个混蛋！,,,,1.0,,Troll-Asian,Ethnicity,Asian,116_zh.jpg
117,de,Gehirnwäsche hat all unsere Probleme verursacht <sep> also brauchen wir mehr Gehirnwäsche,,1.0,,,,Stern-But-Honest-Chinese-Guy,Countries,China,117_de.jpg
117,en,Brainwashing caused all our problems <sep> so we need more brainwashing,1.0,,,,,Stern-But-Honest-Chinese-Guy,Countries,China,117_en.jpg
117,es,El lavado de cerebro causó todos nuestros problemas <sep> así que necesitamos más lavado de cerebro.,,,1.0,,,Stern-But-Honest-Chinese-Guy,Countries,China,117_es.jpg
117,hi,ब्रेनवॉशिंग के कारण ही हमारी सारी समस्याएं उत्पन्न हुई हैं <sep> इसलिए हमें और अधिक ब्रेनवॉशिंग की आवश्यकता है,,,,,1.0,Stern-But-Honest-Chinese-Guy,Countries,China,117_hi.jpg
117,zh,洗脑导致了我们所有的问题 <sep> 所以我们需要更多的洗脑,,,,1.0,,Stern-But-Honest-Chinese-Guy,Countries,China,117_zh.jpg
118,de,Wirst du <sep> diese Flagge essen?,,1.0,,,,Obese-American,Countries,USA,118_de.jpg
118,en,Are you going to <sep> eat that flag?,1.0,,,,,Obese-American,Countries,USA,118_en.jpg
118,es,¿Te vas a comer <sep> esa bandera?,,,1.0,,,Obese-American,Countries,USA,118_es.jpg
118,hi,क्या आप <sep> उस झंडे को खा रहे हैं?,,,,,1.0,Obese-American,Countries,USA,118_hi.jpg
118,zh,你是打算… <sep> 吃掉那面旗子吗？,,,,1.0,,Obese-American,Countries,USA,118_zh.jpg
119,de,"DENKT, DAS JUDENTUM <sep> IST EINE RASSE",,1.0,,,,White-Power-Problems,Ethnicity,White,119_de.jpg
119,en,THINKS JUDAISM <sep> IS A RACE,1.0,,,,,White-Power-Problems,Ethnicity,White,119_en.jpg
119,es,PIENSA QUE EL JUDAÍSMO <sep> ES UNA RAZA.,,,1.0,,,White-Power-Problems,Ethnicity,White,119_es.jpg
119,hi,वो सोचता है यहूदी धर्म <sep> एक जाति है,,,,,1.0,White-Power-Problems,Ethnicity,White,119_hi.jpg
119,zh,犹太教思想 <sep> 是一场竞赛,,,,1.0,,White-Power-Problems,Ethnicity,White,119_zh.jpg
11,de,ein Versprechen an mich <sep> wurde gebrochen,,0.0,,,,American-Pride-Eagle,,,11_de.jpg
11,en,a promise to me <sep> was broken,0.0,,,,,American-Pride-Eagle,,,11_en.jpg
11,es,Una promesa hecha a mí <sep> fue rota,,,0.0,,,American-Pride-Eagle,,,11_es.jpg
11,hi,मुझसे किया गया वादा <sep>तोड़ा गया,,,,,0.0,American-Pride-Eagle,,,11_hi.jpg
11,zh,对我的承诺 <sep> 被打破了,,,,1.0,,American-Pride-Eagle,,,11_zh.jpg
120,de,"Es läuft nicht so, wie wir es uns wünschen <sep> Hilfe! Wir werden verfolgt!!!",,1.0,,,,Condescending-Christian,Religion,Christian,120_de.jpg
120,en,Things aren't going our way <sep> help! we're being persecuted!!!,1.0,,,,,Condescending-Christian,Religion,Christian,120_en.jpg
120,es,Las cosas no están saliendo como queremos <sep> Ayuda! Estamos siendo perseguidos!!!,,,1.0,,,Condescending-Christian,Religion,Christian,120_es.jpg
120,hi,चीजें हमारे अनुसार नहीं हो रही हैं <sep> मदद करें! हमें सताया जा रहा है!!!,,,,,0.0,Condescending-Christian,Religion,Christian,120_hi.jpg
120,zh,事情并不如我们所愿 <sep> 救命！我们被迫害了！！！,,,,1.0,,Condescending-Christian,Religion,Christian,120_zh.jpg
121,de,mach dir keine Sorgen <sep> ich kann auch Nathan sein,,1.0,,,,Transvestite-Trevor,Sexual Orientation and Gender Identity,Trans,121_de.jpg
121,en,don't worry <sep> i can be nathan too,1.0,,,,,Transvestite-Trevor,Sexual Orientation and Gender Identity,Trans,121_en.jpg
121,es,No te preocupes <sep> también puedo ser Nathan.,,,1.0,,,Transvestite-Trevor,Sexual Orientation and Gender Identity,Trans,121_es.jpg
121,hi,चिंता मत करो <sep> मैं भी नाथन बन सकता हूँ,,,,,0.0,Transvestite-Trevor,Sexual Orientation and Gender Identity,Trans,121_hi.jpg
121,zh,别担心 <sep> 我也可以成为 nathan,,,,1.0,,Transvestite-Trevor,Sexual Orientation and Gender Identity,Trans,121_zh.jpg
122,de,"Vater <sep> warum hörst du nicht auf, mich anzuschreien",,0.0,,,,Y-U-So-Arab,Ethnicity,Middle Eastern,122_de.jpg
122,en,father <sep> why do you not stop yelling at me,0.0,,,,,Y-U-So-Arab,Ethnicity,Middle Eastern,122_en.jpg
122,es,padre <sep> ¿por qué no dejas de gritarme?,,,1.0,,,Y-U-So-Arab,Ethnicity,Middle Eastern,122_es.jpg
122,hi,पिताजी <sep> आप मुझ पर चिल्लाना बंद क्यों नहीं करते?,,,,,1.0,Y-U-So-Arab,Ethnicity,Middle Eastern,122_hi.jpg
122,zh,爸爸 <sep> 你为什么一直对我大喊大叫,,,,0.0,,Y-U-So-Arab,Ethnicity,Middle Eastern,122_zh.jpg
123,de,BRING MICH ZU MCDONALDS <sep> BEVOR ICH DICH SCHLAGE,,1.0,,,,Sassy-Black-Woman,,,123_de.jpg
123,en,BRING ME TO MCDONALDS <sep> BEFORE I BEAT YOU,1.0,,,,,Sassy-Black-Woman,,,123_en.jpg
123,es,Llévame a McDonald's <sep> ANTES DE QUE TE PEGUE.,,,1.0,,,Sassy-Black-Woman,,,123_es.jpg
123,hi,मुझे McDonald's ले आओ <sep> इससे पहले कि मैं तुम्हें मारूँ।,,,,,1.0,Sassy-Black-Woman,,,123_hi.jpg
123,zh,带我去麦当劳 <sep> 在我打败你之前,,,,0.0,,Sassy-Black-Woman,,,123_zh.jpg
124,de,HALT DEIN <sep> MUND,,0.0,,,,Sassy-Black-Woman,,,124_de.jpg
124,en,SHUT YOUR <sep> MOUTH,0.0,,,,,Sassy-Black-Woman,,,124_en.jpg
124,es,CIERRA TU <sep> BOCA,,,0.0,,,Sassy-Black-Woman,,,124_es.jpg
124,hi,बंद करो अपना <sep> मुँह,,,,,1.0,Sassy-Black-Woman,,,124_hi.jpg
124,zh,闭上你的 <sep> 嘴,,,,0.0,,Sassy-Black-Woman,,,124_zh.jpg
125,de,STOPP <sep> DIESEN LKW NICHT!,,1.0,,,,Sassy-Black-Woman,,,125_de.jpg
125,en,"DO NOT, <sep> STOP THIS TRUCK!",0.0,,,,,Sassy-Black-Woman,,,125_en.jpg
125,es,"¡NO, <sep> DETENGAS ESTE CAMIÓN!",,,0.0,,,Sassy-Black-Woman,,,125_es.jpg
125,hi,बिलकुल नहीं  <sep> रोकना इस ट्रक को !,,,,,1.0,Sassy-Black-Woman,,,125_hi.jpg
125,zh,不要， <sep> 停下这辆卡车！,,,,0.0,,Sassy-Black-Woman,,,125_zh.jpg
126,de,du kannst machen was du willst <sep> aber wir essen zu Abend,,0.0,,,,Y-U-So-Arab,Ethnicity,Middle Eastern,126_de.jpg
126,en,you can do whatever you want <sep> but we're having dinner,0.0,,,,,Y-U-So-Arab,Ethnicity,Middle Eastern,126_en.jpg
126,es,puedes hacer lo que quieras <sep> pero vamos a cenar,,,0.0,,,Y-U-So-Arab,Ethnicity,Middle Eastern,126_es.jpg
126,hi,आप जो चाहें कर सकते हैं <sep> लेकिन हम खाना खा रहे हैं,,,,,0.0,Y-U-So-Arab,Ethnicity,Middle Eastern,126_hi.jpg
126,zh,你可以做任何你想做的事 <sep> 但我们要吃晚饭,,,,0.0,,Y-U-So-Arab,Ethnicity,Middle Eastern,126_zh.jpg
127,de,"hat 2 Weltkriege verloren <sep> denkt immer noch, sie seien die besten",,1.0,,,,Success-Germany,Countries,Germany,127_de.jpg
127,en,lost 2 world wars <sep> still thinks they are the best,1.0,,,,,Success-Germany,Countries,Germany,127_en.jpg
127,es,Perdí 2 guerras mundiales <sep> todavía piensa que son las mejores.,,,1.0,,,Success-Germany,Countries,Germany,127_es.jpg
127,hi,2 विश्व युद्ध हारे <sep> अभी भी सोचते हैं कि वे सर्वश्रेष्ठ हैं,,,,,1.0,Success-Germany,Countries,Germany,127_hi.jpg
127,zh,输掉了两次世界大战 <sep> 仍然认为它们是最好的,,,,1.0,,Success-Germany,Countries,Germany,127_zh.jpg
128,de,"eine Sprache sprechen, die zum Fluchen geeignet ist <sep> jeder sagt ""fuck""",,0.0,,,,Germany-Pls,Countries,Germany,128_de.jpg
128,en,"speak a language considered good for swearing in <sep> everyone says ""fuck""",0.0,,,,,Germany-Pls,Countries,Germany,128_en.jpg
128,es,"Habla un idioma considerado bueno para maldecir <sep> todos dicen ""fuck"".",,,0.0,,,Germany-Pls,Countries,Germany,128_es.jpg
128,hi,"ऐसी भाषा बोलो जो गाली देने के लिए अच्छी मानी जाती है <sep> हर कोई ""fuck"" बोलता है ",,,,,1.0,Germany-Pls,Countries,Germany,128_hi.jpg
128,zh,说一种被认为适合咒骂的语言 <sep> 每个人都说“fuck”,,,,0.0,,Germany-Pls,Countries,Germany,128_zh.jpg
129,de,"Wenn du nur hart arbeitest, wirst du Erfolg haben! <sep> arbeitet 70 Stunden pro Woche, lebt in einem Wohnwagen",,1.0,,,,Obese-American,Countries,USA,129_de.jpg
129,en,"If you just work hard, you'll succeed! <sep> works 70 hour weeks, lives in a trailer",0.0,,,,,Obese-American,Countries,USA,129_en.jpg
129,es,"¡Si trabajas duro, tendrás éxito! <sep> trabaja 70 horas a la semana, vive en una caravana.",,,1.0,,,Obese-American,Countries,USA,129_es.jpg
129,hi,"अगर आप कड़ी मेहनत करेंगे, तो सफल होंगे! <sep> सप्ताह में 70 घंटे काम करते हैं, ट्रेलर में रहते हैं",,,,,1.0,Obese-American,Countries,USA,129_hi.jpg
129,zh,只要你努力工作，你就会成功！ <sep> 每周工作 70 小时，住在拖车里,,,,1.0,,Obese-American,Countries,USA,129_zh.jpg
12,de,"Verschuldet sich <sep> Beginnt, Freiheit zu verbreiten",,1.0,,,,American-Pride-Eagle,,,12_de.jpg
12,en,Gets into Debt <sep> Starts spreading freedom,0.0,,,,,American-Pride-Eagle,,,12_en.jpg
12,es,Se endeuda <sep> Comienza a difundir la libertad,,,1.0,,,American-Pride-Eagle,,,12_es.jpg
12,hi,कर्ज में डूब जाता है <sep> आजादी फैलाना शुरू करता है,,,,,1.0,American-Pride-Eagle,,,12_hi.jpg
12,zh,陷入债务 <sep> 开始传播自由,,,,1.0,,American-Pride-Eagle,,,12_zh.jpg
130,de,Die globale Erwärmung ist wirklich schlimm <sep> für die Immobilienwerte auf Cape Cod,,0.0,,,,Privilege-Abusing-White-Couple,Ethnicity,White,130_de.jpg
130,en,global warming is really bad <sep> for property values on cape cod,0.0,,,,,Privilege-Abusing-White-Couple,Ethnicity,White,130_en.jpg
130,es,El calentamiento global es realmente malo <sep> para el valor de las propiedades en Cape Cod,,,1.0,,,Privilege-Abusing-White-Couple,Ethnicity,White,130_es.jpg
130,hi,ग्लोबल वार्मिंग वास्तव में खराब है <sep> केप कॉड पर संपत्ति मूल्यों के लिए,,,,,1.0,Privilege-Abusing-White-Couple,Ethnicity,White,130_hi.jpg
130,zh,全球变暖非常有害<sep>尤其是对德科角的房价,,,,0.0,,Privilege-Abusing-White-Couple,Ethnicity,White,130_zh.jpg
131,de,Kinder von Minderheiten haben ein Recht auf Aufnahme <sep> in die besten Berufsschulen,,1.0,,,,Privilege-Abusing-White-Couple,Ethnicity,White,131_de.jpg
131,en,minority children deserve to be admitted <sep> into the best trade schools,0.0,,,,,Privilege-Abusing-White-Couple,Ethnicity,White,131_en.jpg
131,es,Los niños de minorías merecen ser admitidos <sep> en las mejores escuelas de oficios.,,,0.0,,,Privilege-Abusing-White-Couple,Ethnicity,White,131_es.jpg
131,hi,अल्पसंख्यक बच्चों को प्रवेश मिलना चाहिए <sep> सर्वश्रेष्ठ ट्रेड स्कूलों में,,,,,0.0,Privilege-Abusing-White-Couple,Ethnicity,White,131_hi.jpg
131,zh,少数民族儿童值得被录取 <sep> 进入最好的职业学校,,,,1.0,,Privilege-Abusing-White-Couple,Ethnicity,White,131_zh.jpg
132,de,Befreunde einen schwarzen Mann auf Facebook an <sep> er scheint sehr wortgewandt zu sein,,1.0,,,,Privilege-Abusing-White-Couple,Ethnicity,White,132_de.jpg
132,en,friends a black man on facebook <sep> he seems very articulate,1.0,,,,,Privilege-Abusing-White-Couple,Ethnicity,White,132_en.jpg
132,es,Agrega a un hombre negro en Facebook <sep> parece muy elocuente.,,,1.0,,,Privilege-Abusing-White-Couple,Ethnicity,White,132_es.jpg
132,hi,फेसबुक पर एक अश्वेत व्यक्ति से मित्रता हुई <sep> वह बहुत स्पष्टवादी लगता है,,,,,1.0,Privilege-Abusing-White-Couple,Ethnicity,White,132_hi.jpg
132,zh,在 facebook 上认识一位黑人 <sep> 他似乎很善于表达,,,,1.0,,Privilege-Abusing-White-Couple,Ethnicity,White,132_zh.jpg
133,de,Probleme mit der Hypothekenzahlung <sep> Ich habe mein Scheckbuch zu Hause vergessen,,0.0,,,,Privilege-Abusing-White-Couple,Ethnicity,White,133_de.jpg
133,en,trouble making the mortgage payment <sep> i left my checkbook at home,0.0,,,,,Privilege-Abusing-White-Couple,Ethnicity,White,133_en.jpg
133,es,Problemas al pagar la hipoteca <sep> dejé mi chequera en casa.,,,1.0,,,Privilege-Abusing-White-Couple,Ethnicity,White,133_es.jpg
133,hi,बंधक भुगतान करने में परेशानी <sep> मैंने अपनी चेकबुक घर पर छोड़ दी,,,,,0.0,Privilege-Abusing-White-Couple,Ethnicity,White,133_hi.jpg
133,zh,难以支付抵押贷款 <sep> 我把支票簿忘在家里了,,,,0.0,,Privilege-Abusing-White-Couple,Ethnicity,White,133_zh.jpg
134,de,AM SIEBTEN TAG <sep> SCHUF GOTT DAS GEWEHR,,0.0,,,,American-Flag-Shotgun-Guy,Countries,USA,134_de.jpg
134,en,ON THE SEVENTH DAY <sep> GOD CREATED THE RIFLE,0.0,,,,,American-Flag-Shotgun-Guy,Countries,USA,134_en.jpg
134,es,EN EL SÉPTIMO DÍA <sep> DIOS CREÓ EL RIFLE,,,0.0,,,American-Flag-Shotgun-Guy,Countries,USA,134_es.jpg
134,hi,सातवें दिन <sep> परमेश्वर ने राइफल बनाई,,,,,1.0,American-Flag-Shotgun-Guy,Countries,USA,134_hi.jpg
134,zh,第七天 <sep> 上帝创造了步枪,,,,1.0,,American-Flag-Shotgun-Guy,Countries,USA,134_zh.jpg
135,de,ein Kilo Hähnchenflügel. <sep> ,,0.0,,,,Bad-Advice-Asian,Ethnicity,Asian,135_de.jpg
135,en,one kilo of chicken wings. <sep> ,0.0,,,,,Bad-Advice-Asian,Ethnicity,Asian,135_en.jpg
135,es,un kilo de alitas de pollo. <sep> ,,,0.0,,,Bad-Advice-Asian,Ethnicity,Asian,135_es.jpg
135,hi,एक किलो चिकन पंख. <sep> ,,,,,1.0,Bad-Advice-Asian,Ethnicity,Asian,135_hi.jpg
135,zh,一公斤鸡翅。 <sep> ,,,,0.0,,Bad-Advice-Asian,Ethnicity,Asian,135_zh.jpg
136,de,Asiaten gekleidet in Schwarz <sep> Bist du ein Ninja?,,1.0,,,,Privilege-Abusing-White-Couple,Ethnicity,White,136_de.jpg
136,en,Asian dressed in black <sep> Are you a ninja?,1.0,,,,,Privilege-Abusing-White-Couple,Ethnicity,White,136_en.jpg
136,es,Asiática vestida de negro <sep> ¿Eres un ninja?,,,1.0,,,Privilege-Abusing-White-Couple,Ethnicity,White,136_es.jpg
136,hi,काले कपड़े पहने एशियाई <sep> क्या आप निंजा हैं?,,,,,1.0,Privilege-Abusing-White-Couple,Ethnicity,White,136_hi.jpg
136,zh,身着黑衣的亚洲人 <sep> 你是忍者吗？,,,,1.0,,Privilege-Abusing-White-Couple,Ethnicity,White,136_zh.jpg
137,de,Ratet mal <sep> es ist Veteranentag,,1.0,,,,American-Flag-Shotgun-Guy,Countries,USA,137_de.jpg
137,en,Guess what <sep> its veterans day,0.0,,,,,American-Flag-Shotgun-Guy,Countries,USA,137_en.jpg
137,es,Adivina qué <sep> Es el día de los veteranos,,,1.0,,,American-Flag-Shotgun-Guy,Countries,USA,137_es.jpg
137,hi,अंदाज़ा लगाओ क्या है <sep> यह दिग्गजों का दिन है,,,,,1.0,American-Flag-Shotgun-Guy,Countries,USA,137_hi.jpg
137,zh,猜猜看 <sep> 今天是退伍军人节,,,,0.0,,American-Flag-Shotgun-Guy,Countries,USA,137_zh.jpg
138,de,SÜDEN WIRD <sep> WIEDER AUFERSTEHEN,,0.0,,,,American-Flag-Shotgun-Guy,Countries,USA,138_de.jpg
138,en,SOUTH WILL <sep> RISE AGAIN,1.0,,,,,American-Flag-Shotgun-Guy,Countries,USA,138_en.jpg
138,es,EL SUR <sep> SE LEVANTARÁ,,,1.0,,,American-Flag-Shotgun-Guy,Countries,USA,138_es.jpg
138,hi,दक्षिण <sep> फिर उठेगा,,,,,0.0,American-Flag-Shotgun-Guy,Countries,USA,138_hi.jpg
138,zh,南部会<sep>再次崛起,,,,1.0,,American-Flag-Shotgun-Guy,Countries,USA,138_zh.jpg
139,de,Sexuell belästigt von einer Gruppe schwarzer Männer <sep> Schuld ist das weiße männliche Patriarchat,,1.0,,,,Feminist-Cunt,,,139_de.jpg
139,en,Sexually harassed by group of black guys <sep> blames the white male patriarchy,1.0,,,,,Feminist-Cunt,,,139_en.jpg
139,es,Acosado sexualmente por un grupo de negros <sep> culpa al patriarcado masculino blanco,,,1.0,,,Feminist-Cunt,,,139_es.jpg
139,hi,काले लोगों के समूह द्वारा यौन उत्पीड़न <sep> श्वेत पुरुष पितृसत्ता को दोषी ठहराया,,,,,1.0,Feminist-Cunt,,,139_hi.jpg
139,zh,被一群黑人性骚扰 <sep> 归咎于白人男性父权制,,,,1.0,,Feminist-Cunt,,,139_zh.jpg
13,de,SIEHT KOMMENTARE ZUM YOUTUBE-VIDEO EINES NICHT ENGLISCH SPRECHENDEN LANDES <sep> ENGLISCH BITTE,,0.0,,,,American-Pride-Eagle,,,13_de.jpg
13,en,SEES COMMENTS ON YOUTUBE VIDEO OF NON-SPEAKING ENGLISH COUNTRY <sep> ENGLISH PLEASE,1.0,,,,,American-Pride-Eagle,,,13_en.jpg
13,es,"VE COMENTARIOS EN VIDEO DE YOUTUBE QUE NO SON EN INGLÉS <sep> ¡EN INGLÉS, POR FAVOR!",,,1.0,,,American-Pride-Eagle,,,13_es.jpg
13,hi,अंग्रेजी न बोलने वाले देश के यूट्यूब वीडियो पर टिप्पणियाँ देखीं <sep> कृपया अंग्रेजी बोलें,,,,,1.0,American-Pride-Eagle,,,13_hi.jpg
13,zh,在油管上看到非英语评论<sep>请说英语,,,,1.0,,American-Pride-Eagle,,,13_zh.jpg
140,de,weniger Leute kommen in die Kirche. <sep> gibt den Atheisten die Schuld.,,1.0,,,,Condescending-Christian,Religion,Christian,140_de.jpg
140,en,fewer people coming to church. <sep> blames atheists.,1.0,,,,,Condescending-Christian,Religion,Christian,140_en.jpg
140,es,Menos gente viene a la iglesia. <sep> culpa a los ateos.,,,0.0,,,Condescending-Christian,Religion,Christian,140_es.jpg
140,hi,चर्च में कम लोग आ रहे हैं। <sep> नास्तिकों को दोषी ठहराया।,,,,,1.0,Condescending-Christian,Religion,Christian,140_hi.jpg
140,zh,去教堂的人越来越少。 <sep> 指责无神论者。,,,,1.0,,Condescending-Christian,Religion,Christian,140_zh.jpg
141,de,"will die ""weiße Tradition"" verteidigen <sep> lebt in NY und isst bei McDonalds",,1.0,,,,White-Power-Problems,Ethnicity,White,141_de.jpg
141,en,"wants to defend ""white tradition"" <sep> lives in NY and eats at mcdonalds",1.0,,,,,White-Power-Problems,Ethnicity,White,141_en.jpg
141,es,"quiere defender la ""tradición blanca"" <sep> vive en Nueva York y come en mcdonalds",,,1.0,,,White-Power-Problems,Ethnicity,White,141_es.jpg
141,hi,"""श्वेत परंपरा"" का बचाव करना चाहता है <sep> न्यूयॉर्क में रहता है और मैकडॉनल्ड्स में खाता है",,,,,1.0,White-Power-Problems,Ethnicity,White,141_hi.jpg
141,zh,想要捍卫“白人传统” <sep> 住在纽约，吃麦当劳,,,,1.0,,White-Power-Problems,Ethnicity,White,141_zh.jpg
142,de,Sie haben <sep> uns die Jobs weggenommen!!!,,1.0,,,,American-Flag-Shotgun-Guy,Countries,USA,142_de.jpg
142,en,They Took <sep> our jobs!!!,1.0,,,,,American-Flag-Shotgun-Guy,Countries,USA,142_en.jpg
142,es,¡¡¡Nos quitaron  <sep>  nuestro trabajo!!!,,,1.0,,,American-Flag-Shotgun-Guy,Countries,USA,142_es.jpg
142,hi,उन्होंने ले ली  <sep> हमारी नौकरियाँ!!!,,,,,1.0,American-Flag-Shotgun-Guy,Countries,USA,142_hi.jpg
142,zh,他们拿走了 <sep> 我们的工作!!!,,,,1.0,,American-Flag-Shotgun-Guy,Countries,USA,142_zh.jpg
143,de,Habe es durch die Grenze von Anglesey geschafft <sep> nicht schlecht,,1.0,,,,Mexicanotriste,Countries,Mexico,143_de.jpg
143,en,MADE IT THROUGH THE ANGLESEY BORDER <sep> NOT BAD,1.0,,,,,Mexicanotriste,Countries,Mexico,143_en.jpg
143,es,LO HIZO A TRAVÉS DE LA FRONTERA DE ANGLESEY <sep> NO ESTÁ MAL,,,0.0,,,Mexicanotriste,Countries,Mexico,143_es.jpg
143,hi,एंग्लेसी सीमा पार कर लिया <sep> बुरा नहीं है,,,,,1.0,Mexicanotriste,Countries,Mexico,143_hi.jpg
143,zh,成功穿越安格尔西岛边境 <sep> 还不错,,,,1.0,,Mexicanotriste,Countries,Mexico,143_zh.jpg
144,de,"Sagt, er kann kein Spiel spielen <sep> Asiate",,1.0,,,,Troll-Asian,Ethnicity,Asian,144_de.jpg
144,en,Says he cant play a game <sep> Asian,1.0,,,,,Troll-Asian,Ethnicity,Asian,144_en.jpg
144,es,Dice que no puede jugar un juego <sep> Asiático.,,,0.0,,,Troll-Asian,Ethnicity,Asian,144_es.jpg
144,hi,कहता हैं कि वह खेल नहीं खेल सकता <sep> एशियाई,,,,,1.0,Troll-Asian,Ethnicity,Asian,144_hi.jpg
144,zh,说他不能玩游戏 <sep> 亚洲人,,,,1.0,,Troll-Asian,Ethnicity,Asian,144_zh.jpg
145,de,Hitler <sep> nichts falsch gemacht,,1.0,,,,Typical-Germany-Lover,Countries,Germany,145_de.jpg
145,en,Hitler <sep> did nothing wrong,1.0,,,,,Typical-Germany-Lover,Countries,Germany,145_en.jpg
145,es,hitler <sep> no hizo nada malo,,,1.0,,,Typical-Germany-Lover,Countries,Germany,145_es.jpg
145,hi,हिटलर <sep> कुछ भी ग़लत नहीं किया,,,,,1.0,Typical-Germany-Lover,Countries,Germany,145_hi.jpg
145,zh,希特勒 <sep> 没有做错什么,,,,1.0,,Typical-Germany-Lover,Countries,Germany,145_zh.jpg
146,de,Bekommt eine brillante Idee für eine Fortsetzung <sep> Jemand verliert Schindlers Liste,,1.0,,,,Like-A-Jew,Religion,Judaism,146_de.jpg
146,en,Gets brilliant idea for a sequal <sep> someone loses schindler's list,1.0,,,,,Like-A-Jew,Religion,Judaism,146_en.jpg
146,es,Tiene una idea brillante para una secuela <sep> alguien pierde la lista de Schindler,,,1.0,,,Like-A-Jew,Religion,Judaism,146_es.jpg
146,hi,सीक्वल के लिए शानदार विचार मिला <sep> किसी ने शिंडलर लिस्ट खो दी,,,,,0.0,Like-A-Jew,Religion,Judaism,146_hi.jpg
146,zh,为续集想出了绝妙的主意 <sep> 有人弄丢了辛德勒的名单,,,,1.0,,Like-A-Jew,Religion,Judaism,146_zh.jpg
147,de,Besonderer Dank geht an Herrn Futch <sep> für die Finanzierung der Dragqueen Eutopia,,0.0,,,,Privilege-Denying-Tranny,Sexual Orientation and Gender Identity,Trans,147_de.jpg
147,en,Special thanks to mr futch <sep> for funding the dragqueen eutopia,1.0,,,,,Privilege-Denying-Tranny,Sexual Orientation and Gender Identity,Trans,147_en.jpg
147,es,Un agradecimiento especial al Sr. Futch <sep> por financiar la Eutopía Dragqueen,,,0.0,,,Privilege-Denying-Tranny,Sexual Orientation and Gender Identity,Trans,147_es.jpg
147,hi,श्री फच को विशेष धन्यवाद <sep> ड्रैगक्वीन के स्वप्नलोक के वित्तपोषण के लिए,,,,,1.0,Privilege-Denying-Tranny,Sexual Orientation and Gender Identity,Trans,147_hi.jpg
147,zh,特别感谢 futch 先生 <sep> 为 dragqueen eutopia 提供资金,,,,1.0,,Privilege-Denying-Tranny,Sexual Orientation and Gender Identity,Trans,147_zh.jpg
148,de,warst du schon mal <sep> mit einem Juden zusammen?,,1.0,,,,Jewish-Dude,Religion,Judaism,148_de.jpg
148,en,have you ever been <sep> with a jew?,1.0,,,,,Jewish-Dude,Religion,Judaism,148_en.jpg
148,es,¿Alguna vez has estado <sep> con un judío?,,,0.0,,,Jewish-Dude,Religion,Judaism,148_es.jpg
148,hi,क्या आप कभी थे <sep> एक यहूदी के साथ?,,,,,0.0,Jewish-Dude,Religion,Judaism,148_hi.jpg
148,zh,你以前和<sep>犹太人在一起过？,,,,1.0,,Jewish-Dude,Religion,Judaism,148_zh.jpg
149,de,wird von Kirchenmitgliedern belästigt <sep> geht immer noch gerne in die Kirche,,1.0,,,,Condescending-Christian,Religion,Christian,149_de.jpg
149,en,gets molested by church members <sep> still loves to go to church,1.0,,,,,Condescending-Christian,Religion,Christian,149_en.jpg
149,es,fue abusada de los miembros de la iglesia <sep> todavía le encanta ir a la iglesia,,,1.0,,,Condescending-Christian,Religion,Christian,149_es.jpg
149,hi,चर्च के सदस्यों द्वारा छेड़छाड़ की जाती है <sep> फिर भी चर्च जाना पसंद करती है,,,,,1.0,Condescending-Christian,Religion,Christian,149_hi.jpg
149,zh,被教会成员骚扰 <sep> 仍然喜欢去教堂,,,,1.0,,Condescending-Christian,Religion,Christian,149_zh.jpg
14,de,"WENN LEUTE DIE TÜR OFFEN LASSEN <sep> OH NEIN, DAS HAST DU NICHT GETAN!",,0.0,,,,Sassy-Black-Woman,,,14_de.jpg
14,en,WHEN PEOPLE LEAVE THE DOOR OPEN <sep> OH NO YOU DIDNT !,0.0,,,,,Sassy-Black-Woman,,,14_en.jpg
14,es,"CUANDO LA GENTE DEJA LA PUERTA ABIERTA <sep> ¡OH NO, NO LO HICISTE!",,,0.0,,,Sassy-Black-Woman,,,14_es.jpg
14,hi,जब लोग दरवाज़ा खुला छोड़ देते हैं <sep> ओह नहीं आपने ऐसा नहीं किया!,,,,,0.0,Sassy-Black-Woman,,,14_hi.jpg
14,zh,当人们把门打开时 <sep> 哦不，你没有！,,,,0.0,,Sassy-Black-Woman,,,14_zh.jpg
150,de,unglaublich sexy <sep> ebenso nervig,,0.0,,,,Condescending-Christian,Religion,Christian,150_de.jpg
150,en,incredibly sexy <sep> equally annoying,1.0,,,,,Condescending-Christian,Religion,Christian,150_en.jpg
150,es,Increíblemente sexy <sep>  e increíblemente molesta,,,1.0,,,Condescending-Christian,Religion,Christian,150_es.jpg
150,hi,अविश्वसनीय रूप से कामुक <sep> उतना ही कष्टप्रद,,,,,1.0,Condescending-Christian,Religion,Christian,150_hi.jpg
150,zh,极其性感 <sep> 同样烦人,,,,1.0,,Condescending-Christian,Religion,Christian,150_zh.jpg
151,de,nennt dich einen Pädophilen <sep> verkauft Kinderpornos im Internet,,1.0,,,,Strict-Policeman,Cultural and Political Topics,Police Man,151_de.jpg
151,en,calls you a pedophile <sep> trades child porn on the internet,1.0,,,,,Strict-Policeman,Cultural and Political Topics,Police Man,151_en.jpg
151,es,te llama pedófilo <sep> comercializa pornografía infantil en Internet,,,0.0,,,Strict-Policeman,Cultural and Political Topics,Police Man,151_es.jpg
151,hi,आपको पीडोफाइल कहता है <sep> इंटरनेट पर बाल पोर्न का व्यापार करता है,,,,,1.0,Strict-Policeman,Cultural and Political Topics,Police Man,151_hi.jpg
151,zh,称你为恋童癖者 <sep> 在网上贩卖儿童色情内容,,,,1.0,,Strict-Policeman,Cultural and Political Topics,Police Man,151_zh.jpg
152,de,"aber ich sagte, Alvin ist wie mein Bruder <sep> du musst mich akzeptieren",,0.0,,,,Muslim-Immigrant,Religion,Islam,152_de.jpg
152,en,but i said alvin is like my brother <sep> you must accept me,1.0,,,,,Muslim-Immigrant,Religion,Islam,152_en.jpg
152,es,pero dije que alvin es como mi hermano <sep> debes aceptarme,,,1.0,,,Muslim-Immigrant,Religion,Islam,152_es.jpg
152,hi,लेकिन मैंने कहा कि एल्विन मेरे भाई जैसा है <sep> तुम्हें मुझे स्वीकार करना होगा,,,,,0.0,Muslim-Immigrant,Religion,Islam,152_hi.jpg
152,zh,但我说艾尔文就像我的兄弟 <sep> 你必须接受我,,,,0.0,,Muslim-Immigrant,Religion,Islam,152_zh.jpg
153,de,Wenn ein Mann vergewaltigt wird <sep> Sein Körper kann das Ding abschalten,,1.0,,,,Privilege-Denying-Feminist,Cultural and Political Topics,Gender and Family,153_de.jpg
153,en,if a man is raped <sep> his body can shut that thing down,0.0,,,,,Privilege-Denying-Feminist,Cultural and Political Topics,Gender and Family,153_en.jpg
153,es,Si un hombre es violado <sep> su cuerpo puede cerrar eso.,,,1.0,,,Privilege-Denying-Feminist,Cultural and Political Topics,Gender and Family,153_es.jpg
153,hi,अगर किसी पुरुष के साथ बलात्कार होता है <sep> तो उसका शरीर उस चीज़ को बंद कर सकता है,,,,,1.0,Privilege-Denying-Feminist,Cultural and Political Topics,Gender and Family,153_hi.jpg
153,zh,如果一个男人被强奸了<sep>他的机体能自行对应这种情况,,,,1.0,,Privilege-Denying-Feminist,Cultural and Political Topics,Gender and Family,153_zh.jpg
154,de,nirgends in der Bibel war von Homosexualität die Rede <sep> Gott unterstützt Schwule nicht im Geringsten,,1.0,,,,Jesus-Christ,Religion,Christian,154_de.jpg
154,en,no where in the bible was there any homosexuality <sep> god does not support gays in the slighest,1.0,,,,,Jesus-Christ,Religion,Christian,154_en.jpg
154,es,En ninguna parte de la Biblia se menciona la homosexualidad <sep> Dios no apoya a los gays en lo más mínimo.,,,1.0,,,Jesus-Christ,Religion,Christian,154_es.jpg
154,hi,बाइबिल में कहीं भी समलैंगिकता का उल्लेख नहीं है <sep> भगवान समलैंगिकों का जरा सा भी समर्थन नहीं करता,,,,,1.0,Jesus-Christ,Religion,Christian,154_hi.jpg
154,zh,圣经里没有任何地方提到过同性恋 <sep> 上帝丝毫不支持同性恋,,,,1.0,,Jesus-Christ,Religion,Christian,154_zh.jpg
155,de,"Überraschung! <sep> Geoff von Montag bis Freitag, aber Georgia am Wochenende",,1.0,,,,Privilege-Denying-Tranny,Sexual Orientation and Gender Identity,Trans,155_de.jpg
155,en,"surprise! <sep> geoff monday through friday, but georgia on the weekends",1.0,,,,,Privilege-Denying-Tranny,Sexual Orientation and Gender Identity,Trans,155_en.jpg
155,es,"¡Sorpresa! <sep> Geoff de lunes a viernes, pero Georgia los fines de semana",,,1.0,,,Privilege-Denying-Tranny,Sexual Orientation and Gender Identity,Trans,155_es.jpg
155,hi,"आश्चर्य! <sep> जियोफ सोमवार से शुक्रवार तक, लेकिन जॉर्जिया सप्ताहांत पर",,,,,0.0,Privilege-Denying-Tranny,Sexual Orientation and Gender Identity,Trans,155_hi.jpg
155,zh,惊喜！ <sep> 周一到周五是杰夫，周末是乔治亚,,,,1.0,,Privilege-Denying-Tranny,Sexual Orientation and Gender Identity,Trans,155_zh.jpg
156,de,ARABISCHER FREUND <sep> CHRIS,,0.0,,,,Y-U-So-Arab,Ethnicity,Middle Eastern,156_de.jpg
156,en,ARAB FRIEND <sep> CHRIS,1.0,,,,,Y-U-So-Arab,Ethnicity,Middle Eastern,156_en.jpg
156,es,AMIGO ÁRABE <sep> CHRIS,,,1.0,,,Y-U-So-Arab,Ethnicity,Middle Eastern,156_es.jpg
156,hi,अरब मित्र <sep> क्रिस,,,,,1.0,Y-U-So-Arab,Ethnicity,Middle Eastern,156_hi.jpg
156,zh,阿拉伯朋友 <sep> 克里斯,,,,1.0,,Y-U-So-Arab,Ethnicity,Middle Eastern,156_zh.jpg
157,de,ICH HABE EIN JÜDISCHES MÄDCHEN NACH IHRER NUMMER GEFRAGT <sep> SIE HAT DIE ÄRMEL HOCHGEKREMPELT,,1.0,,,,White-Power-Problems,Ethnicity,White,157_de.jpg
157,en,I ASKED A JEWISH GIRL FOR HER NUMBER <sep> SHE ROLLED UP HER SLEEVES,1.0,,,,,White-Power-Problems,Ethnicity,White,157_en.jpg
157,es,le pedí a una chica judía su número <sep> se subió las mangas,,,1.0,,,White-Power-Problems,Ethnicity,White,157_es.jpg
157,hi,मैंने एक यहूदी लड़की से उसका नंबर मांगा <sep> उसने अपनी आस्तीन ऊपर कर ली,,,,,1.0,White-Power-Problems,Ethnicity,White,157_hi.jpg
157,zh,我向一位犹太女孩要了她的电话号码 <sep> 她卷起了袖子,,,,1.0,,White-Power-Problems,Ethnicity,White,157_zh.jpg
158,de,"LASST UNS REIN, SAGTEN SIE <sep> WIR WERDEN NETT SEIN, SAGTEN SIE",,1.0,,,,Muslim-Immigrant,Religion,Islam,158_de.jpg
158,en,LET US IN THEY SAID <sep> WE'LL BE NICE THEY SAID,1.0,,,,,Muslim-Immigrant,Religion,Islam,158_en.jpg
158,es,"Déjanos entrar, dijeron <sep> Seremos amables, dijeron.",,,1.0,,,Muslim-Immigrant,Religion,Islam,158_es.jpg
158,hi,"उन्होंने कहा, हमें अंदर आने दो <sep> उन्होंने कहा, हम अच्छे रहेंगे",,,,,1.0,Muslim-Immigrant,Religion,Islam,158_hi.jpg
158,zh,他们说让我们进来 <sep> 他们说我们会很友善,,,,1.0,,Muslim-Immigrant,Religion,Islam,158_zh.jpg
159,de,Amerika hasst den Kommunismus so sehr <sep> dass es 2 Billionen von China geliehen hat,,0.0,,,,Stern-But-Honest-Chinese-Guy,Countries,China,159_de.jpg
159,en,America hates communism so much <sep> that it has borrowed 2 trillion from china,0.0,,,,,Stern-But-Honest-Chinese-Guy,Countries,China,159_en.jpg
159,es,Estados Unidos odia tanto el comunismo <sep> que ha tomado prestados 2 billones de dólares de China,,,1.0,,,Stern-But-Honest-Chinese-Guy,Countries,China,159_es.jpg
159,hi,अमेरिका साम्यवाद से इतनी नफरत करता है <sep> कि उसने चीन से 2 ट्रिलियन डॉलर उधार ले लिया है,,,,,1.0,Stern-But-Honest-Chinese-Guy,Countries,China,159_hi.jpg
159,zh,美国非常痛恨共产主义 <sep> 以至于它向中国借了 2 万亿美元,,,,1.0,,Stern-But-Honest-Chinese-Guy,Countries,China,159_zh.jpg
15,de,IVY <sep> 30 JAHRE SPÄTER,,0.0,,,,Sassy-Black-Woman,,,15_de.jpg
15,en,IVY <sep> 30 YEARS LATER,0.0,,,,,Sassy-Black-Woman,,,15_en.jpg
15,es,IVY <sep> 30 AÑOS DESPUÉS,,,1.0,,,Sassy-Black-Woman,,,15_es.jpg
15,hi,आइवी <sep> 30 साल बाद,,,,,1.0,Sassy-Black-Woman,,,15_hi.jpg
15,zh,常春藤 <sep> 30 年后,,,,1.0,,Sassy-Black-Woman,,,15_zh.jpg
160,de,"schau dir das an... <sep> den Mond, nicht mein Finger",,0.0,,,,Bad-Advice-Asian,Ethnicity,Asian,160_de.jpg
160,en,"look at this... <sep> the moon, not my finger",0.0,,,,,Bad-Advice-Asian,Ethnicity,Asian,160_en.jpg
160,es,"mira ... <sep> la luna, no mi dedo",,,0.0,,,Bad-Advice-Asian,Ethnicity,Asian,160_es.jpg
160,hi,"यह देखो... <sep> चाँद, मेरी उंगली नहीं",,,,,0.0,Bad-Advice-Asian,Ethnicity,Asian,160_hi.jpg
160,zh,看看这个... <sep> 是月亮，不是我的手指,,,,0.0,,Bad-Advice-Asian,Ethnicity,Asian,160_zh.jpg
161,de,TOMMY. <sep> AN SAMSTAGEN,,1.0,,,,Transvestite-Trevor,Sexual Orientation and Gender Identity,Trans,161_de.jpg
161,en,TOMMY. <sep> ON SATURDAYS,1.0,,,,,Transvestite-Trevor,Sexual Orientation and Gender Identity,Trans,161_en.jpg
161,es,TOMMY. <sep> LOS SÁBADOS,,,0.0,,,Transvestite-Trevor,Sexual Orientation and Gender Identity,Trans,161_es.jpg
161,hi,टॉमी. <sep> शनिवार को,,,,,0.0,Transvestite-Trevor,Sexual Orientation and Gender Identity,Trans,161_hi.jpg
161,zh,TOMMY。 <sep> 星期六,,,,0.0,,Transvestite-Trevor,Sexual Orientation and Gender Identity,Trans,161_zh.jpg
162,de,"Pornos sind ekelhaft und sexistisch <sep> also sind die Sachen, die ich mag, keine Pornos",,0.0,,,,Privilege-Denying-Feminist,Cultural and Political Topics,Gender and Family,162_de.jpg
162,en,porn is disgusting and sexist <sep> so the stuff I like isn't porn,1.0,,,,,Privilege-Denying-Feminist,Cultural and Political Topics,Gender and Family,162_en.jpg
162,es,El porno es repugnante y sexista <sep> así que lo que me gusta no es porno,,,1.0,,,Privilege-Denying-Feminist,Cultural and Political Topics,Gender and Family,162_es.jpg
162,hi,"पोर्न घृणित और लैंगिकवादी है <sep> इसलिए जो चीजें मुझे पसंद हैं, वे पोर्न नहीं हैं",,,,,1.0,Privilege-Denying-Feminist,Cultural and Political Topics,Gender and Family,162_hi.jpg
162,zh,色情内容令人恶心，带有性别歧视 <sep> 所以我喜欢的东西不是色情内容,,,,0.0,,Privilege-Denying-Feminist,Cultural and Political Topics,Gender and Family,162_zh.jpg
163,de,Null Toleranz gegenüber <sep> Idioten,,0.0,,,,Success-Germany,Countries,Germany,163_de.jpg
163,en,zero tolerance on <sep> douche bags,0.0,,,,,Success-Germany,Countries,Germany,163_en.jpg
163,es,tolerancia cero con <sep> los idiotas,,,0.0,,,Success-Germany,Countries,Germany,163_es.jpg
163,hi,शून्य सहनशीलता है <sep> घमंडियो के लिए ,,,,,1.0,Success-Germany,Countries,Germany,163_hi.jpg
163,zh,零容忍 <sep> 对混蛋,,,,0.0,,Success-Germany,Countries,Germany,163_zh.jpg
164,de,Frauen sind eine unterdrückte Minderheit <sep> Asiaten nicht,,1.0,,,,Privilege-Denying-Feminist,Cultural and Political Topics,Gender and Family,164_de.jpg
164,en,women are an oppressed minority <sep> asians are not,1.0,,,,,Privilege-Denying-Feminist,Cultural and Political Topics,Gender and Family,164_en.jpg
164,es,las mujeres son una minoría oprimida <sep> los asiáticos no lo son,,,1.0,,,Privilege-Denying-Feminist,Cultural and Political Topics,Gender and Family,164_es.jpg
164,hi,महिलाएं उत्पीड़ित अल्पसंख्यक हैं <sep> एशियाई नहीं हैं,,,,,1.0,Privilege-Denying-Feminist,Cultural and Political Topics,Gender and Family,164_hi.jpg
164,zh,女性是受压迫的少数群体 <sep> 亚洲人不是,,,,1.0,,Privilege-Denying-Feminist,Cultural and Political Topics,Gender and Family,164_zh.jpg
165,de,ich esse Speck <sep> wenn niemand zusieht,,1.0,,,,Jewish-Dude,Religion,Judaism,165_de.jpg
165,en,i eat bacon <sep> when no one's looking,1.0,,,,,Jewish-Dude,Religion,Judaism,165_en.jpg
165,es,Como tocino <sep> cuando nadie está mirando.,,,1.0,,,Jewish-Dude,Religion,Judaism,165_es.jpg
165,hi,मैं बेकन खाता हूँ <sep> जब कोई नहीं देख रहा होता,,,,,0.0,Jewish-Dude,Religion,Judaism,165_hi.jpg
165,zh,我吃培根 <sep> 当没有人看的时候,,,,1.0,,Jewish-Dude,Religion,Judaism,165_zh.jpg
166,de,"Vermeidet Fleisch als Opfer während der Karwoche <sep> Isst Meeresfrüchte, die besser schmecken als Fleisch",,0.0,,,,Scumbag-Catholic-Priest,Religion,Christian,166_de.jpg
166,en,Avoids meat as a sacrifice during Holy week <sep> Eats seafood that taste better than meat,0.0,,,,,Scumbag-Catholic-Priest,Religion,Christian,166_en.jpg
166,es,Evita la carne como sacrificio en Semana Santa <sep> Come mariscos que saben mejor que la carne,,,0.0,,,Scumbag-Catholic-Priest,Religion,Christian,166_es.jpg
166,hi,पवित्र सप्ताह के दौरान बलि के रूप में मांस का सेवन नहीं करते हैं <sep> मांस से बेहतर स्वाद वाले समुद्री भोजन खाते हैं,,,,,1.0,Scumbag-Catholic-Priest,Religion,Christian,166_hi.jpg
166,zh,圣周期间避免食用肉类作为祭品 <sep> 吃比肉更美味的海鲜,,,,0.0,,Scumbag-Catholic-Priest,Religion,Christian,166_zh.jpg
167,de,nicht meine Schuld <sep> es war schlecht gestaltet,,0.0,,,,Bad-Advice-Asian,Ethnicity,Asian,167_de.jpg
167,en,not my fault <sep> it was poorly designed,0.0,,,,,Bad-Advice-Asian,Ethnicity,Asian,167_en.jpg
167,es,No es mi culpa <sep> estaba mal diseñado,,,0.0,,,Bad-Advice-Asian,Ethnicity,Asian,167_es.jpg
167,hi,मेरी गलती नहीं <sep> यह खराब तरीके से डिजाइन किया गया था,,,,,0.0,Bad-Advice-Asian,Ethnicity,Asian,167_hi.jpg
167,zh,不是我的错 <sep> 设计很糟糕,,,,0.0,,Bad-Advice-Asian,Ethnicity,Asian,167_zh.jpg
168,de,der Ausdruck auf unseren Gesichtern <sep> als Mr. Mwai uns eine weitere Lektion stahl,,1.0,,,,Mexicanotriste,Countries,Mexico,168_de.jpg
168,en,the look on our faces <sep> when mr.mwai stole another lesson,0.0,,,,,Mexicanotriste,Countries,Mexico,168_en.jpg
168,es,la expresión de nuestras caras <sep> cuando el señor mwai se robó otra lección,,,0.0,,,Mexicanotriste,Countries,Mexico,168_es.jpg
168,hi,हमारे चेहरों पर भाव <sep> जब श्री मवाई ने एक और सबक चुरा लिया,,,,,1.0,Mexicanotriste,Countries,Mexico,168_hi.jpg
168,zh,我们脸上的表情 <sep> 当 mwai 先生偷走了另一个教训,,,,1.0,,Mexicanotriste,Countries,Mexico,168_zh.jpg
169,de,Muslime sind böse <sep> weil die Bibel gut ist,,1.0,,,,Condescending-Christian,Religion,Christian,169_de.jpg
169,en,muslims are bad <sep> because the bible is good,1.0,,,,,Condescending-Christian,Religion,Christian,169_en.jpg
169,es,los musulmanes son malos <sep> porque la biblia es buena,,,1.0,,,Condescending-Christian,Religion,Christian,169_es.jpg
169,hi,मुसलमान बुरे हैं <sep> क्योंकि बाइबल अच्छी है,,,,,1.0,Condescending-Christian,Religion,Christian,169_hi.jpg
169,zh,穆斯林是坏人 <sep> 因为圣经是好的,,,,1.0,,Condescending-Christian,Religion,Christian,169_zh.jpg
16,de,"<emp> <sep> SOHN, WARUM HAST DU DAS NICHT GESTOHLEN?",,1.0,,,,Sassy-Black-Woman,,,16_de.jpg
16,en,"<emp> <sep> SON, WHY DIDN'T YOU STEAL THAT?",1.0,,,,,Sassy-Black-Woman,,,16_en.jpg
16,es,"<emp> <sep> HIJO, ¿POR QUÉ NO ROBASTE ESO?",,,1.0,,,Sassy-Black-Woman,,,16_es.jpg
16,hi,"<emp> <sep> बेटा, तुमने वह क्यों नहीं चुराया?",,,,,1.0,Sassy-Black-Woman,,,16_hi.jpg
16,zh,<emp> <sep> 儿子，你为什么不偷那个？,,,,1.0,,Sassy-Black-Woman,,,16_zh.jpg
170,de,Du siehst nie <sep> streunende Katze in Chinatown,,1.0,,,,Bad-Advice-Asian,Ethnicity,Asian,170_de.jpg
170,en,you never see <sep> stray cat in chinatown,1.0,,,,,Bad-Advice-Asian,Ethnicity,Asian,170_en.jpg
170,es,Nunca ves <sep> un gato callejero en Chinatown/ Nunca se ve un gato callejero en Chinatown.,,,1.0,,,Bad-Advice-Asian,Ethnicity,Asian,170_es.jpg
170,hi,आप कभी नहीं देखते <sep> चाइनाटाउन में आवारा बिल्ली,,,,,1.0,Bad-Advice-Asian,Ethnicity,Asian,170_hi.jpg
170,zh,你永远不会看到 <sep> 唐人街的流浪猫,,,,1.0,,Bad-Advice-Asian,Ethnicity,Asian,170_zh.jpg
171,de,Winter zu kalt <sep> Sommer zu heiß,,0.0,,,,Germany-Pls,Countries,Germany,171_de.jpg
171,en,winter too cold <sep> summer too hot,0.0,,,,,Germany-Pls,Countries,Germany,171_en.jpg
171,es,invierno demasiado frío <sep> verano demasiado caluroso,,,0.0,,,Germany-Pls,Countries,Germany,171_es.jpg
171,hi,सर्दी बहुत ठंडी <sep> गर्मी बहुत गर्म,,,,,0.0,Germany-Pls,Countries,Germany,171_hi.jpg
171,zh,冬天太冷 <sep> 夏天太热,,,,0.0,,Germany-Pls,Countries,Germany,171_zh.jpg
172,de,Der Frühling ist endlich da <sep> das ganze Land ist gelb,,0.0,,,,Germany-Pls,Countries,Germany,172_de.jpg
172,en,spring is finally here <sep> the whole countryside is yellow,0.0,,,,,Germany-Pls,Countries,Germany,172_en.jpg
172,es,por fin ha llegado la primavera <sep> todo el campo está amarillo,,,0.0,,,Germany-Pls,Countries,Germany,172_es.jpg
172,hi,आख़िरकार वसंत आ गया है <sep> पूरा ग्रामीण इलाका पीला है,,,,,0.0,Germany-Pls,Countries,Germany,172_hi.jpg
172,zh,春天终于来了 <sep> 整个乡村一片黄色,,,,0.0,,Germany-Pls,Countries,Germany,172_zh.jpg
173,de,kann keine Pornos schauen <sep> verbietet das Internet,,1.0,,,,Like-A-Jew,Religion,Judaism,173_de.jpg
173,en,can't watch porn <sep> bans the internet,1.0,,,,,Like-A-Jew,Religion,Judaism,173_en.jpg
173,es,no puedo ver pornografía <sep> prohíbe Internet,,,0.0,,,Like-A-Jew,Religion,Judaism,173_es.jpg
173,hi,पोर्न नहीं देख सकते <sep> इंटरनेट पर प्रतिबंध,,,,,0.0,Like-A-Jew,Religion,Judaism,173_hi.jpg
173,zh,不能看色情片 <sep> 禁止互联网,,,,1.0,,Like-A-Jew,Religion,Judaism,173_zh.jpg
174,de,habe diesen Blog meinen nicht-deutschen Freunden gezeigt <sep> sie verstehen ihn nicht,,0.0,,,,Germany-Pls,Countries,Germany,174_de.jpg
174,en,showed this blog to my non-german friends <sep> they don't get it,0.0,,,,,Germany-Pls,Countries,Germany,174_en.jpg
174,es,le enseñe este blog a mis amigos que no son alemanes <sep> no lo entienden,,,0.0,,,Germany-Pls,Countries,Germany,174_es.jpg
174,hi,मैंने यह ब्लॉग अपने गैर-जर्मन मित्रों को दिखाया <sep> उन्हें यह समझ में नहीं आया,,,,,0.0,Germany-Pls,Countries,Germany,174_hi.jpg
174,zh,向我的非德国朋友展示了这个博客 <sep> 他们不明白,,,,1.0,,Germany-Pls,Countries,Germany,174_zh.jpg
175,de,"Bekommt monatlich Lebensmittelmarken vom Staat, <sep> gibt sie für Steaks aus, die 10,99 Dollar pro Pfund kosten",,1.0,,,,Sassy-Black-Woman,,,175_de.jpg
175,en,"Gets monthly food stamps from state, <sep> spends them on $10.99 a pound steaks",1.0,,,,,Sassy-Black-Woman,,,175_en.jpg
175,es,"Recibe cupones de alimentos mensuales del estado, <sep> los gasta en filetes de $10,99 la libra",,,1.0,,,Sassy-Black-Woman,,,175_es.jpg
175,hi,"राज्य से मासिक खाद्य टिकट प्राप्त करता है, <sep> उन्हें 10.99 डॉलर प्रति पाउंड स्टेक पर खर्च करता है",,,,,0.0,Sassy-Black-Woman,,,175_hi.jpg
175,zh,每月领取州政府发放的食品券， <sep> 每磅牛排售价 10.99 美元,,,,1.0,,Sassy-Black-Woman,,,175_zh.jpg
176,de,"Der Händedruck des Interviewers ist schwach <sep> Ich bin mir nicht sicher, was ich tun soll",,0.0,,,,Germany-Pls,Countries,Germany,176_de.jpg
176,en,Interviewer has weak handshake <sep> Not sure what to do,0.0,,,,,Germany-Pls,Countries,Germany,176_en.jpg
176,es,El entrevistador tiene un apretón de manos débil <sep> No estoy seguro de qué hacer,,,0.0,,,Germany-Pls,Countries,Germany,176_es.jpg
176,hi,साक्षात्कारकर्ता का हाथ मिलाना कमजोर है <sep> समझ नहीं आ रहा कि क्या करें,,,,,1.0,Germany-Pls,Countries,Germany,176_hi.jpg
176,zh,面试官握手时无力 <sep> 不知道该怎么办,,,,0.0,,Germany-Pls,Countries,Germany,176_zh.jpg
177,de,willst du <sep> mitkommen?,,0.0,,,,Jewish-Dude,Religion,Judaism,177_de.jpg
177,en,want to come <sep> with?,0.0,,,,,Jewish-Dude,Religion,Judaism,177_en.jpg
177,es,¿quieres venir <sep> conmigo?,,,0.0,,,Jewish-Dude,Religion,Judaism,177_es.jpg
177,hi,आना चाहते हैं <sep> साथ?,,,,,0.0,Jewish-Dude,Religion,Judaism,177_hi.jpg
177,zh,想来<sep> 一起吗？,,,,0.0,,Jewish-Dude,Religion,Judaism,177_zh.jpg
178,de,wie kannst du es wagen... <sep> Krishna ist nicht zum verspotten da,,1.0,,,,Indian-Father,Countries,India,178_de.jpg
178,en,how dare you... <sep> Krishna is not to be mocked,0.0,,,,,Indian-Father,Countries,India,178_en.jpg
178,es,¿Cómo te atreves...? <sep> No te debes burlar de Krishna,,,0.0,,,Indian-Father,Countries,India,178_es.jpg
178,hi,तुम्हारी हिम्मत कैसे हुई... <sep> कृष्ण का मजाक नहीं उड़ाया जाना चाहिए,,,,,1.0,Indian-Father,Countries,India,178_hi.jpg
178,zh,你怎么敢... <sep> 克里希纳不容嘲笑,,,,1.0,,Indian-Father,Countries,India,178_zh.jpg
179,de,ICH <sep> IN 30 JAHREN?,,0.0,,,,Indian-Father,Countries,India,179_de.jpg
179,en,ME <sep> 30 YEARS FROM NOW?,0.0,,,,,Indian-Father,Countries,India,179_en.jpg
179,es,YO <sep> ¿DENTRO DE 30 AÑOS?,,,0.0,,,Indian-Father,Countries,India,179_es.jpg
179,hi,मैं <sep> अब से 30 साल बाद?,,,,,0.0,Indian-Father,Countries,India,179_hi.jpg
179,zh,我 <sep> 30 年后呢？,,,,0.0,,Indian-Father,Countries,India,179_zh.jpg
17,de,DU BEKOMMST KEIN FRITTIERTES HÄHNCHEN <sep> BIS DU MIT DEINEM SAFT FERTIG BIST,,1.0,,,,Sassy-Black-Woman,,,17_de.jpg
17,en,YOU AIN'T GETTIN' NO FRIED CHICKEN <sep> TILL' YOU FINISH ALL  YOUR COOL-AID,1.0,,,,,Sassy-Black-Woman,,,17_en.jpg
17,es,NO VAS A CONSEGUIR POLLO FRITO <sep> HASTA QUE TERMINES TODO TU COOL-AID,,,1.0,,,Sassy-Black-Woman,,,17_es.jpg
17,hi,आपको तला हुआ चिकन नहीं मिलेगा <sep> जब तक आप अपना सारा कूल-एड ख़त्म नहीं कर लेते,,,,,0.0,Sassy-Black-Woman,,,17_hi.jpg
17,zh,你吃不到炸鸡 <sep> 直到你喝完所有的酷爱饮料,,,,0.0,,Sassy-Black-Woman,,,17_zh.jpg
180,de,"SIEHT INAKZEPTABLES MUSLIMISCHES MEME <sep> WÜNSCHT SICH, SIE KÖNNTEN ALS ANTWORT EIN BESSERES MEME LIEFERN",,1.0,,,,Angry-Muslim-Guy,,,180_de.jpg
180,en,SEES UNACCEPTABLE MUSLIM MEME <sep> WISHES THEY COULD PROVIDE A BETTER MEME IN RESPONSE,1.0,,,,,Angry-Muslim-Guy,,,180_en.jpg
180,es,VE UN MEME MUSULMAN INACEPTABLE <sep> DESEARÍA PODER OFRECER UN MEJOR MEME EN RESPUESTA,,,1.0,,,Angry-Muslim-Guy,,,180_es.jpg
180,hi,अस्वीकार्य मुस्लिम मीम देखता है  <sep> जवाब में बेहतर मीम देने की खवाहिश रखता है ,,,,,1.0,Angry-Muslim-Guy,,,180_hi.jpg
180,zh,看到不可接受的穆斯林表情包 <sep> 希望他们能提供更好的表情包作为回应,,,,1.0,,Angry-Muslim-Guy,,,180_zh.jpg
181,de,KEINE SMS WÄHREND DER FAHRT <sep> IM AUTO IST EIN LAPTOP INSTALLIERT,,0.0,,,,Scumbag-Police-Officer,Cultural and Political Topics,Police Man,181_de.jpg
181,en,DON'T TEXT AND DRIVE <sep> HAS LAPTOP INSTALLED IN CAR,0.0,,,,,Scumbag-Police-Officer,Cultural and Political Topics,Police Man,181_en.jpg
181,es,NO ENVÍE MENSAJES DE TEXTO MIENTRAS CONDUCE <sep> TIENE UN ORDENADOR PORTÁTIL INSTALADO EN EL AUTO,,,0.0,,,Scumbag-Police-Officer,Cultural and Political Topics,Police Man,181_es.jpg
181,hi,टेक्स्ट और गाड़ी एकसाथ न चलाएं <sep> कार में लैपटॉप इंस्टॉल करके रखता है ,,,,,0.0,Scumbag-Police-Officer,Cultural and Political Topics,Police Man,181_hi.jpg
181,zh,不要边开车边发短信 <sep> 在车里安装了笔记本电脑,,,,0.0,,Scumbag-Police-Officer,Cultural and Political Topics,Police Man,181_zh.jpg
182,de,"Hören wir auf, Geld an Ausländer zu schicken <sep> und nutzen wir das Geld, um jeden Amerikaner nach Yale zu schicken",,0.0,,,,Richarabclap,Ethnicity,Middle Eastern,182_de.jpg
182,en,lets stop sending money to foreigners <sep> and use that money to send every american to yale,1.0,,,,,Richarabclap,Ethnicity,Middle Eastern,182_en.jpg
182,es,Dejemos de enviar dinero a extranjeros <sep> y usemos ese dinero para enviar a todos los estadounidenses a Yale.,,,0.0,,,Richarabclap,Ethnicity,Middle Eastern,182_es.jpg
182,hi,आइए विदेशियों को पैसा भेजना बंद करें <sep> और उस पैसे का उपयोग हर अमेरिकी को येल भेजने के लिए करें,,,,,1.0,Richarabclap,Ethnicity,Middle Eastern,182_hi.jpg
182,zh,让我们停止向外国人提供资金 <sep> 并用这些钱把每个美国人送进耶鲁大学,,,,1.0,,Richarabclap,Ethnicity,Middle Eastern,182_zh.jpg
183,de,Bekämpft Räuber mit Fliegenspray <sep> Gut zur Schädlingsbekämpfung,,0.0,,,,Good-Chinese-Student,Countries,China,183_de.jpg
183,en,Fights off robber with fly spray <sep> Good for controlling pests,0.0,,,,,Good-Chinese-Student,Countries,China,183_en.jpg
183,es,Lucha contra los ladrones con spray contra moscas <sep> Bueno para controlar plagas,,,0.0,,,Good-Chinese-Student,Countries,China,183_es.jpg
183,hi,फ्लाई स्प्रे से लुटेरों से लड़ता है <sep> कीटों को नियंत्रित करने के लिए अच्छा है,,,,,0.0,Good-Chinese-Student,Countries,China,183_hi.jpg
183,zh,使用灭蝇喷雾剂驱赶强盗 <sep> 有效控制害虫,,,,1.0,,Good-Chinese-Student,Countries,China,183_zh.jpg
184,de,Deutschland! <sep> immer wieder schön anzuschauen,,0.0,,,,Typical-Germany-Lover,Countries,Germany,184_de.jpg
184,en,Germany! <sep> always fun to watch,0.0,,,,,Typical-Germany-Lover,Countries,Germany,184_en.jpg
184,es,¡Alemania! <sep> siempre divertido de ver,,,0.0,,,Typical-Germany-Lover,Countries,Germany,184_es.jpg
184,hi,जर्मनी! <sep> देखना हमेशा मजेदार होता है,,,,,0.0,Typical-Germany-Lover,Countries,Germany,184_hi.jpg
184,zh,德国！ <sep> 总是很有趣,,,,0.0,,Typical-Germany-Lover,Countries,Germany,184_zh.jpg
185,de,MANCHESTER CITY <sep> EIN LOKALER CLUB FÜR LOKALE FANS,,1.0,,,,Richarabclap,Ethnicity,Middle Eastern,185_de.jpg
185,en,MANCHESTER CITY <sep> A LOCAL CLUB FOR LOCAL FANS,1.0,,,,,Richarabclap,Ethnicity,Middle Eastern,185_en.jpg
185,es,MANCHESTER CITY <sep> UN CLUB LOCAL PARA AFICIONADOS LOCALES,,,1.0,,,Richarabclap,Ethnicity,Middle Eastern,185_es.jpg
185,hi,मैनचेस्टर सिटी <sep> स्थानीय प्रशंसकों के लिए एक स्थानीय क्लब,,,,,1.0,Richarabclap,Ethnicity,Middle Eastern,185_hi.jpg
185,zh,曼城 <sep> 为当地球迷打造的当地俱乐部,,,,1.0,,Richarabclap,Ethnicity,Middle Eastern,185_zh.jpg
186,de,"Ich hatte eine Freundin, die fast vergewaltigt wurde <sep> Deine Argumente sind ungültig",,1.0,,,,Feministfrequently,Cultural and Political Topics,Gender and Family,186_de.jpg
186,en,I had a friend that got almost raped <sep> your argument is invalid,1.0,,,,,Feministfrequently,Cultural and Political Topics,Gender and Family,186_en.jpg
186,es,Tuve una amiga que casi fue violada <sep> tu argumento no es válido,,,1.0,,,Feministfrequently,Cultural and Political Topics,Gender and Family,186_es.jpg
186,hi,मेरा एक दोस्त था जिसका लगभग बलात्कार हो गया था <sep> आपका तर्क अमान्य है,,,,,1.0,Feministfrequently,Cultural and Political Topics,Gender and Family,186_hi.jpg
186,zh,我有一个朋友差点被强奸 <sep> 你的论点无效,,,,1.0,,Feministfrequently,Cultural and Political Topics,Gender and Family,186_zh.jpg
187,de,5 Ziegen und 2 Kühe.. <sep> Ich habe viele Söhne.,,1.0,,,,Arabic-Meme,Ethnicity,Middle Eastern,187_de.jpg
187,en,5 goats and 2 cows.. <sep> I have many sons.,1.0,,,,,Arabic-Meme,Ethnicity,Middle Eastern,187_en.jpg
187,es,5 cabras y 2 vacas.. <sep> Tengo muchos hijos.,,,1.0,,,Arabic-Meme,Ethnicity,Middle Eastern,187_es.jpg
187,hi,5 बकरियां और 2 गायें.. <sep> मेरे कई बेटे हैं।,,,,,0.0,Arabic-Meme,Ethnicity,Middle Eastern,187_hi.jpg
187,zh,5 只山羊和 2 头牛...... <sep> 我有很多儿子。,,,,1.0,,Arabic-Meme,Ethnicity,Middle Eastern,187_zh.jpg
188,de,Wenn es beim ersten Mal nicht klappt <sep> Komm nicht nach Hause,,0.0,,,,Indian-Father,Countries,India,188_de.jpg
188,en,If at first you don't succeed <sep> Don't come home,1.0,,,,,Indian-Father,Countries,India,188_en.jpg
188,es,Si al principio no tienes éxito <sep> no vuelvas a casa.,,,0.0,,,Indian-Father,Countries,India,188_es.jpg
188,hi,यदि पहली बार में तुम सफल नहीं होते हो <sep> तो घर मत आना.,,,,,0.0,Indian-Father,Countries,India,188_hi.jpg
188,zh,如果一开始你没有成功 <sep> 不要回家,,,,0.0,,Indian-Father,Countries,India,188_zh.jpg
189,de,"Den Weihnachtsmann gibt es nicht <sep> es ist Jesus, der dir all diese Geschenke gibt",,0.0,,,,Scumbag-Catholic-Priest,Religion,Christian,189_de.jpg
189,en,Santa Claus doesn't exist <sep> is jesus who give you all those gifts,0.0,,,,,Scumbag-Catholic-Priest,Religion,Christian,189_en.jpg
189,es,Santa Claus no existe <sep> Es Jesús quien te da todos esos regalos,,,0.0,,,Scumbag-Catholic-Priest,Religion,Christian,189_es.jpg
189,hi,सांता क्लॉज़ का अस्तित्व नहीं है <sep> क्या यीशु ही है जो आपको ये सारे उपहार देता है,,,,,1.0,Scumbag-Catholic-Priest,Religion,Christian,189_hi.jpg
189,zh,圣诞老人并不存在 <sep> 是耶稣给了你这裡全部礼物,,,,0.0,,Scumbag-Catholic-Priest,Religion,Christian,189_zh.jpg
18,de,"Ich komme, um <sep> deinen Garten zu pflegen",,1.0,,,,Successful-Mexican,,,18_de.jpg
18,en,I come to <sep> tend your garden,1.0,,,,,Successful-Mexican,,,18_en.jpg
18,es,Vengo a <sep> cuidar tu jardín,,,1.0,,,Successful-Mexican,,,18_es.jpg
18,hi,मै आता हूँ  <sep> अपने बगीचे की देखभाल करें,,,,,1.0,Successful-Mexican,,,18_hi.jpg
18,zh,我来 <sep> 照料你的花园,,,,1.0,,Successful-Mexican,,,18_zh.jpg
190,de,"Sagt, zu schnelles Fahren sei gefährlich <sep> fährt trotzdem ohne Grund zu schnell",,0.0,,,,Scumbag-Police-Officer,Cultural and Political Topics,Police Man,190_de.jpg
190,en,Says speeding is dangerous <sep> speeds anyway without reason,0.0,,,,,Scumbag-Police-Officer,Cultural and Political Topics,Police Man,190_en.jpg
190,es,"Dice que el exceso de velocidad es peligroso <sep> De todos modos, acelera sin motivo",,,1.0,,,Scumbag-Police-Officer,Cultural and Political Topics,Police Man,190_es.jpg
190,hi,कहते हैं तेज़ गति से गाड़ी चलाना ख़तरनाक है <sep> फिर भी बिना कारण तेज़ गति से गाड़ी चलाते हैं,,,,,0.0,Scumbag-Police-Officer,Cultural and Political Topics,Police Man,190_hi.jpg
190,zh,说超速很危险的人 <sep> 都会无缘无故超速,,,,0.0,,Scumbag-Police-Officer,Cultural and Political Topics,Police Man,190_zh.jpg
191,de,Warum hast du <sep> meine Guacamole essen?,,1.0,,,,Mexicanotriste,Countries,Mexico,191_de.jpg
191,en,Why would you <sep> eat my Guacamole?,1.0,,,,,Mexicanotriste,Countries,Mexico,191_en.jpg
191,es,¿Por que lo harias <sep> comer mi guacamole?,,,0.0,,,Mexicanotriste,Countries,Mexico,191_es.jpg
191,hi,तुम क्यों <sep> मेरा ग्वाकामोले खाओगे?,,,,,0.0,Mexicanotriste,Countries,Mexico,191_hi.jpg
191,zh,为什么你会 <sep> 吃我的鳄梨酱？,,,,0.0,,Mexicanotriste,Countries,Mexico,191_zh.jpg
192,de,"Die Geschlechterrollen in der Gesellschaft sind ignorant und falsch! <sep> sagt dir, sei ein Mann und lass dir Eier wachsen.",,1.0,,,,Privilege-Denying-Feminist,Cultural and Political Topics,Gender and Family,192_de.jpg
192,en,"society's Gender roles are ignorant and wrong! <sep> tells you to ""man up and grow some balls""",1.0,,,,,Privilege-Denying-Feminist,Cultural and Political Topics,Gender and Family,192_en.jpg
192,es,"¡Los roles de género de la sociedad son ignorantes y equivocados! <sep> te dice ""hazte hombre y hazte crecer algunas pelotas""",,,1.0,,,Privilege-Denying-Feminist,Cultural and Political Topics,Gender and Family,192_es.jpg
192,hi,समाज की लैंगिक भूमिकाएं अज्ञानतापूर्ण और गलत हैं! <sep> आपको 'मर्द बनने और हिम्मत दिखाने' के लिए कहता है ',,,,,1.0,Privilege-Denying-Feminist,Cultural and Political Topics,Gender and Family,192_hi.jpg
192,zh,社会的性别角色是无知和错误的！ <sep> 告诉你“要勇敢起来，要有勇气”,,,,0.0,,Privilege-Denying-Feminist,Cultural and Political Topics,Gender and Family,192_zh.jpg
193,de,"Ein Mann hatte irgendwelche Emotionen? <sep> Zeit, sie herabzuwürdigen und als frauenfeindlich zu erklären",,1.0,,,,Privilege-Denying-Feminist,Cultural and Political Topics,Gender and Family,193_de.jpg
193,en,A man had some sort of emotion? <sep> time to belittle it and declare it misogynist,1.0,,,,,Privilege-Denying-Feminist,Cultural and Political Topics,Gender and Family,193_en.jpg
193,es,¿Un hombre tuvo algún tipo de emoción? <sep> Es hora de menospreciarla y declararla misógina.,,,1.0,,,Privilege-Denying-Feminist,Cultural and Political Topics,Gender and Family,193_es.jpg
193,hi,क्या किसी पुरुष में कोई भावना थी? <sep> उसे तुच्छ बताने और स्त्रीद्वेषी घोषित करने का समय आ गया है,,,,,1.0,Privilege-Denying-Feminist,Cultural and Political Topics,Gender and Family,193_hi.jpg
193,zh,男人有某种情绪？ <sep> 是时候贬低它并称其为厌恶女性了,,,,1.0,,Privilege-Denying-Feminist,Cultural and Political Topics,Gender and Family,193_zh.jpg
194,de,TRANSFRAUEN <sep> SIND IN DEN MEDIEN MEHR DARGESTELLT ALS ICH,,1.0,,,,Oppressive-Trans-Bro,Sexual Orientation and Gender Identity,Trans,194_de.jpg
194,en,TRANS WOMEN <sep> GET MORE MEDIA REPRESENTATION THAN I DO,0.0,,,,,Oppressive-Trans-Bro,Sexual Orientation and Gender Identity,Trans,194_en.jpg
194,es,LAS MUJERES TRANS <sep> TIENEN MÁS REPRESENTACIÓN MEDIÁTICA QUE YO,,,1.0,,,Oppressive-Trans-Bro,Sexual Orientation and Gender Identity,Trans,194_es.jpg
194,hi,ट्रांस महिलाओं को<sep> मुझसे ज़्यादा मीडिया प्रतिनिधित्व मिलता है,,,,,1.0,Oppressive-Trans-Bro,Sexual Orientation and Gender Identity,Trans,194_hi.jpg
194,zh,跨性别女性 <sep> 比我获得更多的媒体报道,,,,1.0,,Oppressive-Trans-Bro,Sexual Orientation and Gender Identity,Trans,194_zh.jpg
195,de,Wenn ich groß bin <sep> möchte ich eine Dragqueen sein,,1.0,,,,Oppressive-Trans-Bro,Sexual Orientation and Gender Identity,Trans,195_de.jpg
195,en,When I Grow Up <sep> I want to be a drag queen,0.0,,,,,Oppressive-Trans-Bro,Sexual Orientation and Gender Identity,Trans,195_en.jpg
195,es,ando sea mayor <sep> Quiero ser drag queen,,,1.0,,,Oppressive-Trans-Bro,Sexual Orientation and Gender Identity,Trans,195_es.jpg
195,hi,जब मैं बड़ी हो जाऊंगी <sep> मैं ड्रैग क्वीन बनना चाहती हूं,,,,,0.0,Oppressive-Trans-Bro,Sexual Orientation and Gender Identity,Trans,195_hi.jpg
195,zh,长大后 <sep> 我想成为一名变装皇后,,,,0.0,,Oppressive-Trans-Bro,Sexual Orientation and Gender Identity,Trans,195_zh.jpg
196,de,"Ich habe gehört, es gibt eine Entführung <sep> bin ich zu spät?",,1.0,,,,Y-U-So-Arab,Ethnicity,Middle Eastern,196_de.jpg
196,en,I heard there is a hijack <sep> am i too late?,1.0,,,,,Y-U-So-Arab,Ethnicity,Middle Eastern,196_en.jpg
196,es,He oído que hay un secuestro <sep> ¿llego demasiado tarde?,,,1.0,,,Y-U-So-Arab,Ethnicity,Middle Eastern,196_es.jpg
196,hi,मैंने सुना है कि अपहरण हो गया है <sep> क्या मैं बहुत देर से आया हूँ?,,,,,1.0,Y-U-So-Arab,Ethnicity,Middle Eastern,196_hi.jpg
196,zh,我听说发生了劫机事件 <sep> 我来晚了吗？,,,,1.0,,Y-U-So-Arab,Ethnicity,Middle Eastern,196_zh.jpg
197,de,Ich kenne die Lage besser als du <sep> „Jetzt beuge dich vor“,,1.0,,,,Scumbag-Police-Officer,Cultural and Political Topics,Police Man,197_de.jpg
197,en,"I know the lay better then you <sep> ""now bend over""",1.0,,,,,Scumbag-Police-Officer,Cultural and Political Topics,Police Man,197_en.jpg
197,es,"Cnozco la ley mejor que tú. <sep> ""ahora inclínate"".",,,1.0,,,Scumbag-Police-Officer,Cultural and Political Topics,Police Man,197_es.jpg
197,hi,"मैं तुमसे बेहतर जानता हूँ <sep> ""अब झुक जाओ""",,,,,1.0,Scumbag-Police-Officer,Cultural and Political Topics,Police Man,197_hi.jpg
197,zh,我比你更懂这个道理 <sep> “现在弯腰”,,,,1.0,,Scumbag-Police-Officer,Cultural and Political Topics,Police Man,197_zh.jpg
198,de,Will sein Geschlecht nicht ändern lassen <sep> weil er nicht in ein Männergefängnis will,,1.0,,,,Oppressive-Trans-Bro,Sexual Orientation and Gender Identity,Trans,198_de.jpg
198,en,Won't get gender legally changed <sep> because he doesn't want to go to a men's prison,1.0,,,,,Oppressive-Trans-Bro,Sexual Orientation and Gender Identity,Trans,198_en.jpg
198,es,No cambiará legalmente su género <sep> porque no quiere ir a una prisión de hombres.,,,1.0,,,Oppressive-Trans-Bro,Sexual Orientation and Gender Identity,Trans,198_es.jpg
198,hi,कानूनी तौर पर लिंग परिवर्तन नहीं करवाएगा <sep> क्योंकि वह पुरुषों की जेल में नहीं जाना चाहता,,,,,1.0,Oppressive-Trans-Bro,Sexual Orientation and Gender Identity,Trans,198_hi.jpg
198,zh,不会合法改变性别 <sep> 因为他不想去男子监狱,,,,1.0,,Oppressive-Trans-Bro,Sexual Orientation and Gender Identity,Trans,198_zh.jpg
199,de,Alalalalalalallaah <sep> Das ist der Klang nach dem Masoud in Sultans süßem Arsch kommt ,,1.0,,,,Arabic-Meme,Ethnicity,Middle Eastern,199_de.jpg
199,en,Alalalalalalallaah <sep> Thats the sound after masoud nuts in sultans sweet ass,1.0,,,,,Arabic-Meme,Ethnicity,Middle Eastern,199_en.jpg
199,es,Alalalalalalallaah <sep> Ese es el sonido después de las nueces de Masoud en el dulce culo del sultán,,,1.0,,,Arabic-Meme,Ethnicity,Middle Eastern,199_es.jpg
199,hi,अलालाललाललल्लाह <sep> यह सुल्तान की मीठी गांड में मसूद क्रीमपाईक्रीमपाई होने के बाद की आवाज है,,,,,1.0,Arabic-Meme,Ethnicity,Middle Eastern,199_hi.jpg
199,zh,Alalalalalalallaah <sep> 这是马苏德在苏丹甜屁股里射精后发出的声音,,,,1.0,,Arabic-Meme,Ethnicity,Middle Eastern,199_zh.jpg
19,de,ICH HABE DIE GRENZE ÜBERSCHRITTEN <sep> DESHALB BIN ICH FROH,,1.0,,,,Successful-Mexican,,,19_de.jpg
19,en,I PASSED THE BORDER <sep> THATS WHY IM HAPPY,1.0,,,,,Successful-Mexican,,,19_en.jpg
19,es,YO CRUCE A LA FRONTERA <sep> POR ESO ESTOY FELIZ.,,,1.0,,,Successful-Mexican,,,19_es.jpg
19,hi,मैं सीमा पार कर गया <sep> इसीलिए मैं खुश हूँ,,,,,1.0,Successful-Mexican,,,19_hi.jpg
19,zh,我越过了边境 <sep> 这就是我很高兴的原因,,,,1.0,,Successful-Mexican,,,19_zh.jpg
1,de,"Hmmm ... <sep> Frittiertes Hühnchen, sagst du",,0.0,,,,Skeptical-Black-Kid,Ethnicity,Black,1_de.jpg
1,en,Hmmm... <sep> Fried chicken you say,1.0,,,,,Skeptical-Black-Kid,Ethnicity,Black,1_en.jpg
1,es,"Hmmm... <sep> ¿Pollo frito, dices?",,,1.0,,,Skeptical-Black-Kid,Ethnicity,Black,1_es.jpg
1,hi,हम्म्म... <sep> फ्राइड चिकन आप कहते हैं,,,,,0.0,Skeptical-Black-Kid,Ethnicity,Black,1_hi.jpg
1,zh,嗯... <sep> 你说炸鸡,,,,0.0,,Skeptical-Black-Kid,Ethnicity,Black,1_zh.jpg
200,de,Auf dem Weg zu Ellie <sep> Wer kommt mit?,,1.0,,,,Mexicans-On-A-Truck,Countries,Mexico,200_de.jpg
200,en,Heading to Ellie's <sep> Who's coming?,0.0,,,,,Mexicans-On-A-Truck,Countries,Mexico,200_en.jpg
200,es,Rumbo a casa de Ellie <sep> ¿Quién viene?,,,0.0,,,Mexicans-On-A-Truck,Countries,Mexico,200_es.jpg
200,hi,एली के पास जा रहा हूँ <sep> कौन आ रहा है?,,,,,0.0,Mexicans-On-A-Truck,Countries,Mexico,200_hi.jpg
200,zh,前往艾莉家 <sep> 谁会来？,,,,1.0,,Mexicans-On-A-Truck,Countries,Mexico,200_zh.jpg
201,de,"Regel Nr. 4 <sep> Wenn er dich wirklich mag, wird er dir verzeihen.",,0.0,,,,Bad-Advice-Asian,Ethnicity,Asian,201_de.jpg
201,en,"#4 rule <sep> If he truly likes you, he'll forgive you.",0.0,,,,,Bad-Advice-Asian,Ethnicity,Asian,201_en.jpg
201,es,"Regla #4 <sep> Si realmente le gustas, te perdonará.",,,0.0,,,Bad-Advice-Asian,Ethnicity,Asian,201_es.jpg
201,hi,"नियम #4 <sep> अगर वह सचमुच आपको पसंद करता है, तो वह आपको माफ कर देगा।",,,,,0.0,Bad-Advice-Asian,Ethnicity,Asian,201_hi.jpg
201,zh,规则#4 <sep> 如果他真的喜欢你，他会原谅你。,,,,0.0,,Bad-Advice-Asian,Ethnicity,Asian,201_zh.jpg
202,de,diese verdammten Fotzen <sep> sind so hysterisch,,1.0,,,,Oppressive-Trans-Bro,Sexual Orientation and Gender Identity,Trans,202_de.jpg
202,en,these fucking cunts <sep> are so hysterical,1.0,,,,,Oppressive-Trans-Bro,Sexual Orientation and Gender Identity,Trans,202_en.jpg
202,es,Estos malditos maricones<sep> están tan histéricos.,,,1.0,,,Oppressive-Trans-Bro,Sexual Orientation and Gender Identity,Trans,202_es.jpg
202,hi,ये कमबख्त चूतें <sep> बहुत उन्मादपूर्ण हैं,,,,,0.0,Oppressive-Trans-Bro,Sexual Orientation and Gender Identity,Trans,202_hi.jpg
202,zh,这些混蛋 <sep> 太歇斯底里了,,,,0.0,,Oppressive-Trans-Bro,Sexual Orientation and Gender Identity,Trans,202_zh.jpg
203,de,"Afrika für die Afrikaner, Asien für die Asiaten <sep> Weiße Länder für alle!",,1.0,,,,Muslim-Immigrant,Religion,Islam,203_de.jpg
203,en,africa for the africans asia for the asians <sep> white countries for everyone !,1.0,,,,,Muslim-Immigrant,Religion,Islam,203_en.jpg
203,es,África para los africanos Asia para los asiáticos <sep> ¡Países blancos para todos!,,,1.0,,,Muslim-Immigrant,Religion,Islam,203_es.jpg
203,hi,"अफ्रीका अफ्रीकियों के लिए, एशिया एशियाई लोगों के लिए <sep> श्वेत देश सबके लिए!",,,,,1.0,Muslim-Immigrant,Religion,Islam,203_hi.jpg
203,zh,非洲是非洲人的，亚洲是亚洲人的 <sep> 白种人国家是所有人的！,,,,1.0,,Muslim-Immigrant,Religion,Islam,203_zh.jpg
204,de,beim Umarmen <sep> lass immer Platz für Jesus,,0.0,,,,Jesus-Christ,Religion,Christian,204_de.jpg
204,en,when hugging <sep> always leave room for jesus,0.0,,,,,Jesus-Christ,Religion,Christian,204_en.jpg
204,es,Cuando abraces <sep> siempre deja espacio para Jesús.,,,0.0,,,Jesus-Christ,Religion,Christian,204_es.jpg
204,hi,गले मिलते समय <sep> हमेशा यीशु के लिए जगह छोड़ो,,,,,0.0,Jesus-Christ,Religion,Christian,204_hi.jpg
204,zh,拥抱时 <sep> 总是给耶稣留出空间,,,,0.0,,Jesus-Christ,Religion,Christian,204_zh.jpg
205,de,Polizisten... <sep> Lachen nur über ihre eigenen Witze,,0.0,,,,Scumbag-Police-Officer,Cultural and Political Topics,Police Man,205_de.jpg
205,en,Cops... <sep> Only laugh at their own jokes,0.0,,,,,Scumbag-Police-Officer,Cultural and Political Topics,Police Man,205_en.jpg
205,es,Policías... <sep> Sólo se ríen de sus propios chistes.,,,0.0,,,Scumbag-Police-Officer,Cultural and Political Topics,Police Man,205_es.jpg
205,hi,पुलिस... <sep> केवल अपने ही चुटकुलों पर हंसती है,,,,,1.0,Scumbag-Police-Officer,Cultural and Political Topics,Police Man,205_hi.jpg
205,zh,警察...... <sep> 只会对自己的笑话发笑,,,,1.0,,Scumbag-Police-Officer,Cultural and Political Topics,Police Man,205_zh.jpg
206,de,ich weiß nicht viel über Russland <sep> weil ich kein Spanisch spreche,,1.0,,,,Obese-American,Countries,USA,206_de.jpg
206,en,i don't know much about russia <sep> because i don't speak spanish,1.0,,,,,Obese-American,Countries,USA,206_en.jpg
206,es,No sé mucho sobre Rusia <sep> porque no hablo español,,,1.0,,,Obese-American,Countries,USA,206_es.jpg
206,hi,मैं रूस के बारे में ज़्यादा नहीं जानता <sep> क्योंकि मैं स्पेनिश नहीं बोलता,,,,,1.0,Obese-American,Countries,USA,206_hi.jpg
206,zh,我不太了解俄罗斯 <sep> 因为我不会说西班牙语,,,,1.0,,Obese-American,Countries,USA,206_zh.jpg
207,de,Du gibst also zu <sep> Frauenkleidung zu tragen,,1.0,,,,Transvestite-Trevor,Sexual Orientation and Gender Identity,Trans,207_de.jpg
207,en,So you admit <sep> To wearing women's clothing,1.0,,,,,Transvestite-Trevor,Sexual Orientation and Gender Identity,Trans,207_en.jpg
207,es,Así que admites <sep> Llevar ropa de mujer,,,0.0,,,Transvestite-Trevor,Sexual Orientation and Gender Identity,Trans,207_es.jpg
207,hi,तो आप मानते हैं <sep> महिलाओं के कपड़े पहनने के लिए,,,,,1.0,Transvestite-Trevor,Sexual Orientation and Gender Identity,Trans,207_hi.jpg
207,zh,所以你承认 <sep> 穿女装,,,,0.0,,Transvestite-Trevor,Sexual Orientation and Gender Identity,Trans,207_zh.jpg
208,de,"harte Drogengesetze funktionieren nicht <sep> also macht es nur Sinn, wenn wir die Gesetze HÄRTER machen",,0.0,,,,Scumbag-Police-Officer,Cultural and Political Topics,Police Man,208_de.jpg
208,en,tough drugs laws aren't working <sep> so it only makes sense if we make the laws TOUGHER,0.0,,,,,Scumbag-Police-Officer,Cultural and Political Topics,Police Man,208_en.jpg
208,es,Las leyes duras contra las drogas no funcionan <sep> Por eso solo tiene sentido si hacemos que las leyes sean MÁS DURAS,,,0.0,,,Scumbag-Police-Officer,Cultural and Political Topics,Police Man,208_es.jpg
208,hi,सख्त नशीली दवाओं के कानून काम नहीं कर रहे हैं <sep> इसलिए यह तभी समझ में आता है जब हम कानूनों को और सख्त बनाते हैं,,,,,0.0,Scumbag-Police-Officer,Cultural and Political Topics,Police Man,208_hi.jpg
208,zh,严厉的毒品法不起作用 <sep> 所以只有我们制定更严厉的法律才有意义,,,,0.0,,Scumbag-Police-Officer,Cultural and Political Topics,Police Man,208_zh.jpg
209,de,dieser Mann <sep> besitzt keinen Spiegel,,1.0,,,,White-Power-Problems,Ethnicity,White,209_de.jpg
209,en,this man <sep> does not own a mirror,0.0,,,,,White-Power-Problems,Ethnicity,White,209_en.jpg
209,es,este hombre <sep> no tiene espejo,,,1.0,,,White-Power-Problems,Ethnicity,White,209_es.jpg
209,hi,यह आदमी <sep> उसके पास दर्पण नहीं है,,,,,0.0,White-Power-Problems,Ethnicity,White,209_hi.jpg
209,zh,这个人 <sep> 没有镜子,,,,0.0,,White-Power-Problems,Ethnicity,White,209_zh.jpg
20,de,MINDERHEIT <sep> NICHT BEI METRO TECH!!,,1.0,,,,Successful-Mexican,,,20_de.jpg
20,en,MINORITY <sep> NOT AT METRO TECH!!,1.0,,,,,Successful-Mexican,,,20_en.jpg
20,es,MINORÍA <sep> ¡¡NO EN METRO TECH!!,,,1.0,,,Successful-Mexican,,,20_es.jpg
20,hi,अल्पसंख्यक <sep> मेट्रो टेक में नहीं!!,,,,,1.0,Successful-Mexican,,,20_hi.jpg
20,zh,少数民族 <sep> 不在 METRO TECH!!,,,,1.0,,Successful-Mexican,,,20_zh.jpg
210,de,"Gefällt dir nicht, was du siehst? <sep> Bück dich nicht vor mir",,1.0,,,,Oppressive-Trans-Bro,Sexual Orientation and Gender Identity,Trans,210_de.jpg
210,en,Don't like what you see? <sep> Don't bend over in front of me,1.0,,,,,Oppressive-Trans-Bro,Sexual Orientation and Gender Identity,Trans,210_en.jpg
210,es,¿No te gusta lo que ves? <sep> No te inclines frente a mí.,,,0.0,,,Oppressive-Trans-Bro,Sexual Orientation and Gender Identity,Trans,210_es.jpg
210,hi,तुम्हें जो दिख रहा है वो पसंद नहीं है? <sep> मेरे सामने मत झुको,,,,,1.0,Oppressive-Trans-Bro,Sexual Orientation and Gender Identity,Trans,210_hi.jpg
210,zh,不喜欢您所看到的吗？ <sep> 不要在我面前弯腰,,,,0.0,,Oppressive-Trans-Bro,Sexual Orientation and Gender Identity,Trans,210_zh.jpg
211,de,"Beschwert sich, dass Frauen in MINT-Fächern unterrepräsentiert sind <sep> Macht einen Abschluss in Frauenstudien",,1.0,,,,Feministfrequently,Cultural and Political Topics,Gender and Family,211_de.jpg
211,en,Complains that women are underrepresented in STEM fields <sep> Gets a degree in women's studies,0.0,,,,,Feministfrequently,Cultural and Political Topics,Gender and Family,211_en.jpg
211,es,Se queja de que las mujeres están subrepresentadas en campos STEM <sep> y obtiene un título en estudios de género.,,,1.0,,,Feministfrequently,Cultural and Political Topics,Gender and Family,211_es.jpg
211,hi,शिकायत है कि STEM क्षेत्रों में महिलाओं का प्रतिनिधित्व कम है <sep> महिला अध्ययन में डिग्री प्राप्त की,,,,,1.0,Feministfrequently,Cultural and Political Topics,Gender and Family,211_hi.jpg
211,zh,抱怨女性在 STEM 领域的代表性不足 <sep> 获得女性研究学位,,,,1.0,,Feministfrequently,Cultural and Political Topics,Gender and Family,211_zh.jpg
212,de,"BEWAHREN SIE RUHE UND <sep> SEHEN SIE ZU, WIE DEUTSCHLAND SIEGT!!",,0.0,,,,Typical-Germany-Lover,Countries,Germany,212_de.jpg
212,en,KEEP CALM AND <sep> WATCH GERMANY WIN!!,0.0,,,,,Typical-Germany-Lover,Countries,Germany,212_en.jpg
212,es,MANTÉN LA CALMA Y <sep> ¡MIRA CÓMO GANA ALEMANIA!,,,0.0,,,Typical-Germany-Lover,Countries,Germany,212_es.jpg
212,hi,शांत रहें और <sep> जर्मनी को जीतते देखिये!!,,,,,1.0,Typical-Germany-Lover,Countries,Germany,212_hi.jpg
212,zh,保持冷静和 <sep> 看着德国胜利！！,,,,1.0,,Typical-Germany-Lover,Countries,Germany,212_zh.jpg
213,de,"BEHALTE RUHE, BRASILIEN, UND <sep> WIR HALTEN ES KURZ UND AUF DEN PUNKT",,0.0,,,,Typical-Germany-Lover,Countries,Germany,213_de.jpg
213,en,KEEP CALM BRAZIL AND <sep> WE WILL KEEP IT SHORT AND TO THE POINT,0.0,,,,,Typical-Germany-Lover,Countries,Germany,213_en.jpg
213,es,MANTENGA LA CALMA BRASIL Y <sep> SERÁ BREVE Y CONCRETO,,,0.0,,,Typical-Germany-Lover,Countries,Germany,213_es.jpg
213,hi,शांत रहो ब्राज़ील और <sep> हम इसे संक्षिप्त और मुद्दे पर रखेंगे,,,,,1.0,Typical-Germany-Lover,Countries,Germany,213_hi.jpg
213,zh,巴西保持冷静 <sep> 我们将会简短而直截了当,,,,1.0,,Typical-Germany-Lover,Countries,Germany,213_zh.jpg
214,de,wer ist SCHOCKIERT <sep> vom RASSISMUS ??,,1.0,,,,Y-U-So-Arab,Ethnicity,Middle Eastern,214_de.jpg
214,en,who's SHOCKED <sep> by the RACISM ??,0.0,,,,,Y-U-So-Arab,Ethnicity,Middle Eastern,214_en.jpg
214,es,¿Quién está SORPRENDIDO? <sep> ¿por el RACISMO??,,,1.0,,,Y-U-So-Arab,Ethnicity,Middle Eastern,214_es.jpg
214,hi,कौन हैरान है <sep> नस्लवाद से ??,,,,,1.0,Y-U-So-Arab,Ethnicity,Middle Eastern,214_hi.jpg
214,zh,谁感到震惊 <sep> 因为种族主义？？,,,,1.0,,Y-U-So-Arab,Ethnicity,Middle Eastern,214_zh.jpg
215,de,"hat Schwierigkeiten, im Einzelhandel Arbeit zu finden <sep> gibt umgekehrter Diskriminierung die Schuld",,1.0,,,,White-Power-Problems,Ethnicity,White,215_de.jpg
215,en,has difficulty finding work in retail <sep> blames reverse discrimination,1.0,,,,,White-Power-Problems,Ethnicity,White,215_en.jpg
215,es,tiene dificultades para encontrar trabajo en el comercio minorista <sep> culpa a la discriminación inversa,,,1.0,,,White-Power-Problems,Ethnicity,White,215_es.jpg
215,hi,खुदरा क्षेत्र में काम पाने में कठिनाई होती है <sep> रिवर्स भेदभाव को दोषी ठहराते हैं,,,,,1.0,White-Power-Problems,Ethnicity,White,215_hi.jpg
215,zh,很难在零售业找到工作 <sep> 归咎于逆向歧视,,,,1.0,,White-Power-Problems,Ethnicity,White,215_zh.jpg
216,de,Wenn du an den Strand gehst und niemand einen Badeanzug hat <sep> ,,1.0,,,,Confused-Muslim-Girl,Religion,Islam,216_de.jpg
216,en,When you go to the beach and no one has a suit <sep> ,0.0,,,,,Confused-Muslim-Girl,Religion,Islam,216_en.jpg
216,es,Cuando vas a la playa y nadie tiene traje <sep> ,,,0.0,,,Confused-Muslim-Girl,Religion,Islam,216_es.jpg
216,hi,जब आप समुद्र तट पर जाते हैं और किसी के पास सूट नहीं होता <sep> ,,,,,0.0,Confused-Muslim-Girl,Religion,Islam,216_hi.jpg
216,zh,当你去海滩，没有人穿泳衣时 <sep> ,,,,1.0,,Confused-Muslim-Girl,Religion,Islam,216_zh.jpg
217,de,DAS UNIVERSUM <sep> EXISTIERT NICHT,,0.0,,,,American-Flag-Shotgun-Guy,Countries,USA,217_de.jpg
217,en,THE UNIVERSE <sep> DOES NOT EXIST,0.0,,,,,American-Flag-Shotgun-Guy,Countries,USA,217_en.jpg
217,es,EL UNIVERSO <sep> NO EXISTE,,,0.0,,,American-Flag-Shotgun-Guy,Countries,USA,217_es.jpg
217,hi,ब्रह्माण्ड <sep> अस्तित्व में नहीं है,,,,,1.0,American-Flag-Shotgun-Guy,Countries,USA,217_hi.jpg
217,zh,宇宙 <sep> 不存在,,,,1.0,,American-Flag-Shotgun-Guy,Countries,USA,217_zh.jpg
218,de,"ich bin so froh, dass wir Kinder haben <sep> zum Explodieren",,1.0,,,,Richarabclap,Ethnicity,Middle Eastern,218_de.jpg
218,en,i'm so happy we have kids <sep> to blow up,1.0,,,,,Richarabclap,Ethnicity,Middle Eastern,218_en.jpg
218,es,Estoy tan feliz de que tengamos hijos <sep> para explotar,,,1.0,,,Richarabclap,Ethnicity,Middle Eastern,218_es.jpg
218,hi,मैं बहुत खुश हूँ कि हमारे पास बच्चे हैं <sep> उड़ाने के लिए,,,,,1.0,Richarabclap,Ethnicity,Middle Eastern,218_hi.jpg
218,zh,我很高兴我们有孩子 <sep> 爆炸了,,,,1.0,,Richarabclap,Ethnicity,Middle Eastern,218_zh.jpg
219,de,Sei im Internet wütend! <sep> Es wird Dinge im echten Leben verändern!,,0.0,,,,Feministfrequently,Cultural and Political Topics,Gender and Family,219_de.jpg
219,en,Be angry on the internet! <sep> It will change things in real life!,0.0,,,,,Feministfrequently,Cultural and Political Topics,Gender and Family,219_en.jpg
219,es,¡Enójate en el internet! <sep> ¡Eso cambiará las cosas en la vida real!,,,0.0,,,Feministfrequently,Cultural and Political Topics,Gender and Family,219_es.jpg
219,hi,इंटरनेट पर गुस्सा करें! <sep> यह वास्तविक जीवन में चीजें बदल देगा!,,,,,1.0,Feministfrequently,Cultural and Political Topics,Gender and Family,219_hi.jpg
219,zh,在网上发怒吧！ <sep> 它将改变现实生活中的事情！,,,,0.0,,Feministfrequently,Cultural and Political Topics,Gender and Family,219_zh.jpg
21,de,Mein Name ist Emmanuel <sep> ich mähe Ihren Rasen $.50,,1.0,,,,Successful-Mexican,,,21_de.jpg
21,en,My name is emmanuel <sep> i mow your lawn $.50,1.0,,,,,Successful-Mexican,,,21_en.jpg
21,es,Mi nombre es emmanuel <sep> corto tu césped $.50,,,1.0,,,Successful-Mexican,,,21_es.jpg
21,hi,मेरा नाम इमैनुएल है <sep> मैं आपके लॉन की घास काटता हूँ $.50,,,,,0.0,Successful-Mexican,,,21_hi.jpg
21,zh,我的名字是 Emmanuel <sep> 我帮你修剪草坪 $.50,,,,1.0,,Successful-Mexican,,,21_zh.jpg
220,de,Wenn Crosby erschossen wird und du nicht einmal eingeladen bist <sep> ,,1.0,,,,Confused-Muslim-Girl,Religion,Islam,220_de.jpg
220,en,When Crosby gets shot and you're not even invited <sep> ,0.0,,,,,Confused-Muslim-Girl,Religion,Islam,220_en.jpg
220,es,Cuando disparan a Crosby y ni siquiera te invitan <sep> ,,,1.0,,,Confused-Muslim-Girl,Religion,Islam,220_es.jpg
220,hi,जब क्रॉस्बी को गोली मार दी जाती है और आपको आमंत्रित भी नहीं किया जाता <sep> ,,,,,1.0,Confused-Muslim-Girl,Religion,Islam,220_hi.jpg
220,zh,当克罗斯比被枪杀而你甚至没有被邀请时 <sep> ,,,,1.0,,Confused-Muslim-Girl,Religion,Islam,220_zh.jpg
221,de,komm her!! <sep> ,,0.0,,,,Policeman,Cultural and Political Topics,Police Man,221_de.jpg
221,en,come here!! <sep> ,0.0,,,,,Policeman,Cultural and Political Topics,Police Man,221_en.jpg
221,es,¡¡ven aquí!! <sep> ,,,0.0,,,Policeman,Cultural and Political Topics,Police Man,221_es.jpg
221,hi,यहाँ आओ!! <sep> ,,,,,0.0,Policeman,Cultural and Political Topics,Police Man,221_hi.jpg
221,zh,过来！！ <sep> ,,,,0.0,,Policeman,Cultural and Political Topics,Police Man,221_zh.jpg
222,de,Du zahlst Steuern <sep> wegen uns,,1.0,,,,Advicejew,Religion,Judaism,222_de.jpg
222,en,you pay taxes <sep> because of us,1.0,,,,,Advicejew,Religion,Judaism,222_en.jpg
222,es,pagas impuestos <sep> gracias a nosotros,,,1.0,,,Advicejew,Religion,Judaism,222_es.jpg
222,hi,आप करों का भुगतान करते हैं <sep> हमारे कारण,,,,,1.0,Advicejew,Religion,Judaism,222_hi.jpg
222,zh,你纳税<sep>是给我们纳的,,,,1.0,,Advicejew,Religion,Judaism,222_zh.jpg
223,de,"Beschweren Sie sich über das System <sep> Kooperiert nicht, um Leistungen zu erhalten",,1.0,,,,Confused-Muslim-Girl,Religion,Islam,223_de.jpg
223,en,Complain about the system <sep> Doesn't cooperate in order to receive benefits,1.0,,,,,Confused-Muslim-Girl,Religion,Islam,223_en.jpg
223,es,Quejarse del sistema <sep> No coopera para recibir beneficios,,,0.0,,,Confused-Muslim-Girl,Religion,Islam,223_es.jpg
223,hi,सिस्टम के बारे में शिकायत करें <sep> लाभ प्राप्त करने में सहयोग नहीं करता,,,,,1.0,Confused-Muslim-Girl,Religion,Islam,223_hi.jpg
223,zh,投诉系统 <sep> 为了获得好处而不合作,,,,0.0,,Confused-Muslim-Girl,Religion,Islam,223_zh.jpg
224,de,Wenn sie Omar fragen... <sep> Du bist VEGETARIER?!,,1.0,,,,Confused-Muslim-Girl,Religion,Islam,224_de.jpg
224,en,When they ask Omar.. <sep> You are VEGETARIAN?!,1.0,,,,,Confused-Muslim-Girl,Religion,Islam,224_en.jpg
224,es,Cuando le preguntan a Omar.. <sep> ¡¿Eres VEGETARIANO?!,,,0.0,,,Confused-Muslim-Girl,Religion,Islam,224_es.jpg
224,hi,जब उन्होंने उमर से पूछा.. <sep> आप शाकाहारी हैं?!,,,,,0.0,Confused-Muslim-Girl,Religion,Islam,224_hi.jpg
224,zh,当他们问奥马尔...... <sep> 你是素食主义者吗？！,,,,1.0,,Confused-Muslim-Girl,Religion,Islam,224_zh.jpg
225,de,Wenn Mr. Greene spricht... <sep> Was soll das überhaupt bedeuten?!,,0.0,,,,Confused-Muslim-Girl,Religion,Islam,225_de.jpg
225,en,When Mr. Greene talks... <sep> What does that even mean?!,0.0,,,,,Confused-Muslim-Girl,Religion,Islam,225_en.jpg
225,es,Cuando el señor Greene habla... <sep> ¡¿Qué significa eso?!,,,0.0,,,Confused-Muslim-Girl,Religion,Islam,225_es.jpg
225,hi,जब मिस्टर ग्रीन बोलते हैं... <sep> इसका क्या मतलब है?!,,,,,1.0,Confused-Muslim-Girl,Religion,Islam,225_hi.jpg
225,zh,当格林先生讲话时... <sep> 那到底是什么意思？！,,,,0.0,,Confused-Muslim-Girl,Religion,Islam,225_zh.jpg
226,de,Stinkt nach Curry <sep> ,,1.0,,,,Arabic-Meme,Ethnicity,Middle Eastern,226_de.jpg
226,en,Reeks of curry <sep> ,1.0,,,,,Arabic-Meme,Ethnicity,Middle Eastern,226_en.jpg
226,es,Huele a curry <sep> ,,,1.0,,,Arabic-Meme,Ethnicity,Middle Eastern,226_es.jpg
226,hi,करी की बदबू आ रही है <sep> ,,,,,0.0,Arabic-Meme,Ethnicity,Middle Eastern,226_hi.jpg
226,zh,咖喱味十足 <sep> ,,,,1.0,,Arabic-Meme,Ethnicity,Middle Eastern,226_zh.jpg
227,de,"Nacktfotos sind keine Schande <sep> Hören Sie auf, Frauen zu erniedrigen, indem Sie ihre Nacktfotos veröffentlichen",,0.0,,,,Privilege-Denying-Feminist,Cultural and Political Topics,Gender and Family,227_de.jpg
227,en,there's no shame in nude photos <sep> stop humiliating women by releasing their nude photos,0.0,,,,,Privilege-Denying-Feminist,Cultural and Political Topics,Gender and Family,227_en.jpg
227,es,No hay vergüenza en las fotos de desnudos <sep> Dejen de humillar a las mujeres publicando sus fotos de desnudos,,,0.0,,,Privilege-Denying-Feminist,Cultural and Political Topics,Gender and Family,227_es.jpg
227,hi,नग्न तस्वीरों में कोई शर्म नहीं है <sep> महिलाओं की नग्न तस्वीरें जारी करके उन्हें अपमानित करना बंद करें,,,,,1.0,Privilege-Denying-Feminist,Cultural and Political Topics,Gender and Family,227_hi.jpg
227,zh,裸照并不可耻 <sep> 不要再发布裸照来羞辱女性,,,,1.0,,Privilege-Denying-Feminist,Cultural and Political Topics,Gender and Family,227_zh.jpg
228,de,"Ehtnisches Profiling? <sep> Ich habe selbst Nachforschungen angestellt und festgestellt, dass ich nichts falsch gemacht habe",,1.0,,,,Scumbag-Police-Officer,Cultural and Political Topics,Police Man,228_de.jpg
228,en,Racial profiling? <sep> I investigated myself and found I did nothing wrong,1.0,,,,,Scumbag-Police-Officer,Cultural and Political Topics,Police Man,228_en.jpg
228,es,¿Perfiles raciales? <sep> Me investigué a mi mismo y descubrí que no hice nada malo,,,1.0,,,Scumbag-Police-Officer,Cultural and Political Topics,Police Man,228_es.jpg
228,hi,नस्लीय प्रोफाइलिंग? <sep> मैंने खुद जांच की और पाया कि मैंने कुछ भी गलत नहीं किया,,,,,0.0,Scumbag-Police-Officer,Cultural and Political Topics,Police Man,228_hi.jpg
228,zh,种族定性？ <sep> 我调查了自己，发现我没有做错什么,,,,0.0,,Scumbag-Police-Officer,Cultural and Political Topics,Police Man,228_zh.jpg
229,de,Wenn deine Ingenieurgruppe viel schlauer ist als du <sep> ,,1.0,,,,Confused-Muslim-Girl,Religion,Islam,229_de.jpg
229,en,When your engineering group is way smarter than you <sep> ,0.0,,,,,Confused-Muslim-Girl,Religion,Islam,229_en.jpg
229,es,Cuando tu grupo de ingeniería es mucho más inteligente que tú <sep>,,,1.0,,,Confused-Muslim-Girl,Religion,Islam,229_es.jpg
229,hi,जब आपका इंजीनियरिंग समूह आपसे कहीं अधिक बुद्धिमान हो <sep> ,,,,,0.0,Confused-Muslim-Girl,Religion,Islam,229_hi.jpg
229,zh,当你的工程团队比你聪明得多时 <sep> ,,,,0.0,,Confused-Muslim-Girl,Religion,Islam,229_zh.jpg
22,de,MÄDCHEN FINDEN MICH SEXY <sep> <emp>,,0.0,,,,Black-Kid,,,22_de.jpg
22,en,GIRLS THINK I'M SEXY <sep> <emp>,0.0,,,,,Black-Kid,,,22_en.jpg
22,es,LAS CHICAS PIENSAN QUE SOY SEXY <sep> <emp>,,,0.0,,,Black-Kid,,,22_es.jpg
22,hi,लड़कियाँ सोचती हैं कि मैं कामुक हूँ <sep> <emp> ,,,,,1.0,Black-Kid,,,22_hi.jpg
22,zh,女孩认为我很性感 <sep> <emp>,,,,0.0,,Black-Kid,,,22_zh.jpg
230,de,"was gibt es zum Abendessen? Ziege? <sep> warte, wo ist meine Frau???",,1.0,,,,Arabic-Meme,Ethnicity,Middle Eastern,230_de.jpg
230,en,"whats for dinner? goat? <sep> wait, where's my wife???",1.0,,,,,Arabic-Meme,Ethnicity,Middle Eastern,230_en.jpg
230,es,"¿que hay para cenar? ¿cabra? <sep> espera, ¿dónde está mi esposa???",,,1.0,,,Arabic-Meme,Ethnicity,Middle Eastern,230_es.jpg
230,hi,"रात के खाने में क्या है? बकरी? <sep> रुको, मेरी पत्नी कहाँ है???",,,,,1.0,Arabic-Meme,Ethnicity,Middle Eastern,230_hi.jpg
230,zh,晚餐吃什么？山羊？ <sep> 等一下，我的妻子在哪儿？？？,,,,1.0,,Arabic-Meme,Ethnicity,Middle Eastern,230_zh.jpg
231,de,"Frauen <sep> warum hört ihr nicht auf, Auto zu fahren?!",,1.0,,,,Y-U-So-Arab,Ethnicity,Middle Eastern,231_de.jpg
231,en,women <sep> why do you not stop trying to drive?!,1.0,,,,,Y-U-So-Arab,Ethnicity,Middle Eastern,231_en.jpg
231,es,mujeres <sep> ¡¿por qué no dejas de intentar conducir?!,,,1.0,,,Y-U-So-Arab,Ethnicity,Middle Eastern,231_es.jpg
231,hi,महिलाएं <sep> आप गाड़ी चलाने की कोशिश करना क्यों नहीं छोड़तीं?!,,,,,1.0,Y-U-So-Arab,Ethnicity,Middle Eastern,231_hi.jpg
231,zh,女人 <sep> 为什么你不停止尝试开车？！,,,,1.0,,Y-U-So-Arab,Ethnicity,Middle Eastern,231_zh.jpg
232,de,Akhmed El Codoor <sep> Genehmigt dieses Bild,,0.0,,,,Richarabclap,Ethnicity,Middle Eastern,232_de.jpg
232,en,Akhmed El Codoor <sep> Approves this Picture,0.0,,,,,Richarabclap,Ethnicity,Middle Eastern,232_en.jpg
232,es,Akhmed El Codoor <sep> Aprueba esta imagen,,,0.0,,,Richarabclap,Ethnicity,Middle Eastern,232_es.jpg
232,hi,अख्मेद एल कोडूर <sep> इस चित्र को स्वीकृत करते हैं,,,,,1.0,Richarabclap,Ethnicity,Middle Eastern,232_hi.jpg
232,zh,Akhmed El Codoor <sep> 批准此照片,,,,0.0,,Richarabclap,Ethnicity,Middle Eastern,232_zh.jpg
233,de,du darfst nicht <sep> auf deine Lieblings-Websites zugreifen,,1.0,,,,Jewish-Dude,Religion,Judaism,233_de.jpg
233,en,you shall not <sep> access your favorite websites,0.0,,,,,Jewish-Dude,Religion,Judaism,233_en.jpg
233,es,No deberás <sep> acceder a tus sitios web favoritos.,,,0.0,,,Jewish-Dude,Religion,Judaism,233_es.jpg
233,hi,आप नहीं करेंगे <sep> अपनी पसंदीदा वेबसाइट को एैक्सेस,,,,,0.0,Jewish-Dude,Religion,Judaism,233_hi.jpg
233,zh,您不可以<sep>访问您最爱的网站,,,,1.0,,Jewish-Dude,Religion,Judaism,233_zh.jpg
234,de,Simmons <sep> ist ein guter Bruder für uns und treu zu unseren Agenden,,1.0,,,,Jewish-Dude,Religion,Judaism,234_de.jpg
234,en,simmons <sep> is a good brother to us and loyal to our agendas,1.0,,,,,Jewish-Dude,Religion,Judaism,234_en.jpg
234,es,Simmons <sep> es un buen hermano para nosotros y leal a nuestras agendas,,,0.0,,,Jewish-Dude,Religion,Judaism,234_es.jpg
234,hi,सिमंस <sep> हमारे लिए एक अच्छे भाई हैं और हमारे एजेंडे के प्रति वफादार हैं,,,,,0.0,Jewish-Dude,Religion,Judaism,234_hi.jpg
234,zh,simmons <sep> 是我们的好兄弟，忠于我们的议程,,,,1.0,,Jewish-Dude,Religion,Judaism,234_zh.jpg
235,de,Die größte Straßengang <sep> in Amerika,,1.0,,,,Policeman,Cultural and Political Topics,Police Man,235_de.jpg
235,en,The largest street gang <sep> in America,1.0,,,,,Policeman,Cultural and Political Topics,Police Man,235_en.jpg
235,es,La pandilla callejera más grande <sep> en los Estados Unidos,,,0.0,,,Policeman,Cultural and Political Topics,Police Man,235_es.jpg
235,hi,सबसे बड़ा सड़क गिरोह <sep> अमेरिका में,,,,,1.0,Policeman,Cultural and Political Topics,Police Man,235_hi.jpg
235,zh,最大的街头帮派 <sep> 在美国,,,,1.0,,Policeman,Cultural and Political Topics,Police Man,235_zh.jpg
236,de,"85 in einer 70 Zone? <sep> Oh, ich habe nicht gesehen, dass Sie eine wunderschöne Blondine sind. Machen Sie weiter, gnädige Frau",,1.0,,,,Scumbag-Police-Officer,Cultural and Political Topics,Police Man,236_de.jpg
236,en,"85 in a 70? <sep> Oh, I didn't see that you're a beautiful blonde. Carry on ma'am",0.0,,,,,Scumbag-Police-Officer,Cultural and Political Topics,Police Man,236_en.jpg
236,es,"85 en un 70? <sep> Oh, no vi que eras una hermosa rubia. Siga adelante, señora.",,,1.0,,,Scumbag-Police-Officer,Cultural and Political Topics,Police Man,236_es.jpg
236,hi,"70 में 85? <sep> ओह, मैंने नहीं देखा कि आप एक खूबसूरत गोरी हैं। आगे बढ़िए मैडम",,,,,1.0,Scumbag-Police-Officer,Cultural and Political Topics,Police Man,236_hi.jpg
236,zh,70 中的 85 ？ <sep> 哦，我没看出来你是个金发美女。继续说吧，女士,,,,1.0,,Scumbag-Police-Officer,Cultural and Political Topics,Police Man,236_zh.jpg
237,de,Treten Sie der Polizei bei! <sep> Töten Sie unbewaffnete Kinder und bekommen Sie bezahlten Urlaub!,,1.0,,,,Scumbag-Police-Officer,Cultural and Political Topics,Police Man,237_de.jpg
237,en,Join the police force! <sep> Kill unarmed kids and get paid vacations!,1.0,,,,,Scumbag-Police-Officer,Cultural and Political Topics,Police Man,237_en.jpg
237,es,¡Únete a la fuerza policial! <sep> ¡Mata a niños desarmados y obtén vacaciones pagadas!,,,1.0,,,Scumbag-Police-Officer,Cultural and Political Topics,Police Man,237_es.jpg
237,hi,पुलिस बल में शामिल हो जाओ! <sep> निहत्थे बच्चों को मार डालो और वेतन सहित छुट्टियाँ पाओ!,,,,,1.0,Scumbag-Police-Officer,Cultural and Political Topics,Police Man,237_hi.jpg
237,zh,加入警察队伍！ <sep> 杀死手无寸铁的孩子并获得带薪休假！,,,,1.0,,Scumbag-Police-Officer,Cultural and Political Topics,Police Man,237_zh.jpg
238,de,Joses Familie <sep> Auf Reisen,,1.0,,,,Mexicans-On-A-Truck,Countries,Mexico,238_de.jpg
238,en,Jose's family <sep> Going on a trip,1.0,,,,,Mexicans-On-A-Truck,Countries,Mexico,238_en.jpg
238,es,La familia de José <sep> De viaje,,,1.0,,,Mexicans-On-A-Truck,Countries,Mexico,238_es.jpg
238,hi,जोस का परिवार <sep> यात्रा पर जा रहा है,,,,,1.0,Mexicans-On-A-Truck,Countries,Mexico,238_hi.jpg
238,zh,Jose 一家 <sep> 去旅行,,,,1.0,,Mexicans-On-A-Truck,Countries,Mexico,238_zh.jpg
239,de,"Mir ist aufgefallen, dass bei dir ein Bremslicht ausgefallen ist <sep> ",,0.0,,,,Scumbag-Police-Officer,Cultural and Political Topics,Police Man,239_de.jpg
239,en,I couldn't but help notice you have a brake light out <sep> ,0.0,,,,,Scumbag-Police-Officer,Cultural and Political Topics,Police Man,239_en.jpg
239,es,No pude evitar notar que tienes una luz de freno fundida. <sep>,,,0.0,,,Scumbag-Police-Officer,Cultural and Political Topics,Police Man,239_es.jpg
239,hi,मैं यह देखे बिना नहीं रह सका कि आपकी ब्रेक लाइट खराब है <sep> ,,,,,0.0,Scumbag-Police-Officer,Cultural and Political Topics,Police Man,239_hi.jpg
239,zh,我忍不住注意到你的刹车灯坏了 <sep> ,,,,0.0,,Scumbag-Police-Officer,Cultural and Political Topics,Police Man,239_zh.jpg
23,de,MEINE MAMA HAT MICH <sep> PRINZESSIN GENANNT.,,0.0,,,,Black-Kid,,,23_de.jpg
23,en,MY MOM NAMED ME <sep> PRINCESS.,0.0,,,,,Black-Kid,,,23_en.jpg
23,es,MI MAMÁ ME NOMBRÓ <sep> PRINCESA.,,,0.0,,,Black-Kid,,,23_es.jpg
23,hi,मेरी माँ ने मेरा नाम रखा <sep> राजकुमारी.,,,,,0.0,Black-Kid,,,23_hi.jpg
23,zh,我妈妈给我起的名字 <sep> 公主。,,,,0.0,,Black-Kid,,,23_zh.jpg
240,de,Lasst uns eins werden... <sep> Ein Israel,,1.0,,,,Richarabclap,Ethnicity,Middle Eastern,240_de.jpg
240,en,Let's become one... <sep> One israel,0.0,,,,,Richarabclap,Ethnicity,Middle Eastern,240_en.jpg
240,es,Convirtámonos en uno... <sep> Un solo Israel.,,,1.0,,,Richarabclap,Ethnicity,Middle Eastern,240_es.jpg
240,hi,आइए एक हो जाएं... <sep> एक इसराइल,,,,,1.0,Richarabclap,Ethnicity,Middle Eastern,240_hi.jpg
240,zh,让我们团结起来...... <sep> 一个以色列,,,,1.0,,Richarabclap,Ethnicity,Middle Eastern,240_zh.jpg
241,de,Kerry Transport <sep> Amerikas Neuankömmlinge,,1.0,,,,Mexicans-On-A-Truck,Countries,Mexico,241_de.jpg
241,en,kerry transporting <sep> America's newest arrivals,1.0,,,,,Mexicans-On-A-Truck,Countries,Mexico,241_en.jpg
241,es,Kerry transportando <sep>  los recién llegados de América.,,,1.0,,,Mexicans-On-A-Truck,Countries,Mexico,241_es.jpg
241,hi,केरी परिबाहन कर रही <sep> अमेरिका के नवीनतम आगमन,,,,,1.0,Mexicans-On-A-Truck,Countries,Mexico,241_hi.jpg
241,zh,凯瑞运输<sep>美国最新款,,,,1.0,,Mexicans-On-A-Truck,Countries,Mexico,241_zh.jpg
242,de," <sep> Es ist nicht unangemessen, wenn ich dich dort berühre",,1.0,,,,Scumbag-Catholic-Priest,Religion,Christian,242_de.jpg
242,en, <sep> it's not inappropriate when I touch you there,1.0,,,,,Scumbag-Catholic-Priest,Religion,Christian,242_en.jpg
242,es, <sep> no es inapropiado cuando te toco ahí,,,1.0,,,Scumbag-Catholic-Priest,Religion,Christian,242_es.jpg
242,hi, <sep> जब मैं तुम्हें वहां छूता हूं तो यह अनुचित नहीं है,,,,,1.0,Scumbag-Catholic-Priest,Religion,Christian,242_hi.jpg
242,zh, <sep> 我摸你那儿并不不合适,,,,1.0,,Scumbag-Catholic-Priest,Religion,Christian,242_zh.jpg
243,de,Fohes <sep> Neues Jahr!!!,,0.0,,,,Angry-Muslim-Guy,,,243_de.jpg
243,en,Happy <sep> New year!!!,0.0,,,,,Angry-Muslim-Guy,,,243_en.jpg
243,es,Feliz <sep> ¡¡¡Año Nuevo!!!,,,0.0,,,Angry-Muslim-Guy,,,243_es.jpg
243,hi,हार्दिक शुभकामनाएं <sep>नव वर्ष की,,,,,0.0,Angry-Muslim-Guy,,,243_hi.jpg
243,zh,快乐的 <sep> 新年！！！,,,,0.0,,Angry-Muslim-Guy,,,243_zh.jpg
244,de,Ich will volle Gleichberechtigung bei körperlich anstrengenden Berufen <sep> Frauen sollten leichtere körperliche Test machen müssen ,,1.0,,,,Feminist-Cunt,,,244_de.jpg
244,en,I want full equality in physically tough jobs <sep> Women should have easier physical tests,1.0,,,,,Feminist-Cunt,,,244_en.jpg
244,es,Quiero plena igualdad en trabajos físicamente duros <sep> Las mujeres deberían tener pruebas físicas más fáciles,,,1.0,,,Feminist-Cunt,,,244_es.jpg
244,hi,मैं शारीरिक रूप से कठिन नौकरियों में पूर्ण समानता चाहती हूँ <sep> महिलाओं के लिए शारीरिक परीक्षण आसान होने चाहिए,,,,,0.0,Feminist-Cunt,,,244_hi.jpg
244,zh,我希望在体力艰苦的工作中实现完全平等 <sep> 女性应该接受更容易的体能测试,,,,1.0,,Feminist-Cunt,,,244_zh.jpg
245,de,"Ich wurde vergewaltigt und schwanger <sep> aber ich identifiziere mich als männlich, also ist es in Ordnung ... auch charmant exzentrisch",,1.0,,,,Oppressive-Trans-Bro,Sexual Orientation and Gender Identity,Trans,245_de.jpg
245,en,I got raped and got pregnant <sep> but i identify as male so its allright... also charmingly excentric,1.0,,,,,Oppressive-Trans-Bro,Sexual Orientation and Gender Identity,Trans,245_en.jpg
245,es,"Fui violada y quedé embarazada <sep> pero me identifico como hombre, así que está bien... también encantadoramente excéntrico.",,,1.0,,,Oppressive-Trans-Bro,Sexual Orientation and Gender Identity,Trans,245_es.jpg
245,hi,मेरा बलात्कार हुआ और मैं गर्भवती हो गई <sep> लेकिन मैं खुद को पुरुष मानती हूं इसलिए यह ठीक है... साथ ही आकर्षक रूप से विलक्षण भी हूं,,,,,1.0,Oppressive-Trans-Bro,Sexual Orientation and Gender Identity,Trans,245_hi.jpg
245,zh,我被强奸了，还怀孕了 <sep> 但我认为自己是男性，所以没关系……也很迷人,,,,1.0,,Oppressive-Trans-Bro,Sexual Orientation and Gender Identity,Trans,245_zh.jpg
246,de,"Wurde zweimal daran gehindert, Europa zu übernehmen <sep> kontrolliert jetzt die Eurozone",,0.0,,,,Typical-Germany-Lover,Countries,Germany,246_de.jpg
246,en,Is stopped twice from taking over Europe <sep> now controls the Euro-Zone,1.0,,,,,Typical-Germany-Lover,Countries,Germany,246_en.jpg
246,es,Es detenido dos veces de tomar el control de Europa <sep> ahora controla la Eurozona.,,,1.0,,,Typical-Germany-Lover,Countries,Germany,246_es.jpg
246,hi,यूरोप पर कब्ज़ा करने से दो बार रोका गया <sep> अब यूरो-ज़ोन पर नियंत्रण करता है,,,,,1.0,Typical-Germany-Lover,Countries,Germany,246_hi.jpg
246,zh,两次阻止接管欧洲 <sep> 现在控制欧元区,,,,1.0,,Typical-Germany-Lover,Countries,Germany,246_zh.jpg
247,de,Ein Priester! <sep> Versteckt die Kinder!,,1.0,,,,Scumbag-Catholic-Priest,Religion,Christian,247_de.jpg
247,en,A Priest ! <sep> Hide the children !,1.0,,,,,Scumbag-Catholic-Priest,Religion,Christian,247_en.jpg
247,es,Un sacerdote ! <sep> ¡Esconde a los niños!,,,1.0,,,Scumbag-Catholic-Priest,Religion,Christian,247_es.jpg
247,hi,एक पुजारी! <sep> बच्चों को छिपाओ!,,,,,1.0,Scumbag-Catholic-Priest,Religion,Christian,247_hi.jpg
247,zh,一名神父！ <sep> 把孩子们藏起来！,,,,1.0,,Scumbag-Catholic-Priest,Religion,Christian,247_zh.jpg
248,de,Katholische Kirche <sep> schützt seit 500 Jahren pädophile Priester,,1.0,,,,Scumbag-Catholic-Priest,Religion,Christian,248_de.jpg
248,en,Catholic church <sep> protecting pedo priests for 500 years,1.0,,,,,Scumbag-Catholic-Priest,Religion,Christian,248_en.jpg
248,es,Iglesia católica <sep> protegiendo a los sacerdotes pedofilos durante 500 años,,,1.0,,,Scumbag-Catholic-Priest,Religion,Christian,248_es.jpg
248,hi,कैथोलिक चर्च <sep> 500 वर्षों से पेडो पुजारियों की रक्षा कर रहा है,,,,,1.0,Scumbag-Catholic-Priest,Religion,Christian,248_hi.jpg
248,zh,天主教会 <sep> 保护恋童癖牧师 500 年,,,,1.0,,Scumbag-Catholic-Priest,Religion,Christian,248_zh.jpg
249,de,Transmisogynist? <sep> aber ich ficke ständig Transfrauen!,,1.0,,,,Oppressive-Trans-Bro,Sexual Orientation and Gender Identity,Trans,249_de.jpg
249,en,transmisogynist? <sep> but I fuck trans women all the time!,1.0,,,,,Oppressive-Trans-Bro,Sexual Orientation and Gender Identity,Trans,249_en.jpg
249,es,transmisógino? <sep> ¡pero me follo a mujeres trans todo el tiempo!,,,1.0,,,Oppressive-Trans-Bro,Sexual Orientation and Gender Identity,Trans,249_es.jpg
249,hi, ट्रांसमिसोजिनिस्ट? <sep> लेकिन मैं हर समय ट्रांस महिलाओं को चोदता हूँ!,,,,,1.0,Oppressive-Trans-Bro,Sexual Orientation and Gender Identity,Trans,249_hi.jpg
249,zh,跨性别厌恶者？ <sep> 但我一直在和变性女人做爱！,,,,1.0,,Oppressive-Trans-Bro,Sexual Orientation and Gender Identity,Trans,249_zh.jpg
24,de,MITT ROMNEY <sep> IST SCHWUL,,1.0,,,,Black-Kid,,,24_de.jpg
24,en,MITT ROMNEY <sep> IS GAY,1.0,,,,,Black-Kid,,,24_en.jpg
24,es,MITT ROMNEY <sep> ES GAY,,,1.0,,,Black-Kid,,,24_es.jpg
24,hi,मिट रोमनी <sep> समलैंगिक है,,,,,1.0,Black-Kid,,,24_hi.jpg
24,zh,米特·罗姆尼 <sep> 是同性恋,,,,1.0,,Black-Kid,,,24_zh.jpg
250,de,"Die Einheimischen sagen: <sep> Auf dem Weg zu den Staatsspielen, reserviert Sie uns einen Platz.",,1.0,,,,Mexicans-On-A-Truck,Countries,Mexico,250_de.jpg
250,en,"Natives be like <sep> On our way to the state games,save us a spot.",1.0,,,,,Mexicans-On-A-Truck,Countries,Mexico,250_en.jpg
250,es,"Los nativos sonasi <sep> En nuestro camino a los juegos estatales, guárdanos un lugar.",,,1.0,,,Mexicans-On-A-Truck,Countries,Mexico,250_es.jpg
250,hi,"मूल निवासी मानते <sep> राज्य खेलों के लिए हम रस्ते में है, हमारे लिए एक जगह बचाओ।",,,,,1.0,Mexicans-On-A-Truck,Countries,Mexico,250_hi.jpg
250,zh,当地人就像 <sep> 在去参加州运动会的路上，给我们留一个位置。,,,,1.0,,Mexicans-On-A-Truck,Countries,Mexico,250_zh.jpg
251,de,"Wie aufregend, dass ich gerade <sep> Den zukünftigen Ehemann unserer 12-jährigen Tochter getroffen habe",,1.0,,,,Arabic-Meme,Ethnicity,Middle Eastern,251_de.jpg
251,en,How exciting I just met <sep> Our 12 year old daughter's husband to be,1.0,,,,,Arabic-Meme,Ethnicity,Middle Eastern,251_en.jpg
251,es,"Que emocionante, acabo de conocer <sep> al futuro esposo de nuestra hija de 12 años",,,1.0,,,Arabic-Meme,Ethnicity,Middle Eastern,251_es.jpg
251,hi,मैं अभी-अभी कितना रोमांचित हुआ हूँ <sep> हमारी 12 साल की बेटी का होने वाला पति,,,,,1.0,Arabic-Meme,Ethnicity,Middle Eastern,251_hi.jpg
251,zh,太好了我刚刚遇见了<sep>咱们12岁女儿的未来夫婿,,,,1.0,,Arabic-Meme,Ethnicity,Middle Eastern,251_zh.jpg
252,de,ich bin lizzie <sep> es war mein Geburtstag und ich werde das voll ausnutzen,,0.0,,,,Good-Chinese-Student,Countries,China,252_de.jpg
252,en,im lizzie <sep> it was my birthday and ill milk it for all its worrth,0.0,,,,,Good-Chinese-Student,Countries,China,252_en.jpg
252,es,Soy Lizzie <sep> fue mi cumpleaños y lo aprovecharé al máximo.,,,0.0,,,Good-Chinese-Student,Countries,China,252_es.jpg
252,hi,मैं लिज़ी हूँ <sep> यह मेरा जन्मदिन था और मैं इसका पूरा फ़ायदा उठाऊँगी,,,,,0.0,Good-Chinese-Student,Countries,China,252_hi.jpg
252,zh,我是lizzi，今天是我生日<sep>我会利用好今天的每分每秒,,,,0.0,,Good-Chinese-Student,Countries,China,252_zh.jpg
253,de,wir müssen über die Grenze <sep> rechtzeitig zur Wahl 2016,,1.0,,,,Mexicans-On-A-Truck,Countries,Mexico,253_de.jpg
253,en,we have to get across the border <sep> in time for the 2016 election,1.0,,,,,Mexicans-On-A-Truck,Countries,Mexico,253_en.jpg
253,es,tenemos que cruzar la frontera <sep> a tiempo para las elecciones de 2016,,,1.0,,,Mexicans-On-A-Truck,Countries,Mexico,253_es.jpg
253,hi,हमें सीमा पार जाना होगा <sep> 2016 के चुनाव के समय,,,,,1.0,Mexicans-On-A-Truck,Countries,Mexico,253_hi.jpg
253,zh,我们必须跨越边境 <sep> 赶上 2016 年大选,,,,1.0,,Mexicans-On-A-Truck,Countries,Mexico,253_zh.jpg
254,de,Habe ich etwas zwischen den Zähnen? <sep> ,,0.0,,,,Arabic-Meme,Ethnicity,Middle Eastern,254_de.jpg
254,en,Do I got something in my teeth <sep> ,1.0,,,,,Arabic-Meme,Ethnicity,Middle Eastern,254_en.jpg
254,es,¿Tengo algo en los dientes? <sep>,,,1.0,,,Arabic-Meme,Ethnicity,Middle Eastern,254_es.jpg
254,hi,क्या मेरे दांतों में कुछ है? <sep> ,,,,,0.0,Arabic-Meme,Ethnicity,Middle Eastern,254_hi.jpg
254,zh,我的牙齿里有东西吗 <sep> ,,,,1.0,,Arabic-Meme,Ethnicity,Middle Eastern,254_zh.jpg
255,de,Fahrgemeinschaft nach Vegas <sep> Zu Jaimes Geburtstag,,1.0,,,,Mexicans-On-A-Truck,Countries,Mexico,255_de.jpg
255,en,carpooling to Vegas <sep> For jaime's birthday,1.0,,,,,Mexicans-On-A-Truck,Countries,Mexico,255_en.jpg
255,es,Compartir coche a Las Vegas <sep> Para el cumpleaños de Jaime,,,0.0,,,Mexicans-On-A-Truck,Countries,Mexico,255_es.jpg
255,hi,वेगास तक कारपूलिंग <sep> जैमी के जन्मदिन के लिए,,,,,0.0,Mexicans-On-A-Truck,Countries,Mexico,255_hi.jpg
255,zh,拼车去拉斯维加斯 <sep> 为 Jaime 庆祝生日,,,,1.0,,Mexicans-On-A-Truck,Countries,Mexico,255_zh.jpg
256,de,Arier <sep> Hat nie Nowruz gefeiert,,1.0,,,,White-Power-Problems,Ethnicity,White,256_de.jpg
256,en,Aryan <sep> Never celebrated Nowruz,1.0,,,,,White-Power-Problems,Ethnicity,White,256_en.jpg
256,es,Ario <sep> Nunca celebró el Nowruz,,,0.0,,,White-Power-Problems,Ethnicity,White,256_es.jpg
256,hi,आर्यन <sep> कभी नवरोज़ नहीं मनाया,,,,,1.0,White-Power-Problems,Ethnicity,White,256_hi.jpg
256,zh,雅利安人 <sep> 从未庆祝过诺鲁孜节,,,,1.0,,White-Power-Problems,Ethnicity,White,256_zh.jpg
257,de, <sep> hat keine Angst vor einem Tornado,,1.0,,,,American-Flag-Shotgun-Guy,Countries,USA,257_de.jpg
257,en, <sep> ain't scared of no tornado,0.0,,,,,American-Flag-Shotgun-Guy,Countries,USA,257_en.jpg
257,es, <sep> no le teme a ningún tornado,,,0.0,,,American-Flag-Shotgun-Guy,Countries,USA,257_es.jpg
257,hi, <sep> किसी बवंडर से नहीं डरता,,,,,0.0,American-Flag-Shotgun-Guy,Countries,USA,257_hi.jpg
257,zh, <sep> 不怕龙卷风,,,,1.0,,American-Flag-Shotgun-Guy,Countries,USA,257_zh.jpg
258,de,Wenn die Polizei herausfindet <sep> Dass du schwarz bist,,1.0,,,,Policeman,Cultural and Political Topics,Police Man,258_de.jpg
258,en,When the police finds out <sep> You're Black,1.0,,,,,Policeman,Cultural and Political Topics,Police Man,258_en.jpg
258,es,Cuando la policía descubre <sep> que eres negro,,,1.0,,,Policeman,Cultural and Political Topics,Police Man,258_es.jpg
258,hi,जब पुलिस को पता चला <sep> आप काले हैं,,,,,1.0,Policeman,Cultural and Political Topics,Police Man,258_hi.jpg
258,zh,当警察发现 <sep> 你是黑人,,,,1.0,,Policeman,Cultural and Political Topics,Police Man,258_zh.jpg
259,de,"alle einsteigen <sep> nächster Halt, Dodgers Stadium",,1.0,,,,Mexicans-On-A-Truck,Countries,Mexico,259_de.jpg
259,en,"all aboard <sep> next stop, Dodgers Stadium",0.0,,,,,Mexicans-On-A-Truck,Countries,Mexico,259_en.jpg
259,es,"Todos a bordo <sep> próxima parada, el Estadio de los Dodgers.",,,1.0,,,Mexicans-On-A-Truck,Countries,Mexico,259_es.jpg
259,hi,"सभी सवार हो जाएं <sep> अगला पड़ाव, डोजर्स स्टेडियम",,,,,0.0,Mexicans-On-A-Truck,Countries,Mexico,259_hi.jpg
259,zh,全体上车 <sep> 下一站，道奇体育场,,,,0.0,,Mexicans-On-A-Truck,Countries,Mexico,259_zh.jpg
25,de,ES IST EGAL <sep> OB SIE SCHWARZ ODER WEISS SIND!,,0.0,,,,Black-Kid,,,25_de.jpg
25,en,IT DONT MATTER <sep> IF YOUR BLACK OR WHITE!,0.0,,,,,Black-Kid,,,25_en.jpg
25,es,NO IMPORTA <sep> SI ERES BLANCO O NEGRO!,,,0.0,,,Black-Kid,,,25_es.jpg
25,hi,इससे कोई फर्क नहीं पड़ता <sep> आप काले हैं या गोरे!,,,,,0.0,Black-Kid,,,25_hi.jpg
25,zh,这不重要 <sep> 无论你是黑人或白人,,,,0.0,,Black-Kid,,,25_zh.jpg
260,de,"Auf dem Weg zu dir nach Hause, Cesar.. <sep> ALLES GUTE ZUM GEBURTSTAG, KUMPEL!!!",,1.0,,,,Mexicans-On-A-Truck,Countries,Mexico,260_de.jpg
260,en,Headed to your house Cesar.. <sep> HAPPY BIRTHDAY HOMIE!!!,0.0,,,,,Mexicans-On-A-Truck,Countries,Mexico,260_en.jpg
260,es,Rumbo a tu casa Cesar.. <sep> ¡¡¡FELIZ CUMPLEAÑOS HOMIE!!!,,,1.0,,,Mexicans-On-A-Truck,Countries,Mexico,260_es.jpg
260,hi,आपके घर की ओर जा रहा हूँ सीज़र.. <sep> जन्मदिन मुबारक हो दोस्त!!!,,,,,0.0,Mexicans-On-A-Truck,Countries,Mexico,260_hi.jpg
260,zh,前往你家，塞萨尔…… <sep> 祝你生日快乐，老兄！！！,,,,1.0,,Mexicans-On-A-Truck,Countries,Mexico,260_zh.jpg
261,de,Du kannst mir meinen Sonnenschein nehmen <sep> Aber du wirst mir niemals meine Freiheit nehmen,,0.0,,,,American-Flag-Shotgun-Guy,Countries,USA,261_de.jpg
261,en,you may take my sunshine <sep> But you'll never take my freedom,0.0,,,,,American-Flag-Shotgun-Guy,Countries,USA,261_en.jpg
261,es,Pueden tomar mi sol <sep> Pero nunca me quitarán mi libertad.,,,0.0,,,American-Flag-Shotgun-Guy,Countries,USA,261_es.jpg
261,hi,तुम मेरी धूप ले सकते हो <sep> लेकिन तुम मेरी आज़ादी कभी नहीं छीन पाओगे,,,,,0.0,American-Flag-Shotgun-Guy,Countries,USA,261_hi.jpg
261,zh,你可以夺走我的阳光 <sep> 但你永远夺不走我的自由,,,,0.0,,American-Flag-Shotgun-Guy,Countries,USA,261_zh.jpg
262,de,der Untergang Amerikas <sep> ohne einen Schuss abzufeuern,,1.0,,,,Mexicans-On-A-Truck,Countries,Mexico,262_de.jpg
262,en,the down fall of america <sep> without firing a shot,1.0,,,,,Mexicans-On-A-Truck,Countries,Mexico,262_en.jpg
262,es,La caída de América <sep> sin disparar un tiro,,,1.0,,,Mexicans-On-A-Truck,Countries,Mexico,262_es.jpg
262,hi,अमेरिका का पतन <sep> बिना गोली चलाए,,,,,1.0,Mexicans-On-A-Truck,Countries,Mexico,262_hi.jpg
262,zh,美国的衰落 <sep> 不费一枪一弹,,,,1.0,,Mexicans-On-A-Truck,Countries,Mexico,262_zh.jpg
263,de,Die Familie Linder-Green sollte nach <sep> Nordkorea/DVRK ziehen,,1.0,,,,Stern-But-Honest-Chinese-Guy,Countries,China,263_de.jpg
263,en,The Linder-Green family should move to <sep> North Korea/DPRK,1.0,,,,,Stern-But-Honest-Chinese-Guy,Countries,China,263_en.jpg
263,es,La familia Linder-Green debería mudarse a <sep> Corea del Norte/RPDC,,,1.0,,,Stern-But-Honest-Chinese-Guy,Countries,China,263_es.jpg
263,hi,लिंडर-ग्रीन परिवार को चले जाना चाहिए <sep> उत्तर कोरिया/डीपीआरके,,,,,1.0,Stern-But-Honest-Chinese-Guy,Countries,China,263_hi.jpg
263,zh,Linder-Green 一家应该搬到 <sep> 朝鲜/朝鲜,,,,1.0,,Stern-But-Honest-Chinese-Guy,Countries,China,263_zh.jpg
264,de,Susanne Lang <sep> Die wahrscheinlich beste technische Übersetzerin Deutschlands,,1.0,,,,Typical-Germany-Lover,Countries,Germany,264_de.jpg
264,en,Susanne Lang <sep> Probably the best Technical translator in Germany,0.0,,,,,Typical-Germany-Lover,Countries,Germany,264_en.jpg
264,es,Susanne Lang <sep> Probablemente la mejor traductora técnica de Alemania,,,0.0,,,Typical-Germany-Lover,Countries,Germany,264_es.jpg
264,hi,सुज़ैन लैंग <sep> संभवतः जर्मनी में सर्वश्रेष्ठ तकनीकी अनुवादक,,,,,1.0,Typical-Germany-Lover,Countries,Germany,264_hi.jpg
264,zh,苏珊娜 <sep> 可能是全德国最好的技术翻译,,,,0.0,,Typical-Germany-Lover,Countries,Germany,264_zh.jpg
265,de,Hochwertige Männer glauben an die Gleichberechtigung der Frauen <sep> ,,0.0,,,,Privilege-Abusing-White-Couple,Ethnicity,White,265_de.jpg
265,en,Quality men believe in equality of women <sep> ,0.0,,,,,Privilege-Abusing-White-Couple,Ethnicity,White,265_en.jpg
265,es,Los hombres de calidad creen en la igualdad de las mujeres. <sep> ,,,0.0,,,Privilege-Abusing-White-Couple,Ethnicity,White,265_es.jpg
265,hi,गुणवत्ता वाले पुरुष महिलाओं की समानता में विश्वास करते हैं <sep> ,,,,,0.0,Privilege-Abusing-White-Couple,Ethnicity,White,265_hi.jpg
265,zh,优秀男性相信女性平等 <sep> ,,,,1.0,,Privilege-Abusing-White-Couple,Ethnicity,White,265_zh.jpg
266,de,chinesische Studenten <sep> sie sind überall,,1.0,,,,Good-Chinese-Student,Countries,China,266_de.jpg
266,en,chinese students <sep> they are everywhere,1.0,,,,,Good-Chinese-Student,Countries,China,266_en.jpg
266,es,estudiantes chinos <sep> están por todas partes,,,1.0,,,Good-Chinese-Student,Countries,China,266_es.jpg
266,hi,चीनी छात्र <sep> वे हर जगह हैं,,,,,1.0,Good-Chinese-Student,Countries,China,266_hi.jpg
266,zh,中国学生 <sep> 他们无处不在,,,,1.0,,Good-Chinese-Student,Countries,China,266_zh.jpg
267,de,"Wenn Sie nicht von der Polizei erschossen werden möchten <sep> Haben Sie versucht, sie nicht anzugreifen?",,0.0,,,,Policeman,Cultural and Political Topics,Police Man,267_de.jpg
267,en,If you don't want to be shot by police <sep> Have you tried not attacking them?,1.0,,,,,Policeman,Cultural and Political Topics,Police Man,267_en.jpg
267,es,Si no quieres que la policía te dispare <sep> ¿Has intentado no atacarlos?,,,0.0,,,Policeman,Cultural and Political Topics,Police Man,267_es.jpg
267,hi, यदि आप पुलिस द्वारा गोली नहीं खाना चाहते हैं <sep> क्या आपने उन पर हमला न करने का प्रयास किया है?,,,,,0.0,Policeman,Cultural and Political Topics,Police Man,267_hi.jpg
267,zh,如果你不想被警察枪杀 <sep> 你试过不攻击他们吗？,,,,1.0,,Policeman,Cultural and Political Topics,Police Man,267_zh.jpg
268,de,UND DEINE KOLLEGEN <sep> LIEBEN ES,,0.0,,,,Richarabclap,Ethnicity,Middle Eastern,268_de.jpg
268,en,AND YOUR COWORKER <sep> LOVES IT,0.0,,,,,Richarabclap,Ethnicity,Middle Eastern,268_en.jpg
268,es,Y A TU COMPAÑERO DE TRABAJO <sep> LE ENCANTA,,,0.0,,,Richarabclap,Ethnicity,Middle Eastern,268_es.jpg
268,hi,और आपके सहकर्मी <sep> इससे प्यार करते है ,,,,,1.0,Richarabclap,Ethnicity,Middle Eastern,268_hi.jpg
268,zh,还有你的同事 <sep> 很喜欢它,,,,0.0,,Richarabclap,Ethnicity,Middle Eastern,268_zh.jpg
269,de,pünktlich <sep> zum Neujahr in Köln,,1.0,,,,Muslim-Immigrant,Religion,Islam,269_de.jpg
269,en,just in time <sep> for new year in cologne,0.0,,,,,Muslim-Immigrant,Religion,Islam,269_en.jpg
269,es,justo a tiempo <sep> para el año nuevo en colonia,,,0.0,,,Muslim-Immigrant,Religion,Islam,269_es.jpg
269,hi,ठीक वक़्त पर <sep> कोलोन में नए साल के लिए,,,,,0.0,Muslim-Immigrant,Religion,Islam,269_hi.jpg
269,zh,刚刚好赶上<sep>科隆的新年,,,,0.0,,Muslim-Immigrant,Religion,Islam,269_zh.jpg
26,de,WIE ICH MICH FÜHLE <sep> WENN DIE KINDER SCHLAFEN,,0.0,,,,Black-Kid,,,26_de.jpg
26,en,HOW I FEEL <sep> WHEN THE KIDS ARE ASLEEP,0.0,,,,,Black-Kid,,,26_en.jpg
26,es,COMO ME SIENTO <sep> CUANDO LOS NIÑOS DUERMEN,,,0.0,,,Black-Kid,,,26_es.jpg
26,hi,मुझे कैसा लगता है <sep> जब बच्चे सो जाते हैं,,,,,0.0,Black-Kid,,,26_hi.jpg
26,zh,我如何感受 <sep> 当孩子们睡着的时候,,,,1.0,,Black-Kid,,,26_zh.jpg
270,de,"Sobald Sie anfangen, Zivilisten wegen kaputter Rücklichter zu töten <sep> Sie sind ein Mörder jetzt",,1.0,,,,Policeman,Cultural and Political Topics,Police Man,270_de.jpg
270,en,Once you start killing civilians for busted tail lights <sep> You are now a murderer,1.0,,,,,Policeman,Cultural and Political Topics,Police Man,270_en.jpg
270,es,Una vez que empiezas a matar civiles por luces traseras quebradas <sep> Ahora eres un asesino,,,1.0,,,Policeman,Cultural and Political Topics,Police Man,270_es.jpg
270,hi,एक बार जब आप टूटी हुई टेल लाइट के लिए नागरिकों को मारना शुरू कर देते हैं <sep> तो आप एक हत्यारे हैं,,,,,1.0,Policeman,Cultural and Political Topics,Police Man,270_hi.jpg
270,zh,一旦你因为汽车尾灯损坏而开始杀害平民 <sep> 你现在就是杀人犯,,,,1.0,,Policeman,Cultural and Political Topics,Police Man,270_zh.jpg
271,de,"Ich liebe dich so sehr, dass ich dich in mein <sep> Langzeitgedächtnis speichere",,0.0,,,,Privilege-Abusing-White-Couple,Ethnicity,White,271_de.jpg
271,en,I love you so much I put you in my <sep> long term memory,0.0,,,,,Privilege-Abusing-White-Couple,Ethnicity,White,271_en.jpg
271,es,Te amo tanto que te puse en mi <sep> memoria a largo plazo,,,0.0,,,Privilege-Abusing-White-Couple,Ethnicity,White,271_es.jpg
271,hi,मैं तुम्हें इतना प्यार करता हूं कि मैंने तुम्हें <sep> दीर्घकालीन स्मृति में रखा है,,,,,0.0,Privilege-Abusing-White-Couple,Ethnicity,White,271_hi.jpg
271,zh,我太爱你了，所以我把你放在我的 <sep> 长期记忆,,,,0.0,,Privilege-Abusing-White-Couple,Ethnicity,White,271_zh.jpg
272,de,BEWAHRT RUHE <sep> UND DRINGE IN CHINA EIN!,,1.0,,,,Nia-China,Countries,China,272_de.jpg
272,en,KEEP CALM <sep> AND PENETRATE CHINA!,1.0,,,,,Nia-China,Countries,China,272_en.jpg
272,es,MANTEN LA CALMA <sep> ¡Y PENETRA CHINA!,,,1.0,,,Nia-China,Countries,China,272_es.jpg
272,hi,शांत रहें <sep> और चीन में घुसपैठ करें!,,,,,1.0,Nia-China,Countries,China,272_hi.jpg
272,zh,保持冷静 <sep> 并渗透到中国！,,,,1.0,,Nia-China,Countries,China,272_zh.jpg
273,de,Ich suche Nikhil <sep> Kannst du ihn bitte finden,,0.0,,,,Transvestite-Trevor,Sexual Orientation and Gender Identity,Trans,273_de.jpg
273,en,I'm looking for Nikhil <sep> Can you find him please,0.0,,,,,Transvestite-Trevor,Sexual Orientation and Gender Identity,Trans,273_en.jpg
273,es,Estoy buscando a Nikhil <sep> ¿Puedes encontrarlo por favor?,,,1.0,,,Transvestite-Trevor,Sexual Orientation and Gender Identity,Trans,273_es.jpg
273,hi,मैं निखिल को ढूंढ रहा हूं <sep> क्या आप उसे ढूंढ सकते ,,,,,0.0,Transvestite-Trevor,Sexual Orientation and Gender Identity,Trans,273_hi.jpg
273,zh,我在找尼基尔 <sep> 请问你能找到他吗,,,,1.0,,Transvestite-Trevor,Sexual Orientation and Gender Identity,Trans,273_zh.jpg
274,de,Liberale <sep> größere Verlierer als CNNs Einschaltquoten,,1.0,,,,Jesus-Christ,Religion,Christian,274_de.jpg
274,en,liberals <sep> bigger losers than cnn's tv ratings,1.0,,,,,Jesus-Christ,Religion,Christian,274_en.jpg
274,es,liberales <sep> mayores perdedores que los ratings de televisión de CNN,,,1.0,,,Jesus-Christ,Religion,Christian,274_es.jpg
274,hi,उदारवादी <sep> सीएनएन की टीवी रेटिंग से भी बड़े हारे हुए,,,,,1.0,Jesus-Christ,Religion,Christian,274_hi.jpg
274,zh,自由派 <sep> 比 CNN 的电视收视率损失更大,,,,1.0,,Jesus-Christ,Religion,Christian,274_zh.jpg
275,de,Zeigen Sie Ihren Hass auf gesunden Sex <sep> Werden Sie noch heute Priester!,,1.0,,,,Scumbag-Catholic-Priest,Religion,Christian,275_de.jpg
275,en,Show your hate for healthy sex <sep> Become a priest today!,1.0,,,,,Scumbag-Catholic-Priest,Religion,Christian,275_en.jpg
275,es,Muestra tu odio por el sexo sano <sep> ¡Hazte cura hoy mismo!,,,1.0,,,Scumbag-Catholic-Priest,Religion,Christian,275_es.jpg
275,hi,स्वस्थ सेक्स के प्रति अपनी नफरत दिखाएं <sep> आज ही पुजारी बनें!,,,,,1.0,Scumbag-Catholic-Priest,Religion,Christian,275_hi.jpg
275,zh,表达你对健康性行为的厌恶 <sep> 今天就成为一名牧师！,,,,1.0,,Scumbag-Catholic-Priest,Religion,Christian,275_zh.jpg
276,de,Tatsächlich gibt es auf Facebook <sep> Regeln zur Grammatik ...,,0.0,,,,Policeman,Cultural and Political Topics,Police Man,276_de.jpg
276,en,"Actually, Facebook does <sep> Have rules on grammar...",0.0,,,,,Policeman,Cultural and Political Topics,Police Man,276_en.jpg
276,es,"En realidad, Facebook sí <sep> Tiene reglas gramaticales...",,,0.0,,,Policeman,Cultural and Political Topics,Police Man,276_es.jpg
276,hi,"दरअसल, फेसबुक <sep> व्याकरण पर नियम हैं...",,,,,0.0,Policeman,Cultural and Political Topics,Police Man,276_hi.jpg
276,zh,事实上，Facebook 确实 <sep> 有语法规则...,,,,0.0,,Policeman,Cultural and Political Topics,Police Man,276_zh.jpg
277,de,"Obama hat mich angelogen <sep> Sagte, ich könnte wählen, aber jetzt gehe ich ins Gefängnis",,1.0,,,,Mexicanotriste,Countries,Mexico,277_de.jpg
277,en,"Obama lied to me <sep> Said I could vote, but now I go to jail",1.0,,,,,Mexicanotriste,Countries,Mexico,277_en.jpg
277,es,"Obama me mintió <sep> Dijo que podía votar, pero ahora voy a la cárcel",,,0.0,,,Mexicanotriste,Countries,Mexico,277_es.jpg
277,hi,"ओबामा ने मुझसे झूठ बोला <sep> कहा था कि मैं वोट दे सकता हूं, लेकिन अब मैं जेल जा रहा हु ",,,,,1.0,Mexicanotriste,Countries,Mexico,277_hi.jpg
277,zh,奥巴马骗了我 <sep> 说我可以投票，但现在我却进了监狱,,,,1.0,,Mexicanotriste,Countries,Mexico,277_zh.jpg
278,de,du nimmst auf <sep> das solltest du besser nicht auf YouTube stellen,,1.0,,,,Feminist-Cunt,,,278_de.jpg
278,en,you're recording <sep> you better not put this on youtube,0.0,,,,,Feminist-Cunt,,,278_en.jpg
278,es,estás grabando <sep> será mejor que no lo subas a youtube,,,1.0,,,Feminist-Cunt,,,278_es.jpg
278,hi,आप रिकॉर्डिंग कर रहे हैं <sep> बेहतर होगा कि आप इसे यूट्यूब पर न डालें,,,,,0.0,Feminist-Cunt,,,278_hi.jpg
278,zh,你正在录制 <sep> 你最好不要把这个放到 youtube 上,,,,1.0,,Feminist-Cunt,,,278_zh.jpg
279,de,"Oh, das ist es also <sep> wie ein Frauen Ohr aussieht",,1.0,,,,Angry-Muslim-Guy,,,279_de.jpg
279,en,Oh SO That's what <sep> A Woman's Ears Look like,1.0,,,,,Angry-Muslim-Guy,,,279_en.jpg
279,es,"Oh, así que eso es lo que <sep> parecen las orejas de una mujer",,,1.0,,,Angry-Muslim-Guy,,,279_es.jpg
279,hi,ओह तो यह है <sep> एक महिला के कान ऐसे दिखते हैं,,,,,1.0,Angry-Muslim-Guy,,,279_hi.jpg
279,zh,好家伙所以这才是<sep>女人耳朵的样子,,,,1.0,,Angry-Muslim-Guy,,,279_zh.jpg
27,de,"DAS BIN ICH <sep> ALS ICH HÖRTE, DEIN BRUDER IST SINGLE",,0.0,,,,Black-Kid,,,27_de.jpg
27,en,THIS IS ME <sep> WHEN I HEARD YOUR BROTHER IS SINGLE,0.0,,,,,Black-Kid,,,27_en.jpg
27,es,SOY YO <sep> CUANDO ESCUCHÉ QUE TU HERMANO ESTÁ SOLTERO,,,0.0,,,Black-Kid,,,27_es.jpg
27,hi,यह मैं हूँ <sep> जब मैंने सुना कि आपका भाई अकेला है,,,,,0.0,Black-Kid,,,27_hi.jpg
27,zh,这就是我 <sep> 当我听说你兄弟是单身时,,,,0.0,,Black-Kid,,,27_zh.jpg
280,de,Muslime sind nicht gleich Terroristen <sep> Wir brauchen Frieden mit den Muslimen,,0.0,,,,Muslim-Immigrant,Religion,Islam,280_de.jpg
280,en,muslim does not equal to terroism <sep> we need peace with muslims,0.0,,,,,Muslim-Immigrant,Religion,Islam,280_en.jpg
280,es,Musulmán no es sinónimo de terrorismo <sep> Necesitamos la paz con los musulmanes,,,0.0,,,Muslim-Immigrant,Religion,Islam,280_es.jpg
280,hi,मुसलमान होना आतंकवाद के बराबर नहीं है <sep> हमें मुसलमानों के साथ शांति चाहिए,,,,,0.0,Muslim-Immigrant,Religion,Islam,280_hi.jpg
280,zh,穆斯林不等于恐怖主义 <sep> 我们需要与穆斯林和平相处,,,,0.0,,Muslim-Immigrant,Religion,Islam,280_zh.jpg
281,de,hasst Briten <sep> zieht nach London,,1.0,,,,Angry-Muslim-Guy,,,281_de.jpg
281,en,hates british <sep> moves to london,1.0,,,,,Angry-Muslim-Guy,,,281_en.jpg
281,es,odio a los británicos <sep> se muda a londres,,,1.0,,,Angry-Muslim-Guy,,,281_es.jpg
281,hi,ब्रिटिशों से नफरत <sep> लंदन चले जाते है,,,,,1.0,Angry-Muslim-Guy,,,281_hi.jpg
281,zh,讨厌英国人 <sep> 搬到伦敦,,,,1.0,,Angry-Muslim-Guy,,,281_zh.jpg
282,de,Bleiben Sie stehen! Sie sind verhaftet <sep> Wegen der Produktion nicht zugänglichen Materials,,0.0,,,,Policeman,Cultural and Political Topics,Police Man,282_de.jpg
282,en,Freeze! You're under arrest <sep> For producing non accessible material,0.0,,,,,Policeman,Cultural and Political Topics,Police Man,282_en.jpg
282,es,¡Congelar! Estás detenido <sep> Por producir material no accesible,,,0.0,,,Policeman,Cultural and Political Topics,Police Man,282_es.jpg
282,hi,रुको! आप गिरफ़्तार हैं <sep> अप्रवेशनीय सामग्री प्रस्तुत करने के लिए,,,,,0.0,Policeman,Cultural and Political Topics,Police Man,282_hi.jpg
282,zh,别动！你被捕了 <sep> 因为你制作了无法访问的材料,,,,0.0,,Policeman,Cultural and Political Topics,Police Man,282_zh.jpg
283,de,"Wenn dein Mann lieber <sep> seine Ziege direkt in die Muschi ficken würde, anstatt dich",,1.0,,,,Confused-Muslim-Girl,Religion,Islam,283_de.jpg
283,en,When your husband would rather <sep> fuck his goat right in the pussy instead of you,1.0,,,,,Confused-Muslim-Girl,Religion,Islam,283_en.jpg
283,es,Cuando tu marido prefiere <sep>follarse a su cabra por el coño en vez de a ti,,,1.0,,,Confused-Muslim-Girl,Religion,Islam,283_es.jpg
283,hi,जब आपका पति आपके बजाय<sep>अपनी बकरी को सीधे चूत में चोदना पसंद करेगा,,,,,1.0,Confused-Muslim-Girl,Religion,Islam,283_hi.jpg
283,zh,你老公宁可<sep>草山羊也不草你,,,,1.0,,Confused-Muslim-Girl,Religion,Islam,283_zh.jpg
284,de,hasst den großen Staat <sep> bekommt Sozialhilfe,,1.0,,,,Obese-American,Countries,USA,284_de.jpg
284,en,hates big government <sep> gets social security,0.0,,,,,Obese-American,Countries,USA,284_en.jpg
284,es,Odia al gran gobierno <sep> recibe seguridad social.,,,1.0,,,Obese-American,Countries,USA,284_es.jpg
284,hi,बड़ी सरकार से नफरत करता है <sep> सामाजिक सुरक्षा लेता है,,,,,1.0,Obese-American,Countries,USA,284_hi.jpg
284,zh,讨厌大政府 <sep> 获得社会保障,,,,1.0,,Obese-American,Countries,USA,284_zh.jpg
285,de,hasst den Staat <sep> bezieht Invalidenrente,,1.0,,,,Obese-American,Countries,USA,285_de.jpg
285,en,hates big government <sep> collects disability benefits,1.0,,,,,Obese-American,Countries,USA,285_en.jpg
285,es,odia al gran gobierno <sep> cobra beneficios por discapacidad,,,1.0,,,Obese-American,Countries,USA,285_es.jpg
285,hi,बड़ी सरकार से नफरत करता है <sep> विकलांगता भत्ते लेता है,,,,,1.0,Obese-American,Countries,USA,285_hi.jpg
285,zh,讨厌大政府 <sep> 领取残疾人福利,,,,1.0,,Obese-American,Countries,USA,285_zh.jpg
286,de,Hochzeitstag <sep> Diesen Freitag,,0.0,,,,Privilege-Abusing-White-Couple,Ethnicity,White,286_de.jpg
286,en,Wedding day <sep> This Friday,0.0,,,,,Privilege-Abusing-White-Couple,Ethnicity,White,286_en.jpg
286,es,Día de la boda <sep> Este viernes,,,0.0,,,Privilege-Abusing-White-Couple,Ethnicity,White,286_es.jpg
286,hi,शादी का दिन <sep> इस शुक्रवार,,,,,0.0,Privilege-Abusing-White-Couple,Ethnicity,White,286_hi.jpg
286,zh,婚礼日期 <sep> 本周五,,,,0.0,,Privilege-Abusing-White-Couple,Ethnicity,White,286_zh.jpg
287,de,Wenn du merkst <sep> dass es dein Auto war,,0.0,,,,Angry-Muslim-Guy,,,287_de.jpg
287,en,When you realize <sep> That was you car,0.0,,,,,Angry-Muslim-Guy,,,287_en.jpg
287,es,Cuando te das cuenta <sep> Ese era tu auto,,,0.0,,,Angry-Muslim-Guy,,,287_es.jpg
287,hi,जब आपको एहसास होता है कि <sep> वह आपकी कार थी,,,,,0.0,Angry-Muslim-Guy,,,287_hi.jpg
287,zh,当你意识到 <sep> 那是你的车,,,,0.0,,Angry-Muslim-Guy,,,287_zh.jpg
288,de,"es sieht so aus, als ob <sep> hier meine Anwesenheit erforderlich ist",,0.0,,,,Jesus-Christ,Religion,Christian,288_de.jpg
288,en,it looks like <sep> my presence is required here,0.0,,,,,Jesus-Christ,Religion,Christian,288_en.jpg
288,es,parece que <sep> Mi presencia es requerida aquí,,,0.0,,,Jesus-Christ,Religion,Christian,288_es.jpg
288,hi,ऐसा लगता है कि <sep> यहाँ मेरी उपस्थिति आवश्यक है,,,,,0.0,Jesus-Christ,Religion,Christian,288_hi.jpg
288,zh,看起来 <sep> 这里需要我的出席,,,,0.0,,Jesus-Christ,Religion,Christian,288_zh.jpg
289,de,"Es ist rassistisch, mich Ziegenficker zu nennen <sep> Auch wenn ich Ziegen ficke",,1.0,,,,Angry-Muslim-Guy,,,289_de.jpg
289,en,It's racist to call me a goat humper <sep> Even though I hump goats,1.0,,,,,Angry-Muslim-Guy,,,289_en.jpg
289,es,Es racista llamarme follador de cabras <sep> Aunque realmente me folle cabras,,,1.0,,,Angry-Muslim-Guy,,,289_es.jpg
289,hi,मुझे बकरियों को सहलाने वाला कहना नस्लवादी है <sep> भले ही मैं बकरियों को सहलाता हूँ,,,,,1.0,Angry-Muslim-Guy,,,289_hi.jpg
289,zh,称我为操山羊的人是种族主义 <sep> 尽管我操山羊,,,,1.0,,Angry-Muslim-Guy,,,289_zh.jpg
28,de,ALTES BILD VON JAY-Z <sep> <emp>,,0.0,,,,Black-Kid,,,28_de.jpg
28,en,OLD PIC OF JAY-Z <sep> <emp>,1.0,,,,,Black-Kid,,,28_en.jpg
28,es,ANTIGUA FOTO DE JAY-Z <sep> <emp>,,,1.0,,,Black-Kid,,,28_es.jpg
28,hi,जे ज़ी की पुरानी तस्वीर <sep> <emp> ,,,,,1.0,Black-Kid,,,28_hi.jpg
28,zh,JAY-Z 的旧照片 <sep> <emp>,,,,1.0,,Black-Kid,,,28_zh.jpg
290,de,JESUS <sep> BEOBACHTET DICH,,0.0,,,,Jesus-Christ,Religion,Christian,290_de.jpg
290,en,JESUS IS <sep> WATCHING YOU,0.0,,,,,Jesus-Christ,Religion,Christian,290_en.jpg
290,es,JESÚS ESTÁ <sep> VIÉNDOTE,,,0.0,,,Jesus-Christ,Religion,Christian,290_es.jpg
290,hi,यीशु <sep> आप को देख रहे हैं,,,,,0.0,Jesus-Christ,Religion,Christian,290_hi.jpg
290,zh,耶稣正在 <sep> 看着你,,,,0.0,,Jesus-Christ,Religion,Christian,290_zh.jpg
291,de,also eigentlich <sep> so bindet man eine Krawatte,,0.0,,,,Nia-China,Countries,China,291_de.jpg
291,en,well actually <sep> this is how you tie a tie,0.0,,,,,Nia-China,Countries,China,291_en.jpg
291,es,bueno en realidad <sep> así es como se ata una corbata,,,0.0,,,Nia-China,Countries,China,291_es.jpg
291,hi,खैर असल में <sep> इस तरह से आप टाई बांधते हैं,,,,,0.0,Nia-China,Countries,China,291_hi.jpg
291,zh,嗯，实际上 <sep> 打领带的方法如下,,,,0.0,,Nia-China,Countries,China,291_zh.jpg
292,de,Ich bin der König von China <sep> Erfinder der Vagina,,1.0,,,,Nia-China,Countries,China,292_de.jpg
292,en,I am the king of china <sep> Inventer of vagina,1.0,,,,,Nia-China,Countries,China,292_en.jpg
292,es,Soy el rey de china <sep> Inventor de la vagina,,,0.0,,,Nia-China,Countries,China,292_es.jpg
292,hi,मैं चीन का राजा हूँ <sep> योनि का आविष्कारक,,,,,1.0,Nia-China,Countries,China,292_hi.jpg
292,zh,我是中国之王 <sep> 阴道的发明者,,,,1.0,,Nia-China,Countries,China,292_zh.jpg
293,de,"Sportstipendium hier, Sportstipendium da <sep> Wer wird hier wirklich bezahlt?",,0.0,,,,Nia-China,Countries,China,293_de.jpg
293,en,"athletic scholarship this, athletic scholarship that <sep> who's really getting paid here?",0.0,,,,,Nia-China,Countries,China,293_en.jpg
293,es,"Beca atlética esto, beca atlética aquello <sep> ¿a quién le pagan realmente aquí?",,,0.0,,,Nia-China,Countries,China,293_es.jpg
293,hi,"एथलेटिक छात्रवृत्ति यह, एथलेटिक छात्रवृत्ति वह <sep> यहाँ वास्तव में किसे भुगतान मिल रहा है?",,,,,1.0,Nia-China,Countries,China,293_hi.jpg
293,zh,运动奖学金这个，运动奖学金那个 <sep> 这里真正得到报酬的是谁？,,,,0.0,,Nia-China,Countries,China,293_zh.jpg
294,de,Wenn du auf dein Leben zurückblickst <sep> und dich erfüllt fühlst,,0.0,,,,Nia-China,Countries,China,294_de.jpg
294,en,When you look back in life <sep> and you feel fulfilled,0.0,,,,,Nia-China,Countries,China,294_en.jpg
294,es,Cuando miras atrás en la vida <sep> y te sientes realizado,,,0.0,,,Nia-China,Countries,China,294_es.jpg
294,hi,जब आप जीवन में पीछे मुड़कर देखते हैं <sep> और आप पूर्ण महसूस करते हैं,,,,,0.0,Nia-China,Countries,China,294_hi.jpg
294,zh,当你回顾人生 <sep> 你会感到满足,,,,0.0,,Nia-China,Countries,China,294_zh.jpg
295,de,Wenn deine Freundin deinen Zyklus kennt <sep> und dir ein Kühlset mitbringt,,0.0,,,,Nia-China,Countries,China,295_de.jpg
295,en,When your girlfriend knows your cycle <sep> and brings you a cooling kit,0.0,,,,,Nia-China,Countries,China,295_en.jpg
295,es,Cuando tu novia conoce tu ciclo <sep> y te trae un kit refrescante,,,0.0,,,Nia-China,Countries,China,295_es.jpg
295,hi, जब आपकी गर्लफ्रेंड को आपकी साइकिल के बारे में पता हो <sep> और वह आपके लिए कूलिंग किट लेकर आए,,,,,0.0,Nia-China,Countries,China,295_hi.jpg
295,zh,当你的女朋友知道你的月经周期时 <sep> 并给你带来一个冷却套件,,,,0.0,,Nia-China,Countries,China,295_zh.jpg
296,de,"Ein netter Mensch zu sein <sep> Bedeutet nicht, dumm zu sein",,0.0,,,,Nia-China,Countries,China,296_de.jpg
296,en,Being a nice person <sep> Does not mean being stupid,0.0,,,,,Nia-China,Countries,China,296_en.jpg
296,es,Ser una buena persona <sep> No significa ser estúpido,,,0.0,,,Nia-China,Countries,China,296_es.jpg
296,hi,एक अच्छा इंसान बनना <sep> बेवकूफ़ होना नहीं होता,,,,,0.0,Nia-China,Countries,China,296_hi.jpg
296,zh,做一个好人 <sep> 并不意味着愚蠢,,,,0.0,,Nia-China,Countries,China,296_zh.jpg
297,de,Wenn du endlich merkst <sep> dass du mehr T-Shirts brauchst,,0.0,,,,Feministfrequently,Cultural and Political Topics,Gender and Family,297_de.jpg
297,en,When you finally realize <sep> you need more t-shirts,0.0,,,,,Feministfrequently,Cultural and Political Topics,Gender and Family,297_en.jpg
297,es,Cuando finalmente te das cuenta <sep> que necesitas más camisetas,,,0.0,,,Feministfrequently,Cultural and Political Topics,Gender and Family,297_es.jpg
297,hi,जब आपको अंततः एहसास होता है <sep> आपको और अधिक टी-शर्ट की आवश्यकता है,,,,,0.0,Feministfrequently,Cultural and Political Topics,Gender and Family,297_hi.jpg
297,zh,当你终于意识到 <sep> 你需要更多 T 恤时,,,,0.0,,Feministfrequently,Cultural and Political Topics,Gender and Family,297_zh.jpg
298,de,wenn die Bombe zu früh hochgeht <sep> ALLAH DU FOTZE,,1.0,,,,Muslim-Immigrant,Religion,Islam,298_de.jpg
298,en,when the bomb goes off too early <sep> ALLAH YOU CUNTTTTT,1.0,,,,,Muslim-Immigrant,Religion,Islam,298_en.jpg
298,es,cuando la bomba explota demasiado pronto <sep> ALLAH HIJO DE PERRA,,,1.0,,,Muslim-Immigrant,Religion,Islam,298_es.jpg
298,hi,जब बम बहुत जल्दी फट जाता है <sep> अल्लाह तुम कुतिया,,,,,1.0,Muslim-Immigrant,Religion,Islam,298_hi.jpg
298,zh,当炸弹爆炸得太早的时候 <sep> 真主你这个混蛋,,,,1.0,,Muslim-Immigrant,Religion,Islam,298_zh.jpg
299,de,Wenn dein Kaiser <sep> Alle Bücher in der Schule verbrennt,,1.0,,,,Nia-China,Countries,China,299_de.jpg
299,en,When your emperor <sep> Burns all the books at school,1.0,,,,,Nia-China,Countries,China,299_en.jpg
299,es,Cuando tu emperador <sep> quema todos los libros en la escuela.,,,0.0,,,Nia-China,Countries,China,299_es.jpg
299,hi,जब आपका सम्राट <sep> स्कूल की सारी किताबें जला दे,,,,,1.0,Nia-China,Countries,China,299_hi.jpg
299,zh,当你的皇帝 <sep> 烧毁学校里所有的书,,,,1.0,,Nia-China,Countries,China,299_zh.jpg
29,de,"Du hast dir einen guten Tag zum Arbeiten von zu Hause aus ausgesucht … <sep> Außer mir, Kevin und Yaji, ist niemand hier!!!",,1.0,,,,Generic-Indian-Guy,,,29_de.jpg
29,en,you picked a good day to work from home... <sep> no one's here except me Kevin and Yaji !!!,0.0,,,,,Generic-Indian-Guy,,,29_en.jpg
29,es,"Elegiste un buen día para trabajar desde casa... <sep> no hay nadie aquí excepto yo, Kevin y Yaji!!!",,,0.0,,,Generic-Indian-Guy,,,29_es.jpg
29,hi,आपने घर से काम करने के लिए एक अच्छा दिन चुना है... <sep> मेरे केविन और याजी के अलावा यहां कोई नहीं है !!!,,,,,0.0,Generic-Indian-Guy,,,29_hi.jpg
29,zh,你选择了一个在家工作的好日子…… <sep> 除了我 Kevin 和 Yaji 之外没有别人在这里！！！,,,,0.0,,Generic-Indian-Guy,,,29_zh.jpg
2,de,Wenn ich Frauen also wie Dreck behandle <sep> werde ich mit ihnen besser zurechtkommen? Cool!,,1.0,,,,Skeptical-Black-Kid,Ethnicity,Black,2_de.jpg
2,en,So if i treat women like shit <sep> i will do better with them? Cool!,1.0,,,,,Skeptical-Black-Kid,Ethnicity,Black,2_en.jpg
2,es,Piensas que trato a las mujeres mal?  <sep> espera a ver lo que puedo hacer con ellas,,,1.0,,,Skeptical-Black-Kid,Ethnicity,Black,2_es.jpg
2,hi,तो अगर मैं महिलाओं के साथ गन्दा व्यवहार करूँगा  <sep> तो मैं उनके साथ बेहतर करूँगा? बढ़िया!,,,,,1.0,Skeptical-Black-Kid,Ethnicity,Black,2_hi.jpg
2,zh,所以如果我像对待狗屎一样对待女性 <sep> 我会和她们相处得更好吗？太棒了！,,,,1.0,,Skeptical-Black-Kid,Ethnicity,Black,2_zh.jpg
30,de,Jason braucht einen Brownie-Mix <sep> Steven hat ihm nie geschrieben,,1.0,,,,Generic-Indian-Guy,,,30_de.jpg
30,en,jason needs some brownie mix <sep> steven never texted him,0.0,,,,,Generic-Indian-Guy,,,30_en.jpg
30,es,jason necesita mezcla para brownies <sep> steven nunca le escribió,,,0.0,,,Generic-Indian-Guy,,,30_es.jpg
30,hi,जेसन को ब्राउनी मिक्स की जरूरत है <sep> स्टीवन ने उसे कभी मैसेज नहीं किया,,,,,1.0,Generic-Indian-Guy,,,30_hi.jpg
30,zh,杰森需要一些布朗尼混合物 <sep> 史蒂文从来没有给他发过短信,,,,1.0,,Generic-Indian-Guy,,,30_zh.jpg
31,de,kauft teure Waffen <sep> kann sich keine Schuhe leisten,,1.0,,,,Generic-Indian-Guy,,,31_de.jpg
31,en,buys expensive guns <sep> cant afford shoes,1.0,,,,,Generic-Indian-Guy,,,31_en.jpg
31,es,compra armas caras <sep> no puede ppermitirse zapatos,,,1.0,,,Generic-Indian-Guy,,,31_es.jpg
31,hi,महंगी बंदूकें खरीदता है <sep> जूते खरीदने के पैसे नहीं है ,,,,,1.0,Generic-Indian-Guy,,,31_hi.jpg
31,zh,购买昂贵的枪支 <sep> 买不起鞋子,,,,1.0,,Generic-Indian-Guy,,,31_zh.jpg
32,de,"STANLEY, ICH KÖNNTE DICH ZUM FRÜHSTÜCK <sep> MITTAGESSEN UND ABENDESSEN VERNASCHEN",,0.0,,,,Generic-Indian-Guy,,,32_de.jpg
32,en,STANLEY I COULD EAT YOU FOR BREAKFAST <sep> LUNCH AND DINNER,0.0,,,,,Generic-Indian-Guy,,,32_en.jpg
32,es,Stanley podría comerte para el desayuno <sep> el almuerzo y la cena.,,,1.0,,,Generic-Indian-Guy,,,32_es.jpg
32,hi,स्टेनली मैं तुम्हें नाश्ते <sep> दोपहर के भोजन और रात के खाने के लिए खा सकता हूँ,,,,,1.0,Generic-Indian-Guy,,,32_hi.jpg
32,zh,斯坦利我可以把你当早餐吃掉 <sep> 午饭和晚饭,,,,1.0,,Generic-Indian-Guy,,,32_zh.jpg
33,de,"HALT DIE FRESSE, OSAMA! <sep> ER IST MEIN SOHN!",,1.0,,,,Generic-Indian-Guy,,,33_de.jpg
33,en,SHUT UP OSAMA! <sep> HE IS MY SON!,1.0,,,,,Generic-Indian-Guy,,,33_en.jpg
33,es,¡CALLA OSAMA! <sep> ¡ÉL ES MI HIJO!,,,1.0,,,Generic-Indian-Guy,,,33_es.jpg
33,hi,चुप रहो ओसामा! <sep> वह मेरा बेटा है!,,,,,1.0,Generic-Indian-Guy,,,33_hi.jpg
33,zh,闭嘴，奥萨马！ <sep> 他是我的儿子！,,,,1.0,,Generic-Indian-Guy,,,33_zh.jpg
34,de,1 Pfund Fisch <sep> sehr sehr günstig,,0.0,,,,Generic-Indian-Guy,,,34_de.jpg
34,en,1 pound fish <sep> very very cheap,1.0,,,,,Generic-Indian-Guy,,,34_en.jpg
34,es,"Pescado a 1 libra <sep> muy, muy barato.",,,0.0,,,Generic-Indian-Guy,,,34_es.jpg
34,hi,1 पाउंड मछली <sep> बहुत बहुत सस्ती,,,,,0.0,Generic-Indian-Guy,,,34_hi.jpg
34,zh,1 磅鱼 <sep> 非常非常便宜,,,,1.0,,Generic-Indian-Guy,,,34_zh.jpg
35,de,GIB MIR SCHNELL <sep> CURRY!!!,,1.0,,,,Generic-Indian-Guy,,,35_de.jpg
35,en,QUICK GIVE ME SOME <sep> CURRY!!!,1.0,,,,,Generic-Indian-Guy,,,35_en.jpg
35,es,"Rápido, dame un poco de <sep> curry!",,,1.0,,,Generic-Indian-Guy,,,35_es.jpg
35,hi,जल्दी से मुझे कुछ <sep> करी दो!!!,,,,,1.0,Generic-Indian-Guy,,,35_hi.jpg
35,zh,快给我一些 <sep> 咖喱！！！,,,,1.0,,Generic-Indian-Guy,,,35_zh.jpg
36,de,"wenn ich versuche, Ihr Problem zu reproduzieren <sep> ich erhalte die Fehlermeldung „Nicht genügend Arbeitsspeicher“.",,0.0,,,,Stereotypical-Indian-Telemarketer,Countries,India,36_de.jpg
36,en,when i try to duplicate your issue <sep> i get 'out of memory' error.,1.0,,,,,Stereotypical-Indian-Telemarketer,Countries,India,36_en.jpg
36,es,"Cuando intento duplicar tu problema <sep> Me sale un error de ""memoria insuficiente"".",,,0.0,,,Stereotypical-Indian-Telemarketer,Countries,India,36_es.jpg
36,hi,जब मैं आपके मुद्दे की नकल करने की कोशिश करता हूं <sep> तो मुझे 'मेमोरी खत्म' त्रुटि मिलती है।,,,,,0.0,Stereotypical-Indian-Telemarketer,Countries,India,36_hi.jpg
36,zh,当我尝试复制你的问题时 <sep> 我收到“内存不足”错误讯息。,,,,1.0,,Stereotypical-Indian-Telemarketer,Countries,India,36_zh.jpg
37,de,SIEHST DU DIESEN HUT <sep> GEBRAUCHTWARENLADEN,,1.0,,,,Advicejew,Religion,Judaism,37_de.jpg
37,en,SEE THIS HAT <sep> THRIFT STORE,1.0,,,,,Advicejew,Religion,Judaism,37_en.jpg
37,es,MIRA ESTE SOMBRERO <sep> TIENDA DE SEGUNDA MANO,,,1.0,,,Advicejew,Religion,Judaism,37_es.jpg
37,hi,यह टोपी देखें <sep> बचत की दुकान,,,,,1.0,Advicejew,Religion,Judaism,37_hi.jpg
37,zh,看看这顶帽子 <sep> 二手店,,,,0.0,,Advicejew,Religion,Judaism,37_zh.jpg
38,de,Ruf deine Mutter an <sep> damit sie sich über deine mangelnden Anrufe beschweren kann,,1.0,,,,Advicejew,Religion,Judaism,38_de.jpg
38,en,Call your mother <sep> so she can complain about your lack of calls,0.0,,,,,Advicejew,Religion,Judaism,38_en.jpg
38,es,Llama a tu madre <sep> para que pueda quejar de tu falta de llamadas,,,1.0,,,Advicejew,Religion,Judaism,38_es.jpg
38,hi,अपनी माँ को फ़ोन करो <sep> ताकि वह तुम्हारी कॉल की कमी के बारे में शिकायत कर सके,,,,,0.0,Advicejew,Religion,Judaism,38_hi.jpg
38,zh,给你妈妈打电话 <sep> 这样她就可以抱怨你很少打电话,,,,1.0,,Advicejew,Religion,Judaism,38_zh.jpg
39,de,Ich habe nicht auf alles eine Antwort. <sep> Fragen Sie Google.,,0.0,,,,Jesus-Christ,Religion,Christian,39_de.jpg
39,en,I don't have the answers to everything. <sep> Ask google.,0.0,,,,,Jesus-Christ,Religion,Christian,39_en.jpg
39,es,No tengo las respuestas de todo. <sep> Preguntale a Google.,,,0.0,,,Jesus-Christ,Religion,Christian,39_es.jpg
39,hi,मेरे पास हर बात का जवाब नहीं है। <sep> गूगल से पूछो।,,,,,1.0,Jesus-Christ,Religion,Christian,39_hi.jpg
39,zh,我不知道所有问题的答案。 <sep> 问问谷歌。,,,,0.0,,Jesus-Christ,Religion,Christian,39_zh.jpg
3,de,"Sie wollen mir also erzählen, <sep> dass Macbeth tatsächlich drei zufällig ausgewählten Hexen vertraut hat.",,0.0,,,,Skeptical-Black-Kid,Ethnicity,Black,3_de.jpg
3,en,So you're telling me <sep> that Macbeth actually trusted three random witches.,0.0,,,,,Skeptical-Black-Kid,Ethnicity,Black,3_en.jpg
3,es,Así que me estás diciendo <sep> que Macbeth en realidad confió en tres brujas al azar.,,,0.0,,,Skeptical-Black-Kid,Ethnicity,Black,3_es.jpg
3,hi,तो आप मुझे बता रहे हैं <sep> मैकबेथ वास्तव में तीन चुड़ैलों पर भरोसा करता था।,,,,,1.0,Skeptical-Black-Kid,Ethnicity,Black,3_hi.jpg
3,zh,所以你是说 <sep> 麦克白实际上相信了三个陌生的女巫。,,,,0.0,,Skeptical-Black-Kid,Ethnicity,Black,3_zh.jpg
40,de,"Ich habe Ihren Kunden in der anderen Leitung ... <sep> Vielen Dank für Ihre Geduld, Mr. Derp",,0.0,,,,Stereotypical-Indian-Telemarketer,Countries,India,40_de.jpg
40,en,"I do have your customer on the other line... <sep> Thank you for patiently holding, mr. derp",0.0,,,,,Stereotypical-Indian-Telemarketer,Countries,India,40_en.jpg
40,es,"Tengo a su cliente en la otra línea... <sep> Gracias por esperar pacientemente, señor derp",,,0.0,,,Stereotypical-Indian-Telemarketer,Countries,India,40_es.jpg
40,hi,"मेरे पास दूसरी लाइन पर आपका ग्राहक है... <sep> धैर्य रखने के लिए धन्यवाद, श्रीमान डर्प",,,,,1.0,Stereotypical-Indian-Telemarketer,Countries,India,40_hi.jpg
40,zh,你的客户确实在另一条线上... <sep> 谢谢你的耐心等待，derp 先生,,,,0.0,,Stereotypical-Indian-Telemarketer,Countries,India,40_zh.jpg
41,de,Die Technik <sep> wird dich retten,,0.0,,,,Jesus-Christ,Religion,Christian,41_de.jpg
41,en,The Technique <sep> will save you,0.0,,,,,Jesus-Christ,Religion,Christian,41_en.jpg
41,es,La Técnica <sep> te salvará,,,0.0,,,Jesus-Christ,Religion,Christian,41_es.jpg
41,hi,यह तकनीक <sep> आपको बचाएगी,,,,,1.0,Jesus-Christ,Religion,Christian,41_hi.jpg
41,zh,技术 <sep> 会拯救你,,,,0.0,,Jesus-Christ,Religion,Christian,41_zh.jpg
42,de,hör auf! <sep> mein Bart kitzelt!,,1.0,,,,Angry-Muslim-Guy,,,42_de.jpg
42,en,stop! <sep> my beard tickles!,0.0,,,,,Angry-Muslim-Guy,,,42_en.jpg
42,es,¡Alto! <sep> ¡La barba me hace cosquillas!,,,0.0,,,Angry-Muslim-Guy,,,42_es.jpg
42,hi,रुको! <sep> मेरी दाढ़ी गुदगुदी करती है!,,,,,0.0,Angry-Muslim-Guy,,,42_hi.jpg
42,zh,停止！ <sep> 我的胡子发痒了！,,,,0.0,,Angry-Muslim-Guy,,,42_zh.jpg
43,de,habe einen beschissenen Namen <sep> wie ein Jude,,1.0,,,,Like-A-Jew,Religion,Judaism,43_de.jpg
43,en,have a shitty name <sep> like a jew,1.0,,,,,Like-A-Jew,Religion,Judaism,43_en.jpg
43,es,tener un nombre de mierda <sep> como un judío,,,1.0,,,Like-A-Jew,Religion,Judaism,43_es.jpg
43,hi,एक घटिया नाम है <sep> यहूदी जैसा,,,,,1.0,Like-A-Jew,Religion,Judaism,43_hi.jpg
43,zh,名字很烂 <sep> 像犹太人一样,,,,1.0,,Like-A-Jew,Religion,Judaism,43_zh.jpg
44,de,Dieser Hintergrund <sep> ist sexistisch,,1.0,,,,Feministfrequently,Cultural and Political Topics,Gender and Family,44_de.jpg
44,en,This background <sep> is sexist,0.0,,,,,Feministfrequently,Cultural and Political Topics,Gender and Family,44_en.jpg
44,es,Este fondo <sep> es sexista,,,1.0,,,Feministfrequently,Cultural and Political Topics,Gender and Family,44_es.jpg
44,hi,यह पृष्ठभूमि <sep> लिंगभेदी है,,,,,1.0,Feministfrequently,Cultural and Political Topics,Gender and Family,44_hi.jpg
44,zh,这个背景 <sep> 是性别歧视,,,,1.0,,Feministfrequently,Cultural and Political Topics,Gender and Family,44_zh.jpg
45,de,Ich bin keine Heuchlerin <sep> ich bin eine Frau,,1.0,,,,Feministfrequently,Cultural and Political Topics,Gender and Family,45_de.jpg
45,en,I'm not a hypocrite <sep> i'm a woman,1.0,,,,,Feministfrequently,Cultural and Political Topics,Gender and Family,45_en.jpg
45,es,No soy hipócrita <sep> soy una mujer,,,1.0,,,Feministfrequently,Cultural and Political Topics,Gender and Family,45_es.jpg
45,hi,मैं पाखंडी नहीं हूँ <sep> मैं एक महिला हूँ,,,,,0.0,Feministfrequently,Cultural and Political Topics,Gender and Family,45_hi.jpg
45,zh,我不是伪君子 <sep> 我是一个女人,,,,0.0,,Feministfrequently,Cultural and Political Topics,Gender and Family,45_zh.jpg
46,de,Gott ist allmächtig <sep> Aber ich werde die Frau selbst schlagen,,1.0,,,,Angry-Muslim-Guy,,,46_de.jpg
46,en,God is allmighty <sep> But I'll beat the wife myself,1.0,,,,,Angry-Muslim-Guy,,,46_en.jpg
46,es,Dios es todopoderoso <sep> pero yo me encargaré de la esposa yo mismo.,,,1.0,,,Angry-Muslim-Guy,,,46_es.jpg
46,hi,भगवान सर्वशक्तिमान है <sep> लेकिन मैं खुद पत्नी को पीटूंगा,,,,,1.0,Angry-Muslim-Guy,,,46_hi.jpg
46,zh,上帝是万能的 <sep> 但我会亲自打老婆,,,,1.0,,Angry-Muslim-Guy,,,46_zh.jpg
47,de,"Hören auf, den Toilettensitz hochgeklappt zu lassen <sep> Frauen benutzen ihn heruntergeklappt, also müssen du ihn herunterklappen",,1.0,,,,Privilege-Denying-Feminist,Cultural and Political Topics,Gender and Family,47_de.jpg
47,en,quit leaving the toilet seat up <sep> women use it down so you must put it down,0.0,,,,,Privilege-Denying-Feminist,Cultural and Political Topics,Gender and Family,47_en.jpg
47,es,"Deja de dejar la tapa del inodoro arriba <sep> las mujeres la usan abajo, así que debes bajarla.",,,1.0,,,Privilege-Denying-Feminist,Cultural and Political Topics,Gender and Family,47_es.jpg
47,hi,शौचालय की सीट को ऊपर रखना बंद करें <sep> महिलाएं इसे नीचे करके इस्तेमाल करती हैं इसलिए आपको इसे नीचे रखना चाहिए,,,,,0.0,Privilege-Denying-Feminist,Cultural and Political Topics,Gender and Family,47_hi.jpg
47,zh,不要把马桶座圈掀起来 <sep> 女人会把它放下，所以你必须把它放下,,,,1.0,,Privilege-Denying-Feminist,Cultural and Political Topics,Gender and Family,47_zh.jpg
48,de,will alles gleich <sep> Außer wenn die Wehrpflicht kommt,,1.0,,,,Privilege-Denying-Feminist,Cultural and Political Topics,Gender and Family,48_de.jpg
48,en,wants Everything Equal <sep> Except for when the military draft comes,1.0,,,,,Privilege-Denying-Feminist,Cultural and Political Topics,Gender and Family,48_en.jpg
48,es,quiere que todo sea igual <sep> Excepto cuando llega el reclutamiento militar,,,1.0,,,Privilege-Denying-Feminist,Cultural and Political Topics,Gender and Family,48_es.jpg
48,hi,सब कुछ बराबर चाहता है <sep> सिवाय उस समय के जब सैन्य भर्ती आती है,,,,,1.0,Privilege-Denying-Feminist,Cultural and Political Topics,Gender and Family,48_hi.jpg
48,zh,希望一切都平等 <sep> 除了征兵的时候,,,,1.0,,Privilege-Denying-Feminist,Cultural and Political Topics,Gender and Family,48_zh.jpg
49,de,Inder sind Asiaten?! <sep> Seit wann?,,1.0,,,,Asian-College-Freshman,Ethnicity,Asian,49_de.jpg
49,en,Indians are asian?! <sep> Since When?,0.0,,,,,Asian-College-Freshman,Ethnicity,Asian,49_en.jpg
49,es,¿Los indios son asiáticos? <sep> ¿Desde cuando?,,,1.0,,,Asian-College-Freshman,Ethnicity,Asian,49_es.jpg
49,hi,भारतीय एशियाई हैं?! <sep> कब से?,,,,,1.0,Asian-College-Freshman,Ethnicity,Asian,49_hi.jpg
49,zh,印度人是亚洲人？！ <sep> 从何时起？,,,,1.0,,Asian-College-Freshman,Ethnicity,Asian,49_zh.jpg
4,de,also du hast dich deprimiert gefühlt <sep> weil du zu dick warst?,,1.0,,,,Skeptical-Black-Kid,Ethnicity,Black,4_de.jpg
4,en,so you felt depressed <sep> because you were too fat?,1.0,,,,,Skeptical-Black-Kid,Ethnicity,Black,4_en.jpg
4,es,¿Entonces te sentiste deprimido <sep> porque estabas demasiado gordo?,,,1.0,,,Skeptical-Black-Kid,Ethnicity,Black,4_es.jpg
4,hi,तो आप उदास महसूस करते थे <sep> क्योंकि आप बहुत मोटे थे?,,,,,1.0,Skeptical-Black-Kid,Ethnicity,Black,4_hi.jpg
4,zh,所以你感到沮丧 <sep> 因为你太胖了？,,,,1.0,,Skeptical-Black-Kid,Ethnicity,Black,4_zh.jpg
50,de,"Gleichberechtigung für Frauen!!! <sep> lacht über andere Feministinnen, die meinen, Männer hätten das Gleiche verdient",,1.0,,,,Feminist-Cunt,,,50_de.jpg
50,en,Equality for women!!! <sep> laughs at other feminists who think that men deserve the same,1.0,,,,,Feminist-Cunt,,,50_en.jpg
50,es,Igualdad para las mujeres!!! <sep> se ríe de otras feministas que piensan que los hombres merecen lo mismo,,,1.0,,,Feminist-Cunt,,,50_es.jpg
50,hi,महिलाओं के लिए समानता!!! <sep> उन अन्य नारीवादियों पर हंसती हैं जो सोचते हैं कि पुरुष भी समान अधिकार के हकदार हैं,,,,,1.0,Feminist-Cunt,,,50_hi.jpg
50,zh,妇女平等！！！ <sep> 嘲笑其他认为男人也应该得到同样待遇的女权主义者,,,,1.0,,Feminist-Cunt,,,50_zh.jpg
51,de,"Ich bekam bei einer Bar Mitzwa einen Schlag ins Gesicht <sep> VON MEINEM COUSIN, DESSEN Bar Mitzwa es war",,0.0,,,,Jewish-Dude,Religion,Judaism,51_de.jpg
51,en,I Got Punched In The Face At A bar mitzvah <sep> BY MY COUSIN WHOSE bar mitzvah IT WAS,0.0,,,,,Jewish-Dude,Religion,Judaism,51_en.jpg
51,es,"Me dieron un puñetazo en la cara en un bar mitzvah <sep> MI PRIMO, EN SU BAR Mitzvah",,,1.0,,,Jewish-Dude,Religion,Judaism,51_es.jpg
51,hi,"मुझे एक बार मिट्ज्वा में चेहरे पर मुक्का परा <sep> मेरे चचेरे भाई से, जिसका यह बार मिट्ज्वा था",,,,,0.0,Jewish-Dude,Religion,Judaism,51_hi.jpg
51,zh,我在成人礼上被打了一拳 <sep> 那是我表哥的成人礼,,,,1.0,,Jewish-Dude,Religion,Judaism,51_zh.jpg
52,de,"Liebt einander* <sep> (Außer Schwuchteln, die sind eklig)",,1.0,,,,Jesus-Christ,Religion,Christian,52_de.jpg
52,en,"Love one another* <sep> (Except faggots, they are gross)",1.0,,,,,Jesus-Christ,Religion,Christian,52_en.jpg
52,es,"Amense unos a otros* <sep> (Excepto los maricones, son asquerosos)",,,1.0,,,Jesus-Christ,Religion,Christian,52_es.jpg
52,hi,"एक दूसरे से प्रेम करो* <sep> (समलैंगिकों को छोड़कर, वे घृणित हैं)",,,,,1.0,Jesus-Christ,Religion,Christian,52_hi.jpg
52,zh,彼此相爱* <sep> （除了同性恋者，他们太恶心了）,,,,1.0,,Jesus-Christ,Religion,Christian,52_zh.jpg
53,de,Abtreibung? Ein Frauenthema? <sep> Auch Transmänner brauchen Abtreibungen!,,1.0,,,,Privilege-Denying-Tranny,Sexual Orientation and Gender Identity,Trans,53_de.jpg
53,en,abortion? a womans issue? <sep> transmen need abortions too!,0.0,,,,,Privilege-Denying-Tranny,Sexual Orientation and Gender Identity,Trans,53_en.jpg
53,es,¿aborto? ¿un problema de mujeres? <sep> ¡Los hombres trans también necesitan abortos!,,,1.0,,,Privilege-Denying-Tranny,Sexual Orientation and Gender Identity,Trans,53_es.jpg
53,hi,गर्भपात? एक महिला का मुद्दा? <sep> ट्रांसमेन को भी गर्भपात की जरूरत है!,,,,,1.0,Privilege-Denying-Tranny,Sexual Orientation and Gender Identity,Trans,53_hi.jpg
53,zh,堕胎怎么是妇女问题了<sep>变形男人也需要堕胎！,,,,1.0,,Privilege-Denying-Tranny,Sexual Orientation and Gender Identity,Trans,53_zh.jpg
54,de,Die Geburt des Jesuskindes war eine schwule Party <sep> Alle Typen trugen Kleider!,,1.0,,,,Privilege-Denying-Tranny,Sexual Orientation and Gender Identity,Trans,54_de.jpg
54,en,the birth of the baby jesus was a queer party <sep> all the dudes wore dresses!,0.0,,,,,Privilege-Denying-Tranny,Sexual Orientation and Gender Identity,Trans,54_en.jpg
54,es,El nacimiento del niño Jesús fue una fiesta queer <sep> ¡todos los tipos llevaban vestidos!,,,1.0,,,Privilege-Denying-Tranny,Sexual Orientation and Gender Identity,Trans,54_es.jpg
54,hi,शिशु यीशु का जन्म एक क्वीर पार्टी थी <sep> सभी लड़कों ने ड्रेस पहनी थी!,,,,,1.0,Privilege-Denying-Tranny,Sexual Orientation and Gender Identity,Trans,54_hi.jpg
54,zh,耶稣诞生是一场同性恋派对 <sep> 所有的人都穿着裙子！,,,,1.0,,Privilege-Denying-Tranny,Sexual Orientation and Gender Identity,Trans,54_zh.jpg
55,de,"ich bin mehr Frau als du <sep> ich musste kämpfen, um eine Frau zu sein",,1.0,,,,Privilege-Denying-Tranny,Sexual Orientation and Gender Identity,Trans,55_de.jpg
55,en,i'm more of a woman than you <sep> i had to fight to be a woman,1.0,,,,,Privilege-Denying-Tranny,Sexual Orientation and Gender Identity,Trans,55_en.jpg
55,es,Soy más mujer que tú <sep> Tuve que luchar para ser mujer,,,1.0,,,Privilege-Denying-Tranny,Sexual Orientation and Gender Identity,Trans,55_es.jpg
55,hi,मैं तुमसे ज़्यादा औरत हूँ <sep> मुझे औरत होने के लिए संघर्ष करना पड़ा,,,,,1.0,Privilege-Denying-Tranny,Sexual Orientation and Gender Identity,Trans,55_hi.jpg
55,zh,我比你更像一个女人 <sep> 我必须努力才能成为一个女人,,,,0.0,,Privilege-Denying-Tranny,Sexual Orientation and Gender Identity,Trans,55_zh.jpg
56,de,Ich kann vielleicht nicht meine Titten melken <sep> aber ich kann sicher meinen Schwanz melken,,1.0,,,,Privilege-Denying-Tranny,Sexual Orientation and Gender Identity,Trans,56_de.jpg
56,en,I may not be able to milk my tits <sep> but i can sure milk my cock,1.0,,,,,Privilege-Denying-Tranny,Sexual Orientation and Gender Identity,Trans,56_en.jpg
56,es,Puede que no pueda ordeñar mis tetas <sep> pero seguro que puedo ordeñar mi polla,,,1.0,,,Privilege-Denying-Tranny,Sexual Orientation and Gender Identity,Trans,56_es.jpg
56,hi,मैं अपने स्तनों से दूध तो नहीं निकाल पाऊँगी <sep> लेकिन मैं अपने लिंग का फायदा जरूर उठा सकती हूँ,,,,,1.0,Privilege-Denying-Tranny,Sexual Orientation and Gender Identity,Trans,56_hi.jpg
56,zh,我的奶子可能不能出奶<sep>但我,,,,0.0,,Privilege-Denying-Tranny,Sexual Orientation and Gender Identity,Trans,56_zh.jpg
57,de,Beratungsstelle anrufen <sep> kann sie nicht verstehen,,1.0,,,,Stereotypical-Indian-Telemarketer,Countries,India,57_de.jpg
57,en,call help desk <sep> can't understand them,1.0,,,,,Stereotypical-Indian-Telemarketer,Countries,India,57_en.jpg
57,es,llamar al servicio de ayuda <sep> no puedo entenderlos,,,0.0,,,Stereotypical-Indian-Telemarketer,Countries,India,57_es.jpg
57,hi,हेल्प डेस्क पर कॉल करें <sep> उन्हें समझ ना पाए ,,,,,0.0,Stereotypical-Indian-Telemarketer,Countries,India,57_hi.jpg
57,zh,致电帮助台 <sep> 无法理解他们,,,,1.0,,Stereotypical-Indian-Telemarketer,Countries,India,57_zh.jpg
58,de,"ja, ja, frohe Weihnachten <sep> jetzt bring mir meinen kostenlosen Scheiß",,1.0,,,,Advicejew,Religion,Judaism,58_de.jpg
58,en,yeah yeah merry chrismas <sep> now bring me my free shit,1.0,,,,,Advicejew,Religion,Judaism,58_en.jpg
58,es,"yeah yeah, feliz Navidad <sep> ahora tráeme mis cosas/shit gratis.",,,1.0,,,Advicejew,Religion,Judaism,58_es.jpg
58,hi,हाँ हाँ मेरी क्रिसमस <sep> अब मुझे मेरी मुफ्त चीजें लाओ,,,,,1.0,Advicejew,Religion,Judaism,58_hi.jpg
58,zh,好好好圣诞快乐<sep>现在可以把赠品给我了吧,,,,1.0,,Advicejew,Religion,Judaism,58_zh.jpg
59,de, <sep> Ich sehe hier kein Problem,,0.0,,,,Asian-College-Freshman,Ethnicity,Asian,59_de.jpg
59,en, <sep> I don't see a problem here,0.0,,,,,Asian-College-Freshman,Ethnicity,Asian,59_en.jpg
59,es, <sep> No veo ningún problema aquí,,,0.0,,,Asian-College-Freshman,Ethnicity,Asian,59_es.jpg
59,hi, <sep> मुझे यहाँ कोई समस्या नहीं दिखती,,,,,0.0,Asian-College-Freshman,Ethnicity,Asian,59_hi.jpg
59,zh, <sep> 我觉得这没什么问题,,,,0.0,,Asian-College-Freshman,Ethnicity,Asian,59_zh.jpg
5,de,also sagst du mir <sep> die Ägypter sind einfach gegangen,,0.0,,,,Skeptical-Black-Kid,Ethnicity,Black,5_de.jpg
5,en,so your telling me <sep> the egyptians just left,0.0,,,,,Skeptical-Black-Kid,Ethnicity,Black,5_en.jpg
5,es,entonces me estás diciendo <sep> los egipcios acaban de irse,,,1.0,,,Skeptical-Black-Kid,Ethnicity,Black,5_es.jpg
5,hi,तो आप मुझे बता रहे हैं <sep> मिस्रवासी अभी-अभी चले गए,,,,,0.0,Skeptical-Black-Kid,Ethnicity,Black,5_hi.jpg
5,zh,所以你告诉我 <sep> 埃及人刚刚离开,,,,1.0,,Skeptical-Black-Kid,Ethnicity,Black,5_zh.jpg
60,de,"oh Scheiße, Rippchen im Angebot <sep> Diät beginnt morgen, Leute",,0.0,,,,Asian-College-Freshman,Ethnicity,Asian,60_de.jpg
60,en,"oh shit, ribs on special <sep> diet starts tomorrow guys",0.0,,,,,Asian-College-Freshman,Ethnicity,Asian,60_en.jpg
60,es,"Oh mierda, costillas en oferta <sep> La dieta empieza mañana chicos",,,0.0,,,Asian-College-Freshman,Ethnicity,Asian,60_es.jpg
60,hi,"ओह शिट, पसलियाँ विशेष पर <sep> परहेज़ कल से शुरू होता है दोस्तों",,,,,1.0,Asian-College-Freshman,Ethnicity,Asian,60_hi.jpg
60,zh,哦，妈呀，排骨特价 <sep>伙计们明天开始减肥,,,,0.0,,Asian-College-Freshman,Ethnicity,Asian,60_zh.jpg
61,de,wie geht's? <sep> ,,0.0,,,,Troll-Asian,Ethnicity,Asian,61_de.jpg
61,en,how you doing? <sep> ,0.0,,,,,Troll-Asian,Ethnicity,Asian,61_en.jpg
61,es,¿cómo estás? <sep>,,,0.0,,,Troll-Asian,Ethnicity,Asian,61_es.jpg
61,hi,आप कैसे हैं? <sep> ,,,,,0.0,Troll-Asian,Ethnicity,Asian,61_hi.jpg
61,zh,你好吗？ <sep>,,,,0.0,,Troll-Asian,Ethnicity,Asian,61_zh.jpg
62,de,Adolf Hitler <sep> war Österreicher,,1.0,,,,Typical-Germany-Lover,Countries,Germany,62_de.jpg
62,en,adolf hitler <sep> was austrian,1.0,,,,,Typical-Germany-Lover,Countries,Germany,62_en.jpg
62,es,adolf hitler <sep> era austriaco,,,0.0,,,Typical-Germany-Lover,Countries,Germany,62_es.jpg
62,hi,एडोल्फ हिटलर <sep> ऑस्ट्रियाई था,,,,,0.0,Typical-Germany-Lover,Countries,Germany,62_hi.jpg
62,zh,阿道夫·希特勒 <sep> 是奥地利人,,,,1.0,,Typical-Germany-Lover,Countries,Germany,62_zh.jpg
63,de,"oh nein, ich muss meine Krankenhausrechnungen bezahlen <sep> Scherz, in Kanada gibt es eine kostenlose allgemeine Gesundheitsversorgung!",,0.0,,,,Good-Chinese-Student,Countries,China,63_de.jpg
63,en,"oh no i need to pay my hospital bills <sep> joke, canada has free universal health care!",0.0,,,,,Good-Chinese-Student,Countries,China,63_en.jpg
63,es,"oh no tengo que pagar mis facturas del hospital <sep> bromeo, canadá tiene atención médica gratuita!",,,0.0,,,Good-Chinese-Student,Countries,China,63_es.jpg
63,hi,"अरे नहीं, मुझे अपने अस्पताल के बिलों का भुगतान करना है <sep> मज़ाक, कनाडा में मुफ्त सार्वभौमिक स्वास्थ्य देखभाल है!",,,,,0.0,Good-Chinese-Student,Countries,China,63_hi.jpg
63,zh,哦不，我需要支付医院费用 <sep> 笑话，加拿大有免费的全民医疗保健！,,,,1.0,,Good-Chinese-Student,Countries,China,63_zh.jpg
64,de,"Vater sagt, er solle seine Cousine 3. Grades heiraten <sep> tut es auch",,1.0,,,,Asian-College-Freshman,Ethnicity,Asian,64_de.jpg
64,en,father says to marry his 3rd cousine <sep> actually does it,1.0,,,,,Asian-College-Freshman,Ethnicity,Asian,64_en.jpg
64,es,El padre dice que se case con su tercer primo <sep> y lo hace en realidad.,,,1.0,,,Asian-College-Freshman,Ethnicity,Asian,64_es.jpg
64,hi,पिता ने तीसरी चचेरी बहन से शादी करने को कहा <sep> सच में ऐसा हुआ,,,,,1.0,Asian-College-Freshman,Ethnicity,Asian,64_hi.jpg
64,zh,父亲说要娶他的三堂妹<sep>言出必行,,,,1.0,,Asian-College-Freshman,Ethnicity,Asian,64_zh.jpg
65,de,Verfügt über einen Umkleideraum <sep> braucht keinen Schlüssel zum Öffnen,,1.0,,,,Asian-College-Freshman,Ethnicity,Asian,65_de.jpg
65,en,Has a lockeroom <sep> needs no keys to open it,0.0,,,,,Asian-College-Freshman,Ethnicity,Asian,65_en.jpg
65,es,Tiene un vestuario <sep> no necesita llaves para abrirlo,,,0.0,,,Asian-College-Freshman,Ethnicity,Asian,65_es.jpg
65,hi,इसमें लॉकरूम है <sep> इसे खोलने के लिए किसी चाबी की जरूरत नहीं है,,,,,0.0,Asian-College-Freshman,Ethnicity,Asian,65_hi.jpg
65,zh,有一个储物室 <sep> 无需钥匙即可打开,,,,0.0,,Asian-College-Freshman,Ethnicity,Asian,65_zh.jpg
66,de,"Papa sagte mir, ich solle Arzt werden, also wurde ich <sep> in Anthropologie",,1.0,,,,Troll-Asian,Ethnicity,Asian,66_de.jpg
66,en,"dad told me to be a doctor, so i did <sep> in anthropology",0.0,,,,,Troll-Asian,Ethnicity,Asian,66_en.jpg
66,es,"papá me dijo que fuera médico, así que lo hice <sep> en antropología",,,0.0,,,Troll-Asian,Ethnicity,Asian,66_es.jpg
66,hi,"पिताजी ने मुझे डॉक्टर बनने को कहा, तो मैं डॉक्टर बन गया <sep> नृविज्ञान में ",,,,,0.0,Troll-Asian,Ethnicity,Asian,66_hi.jpg
66,zh,爸爸告诉我要当一名医生，所以我就这么做了 <sep> 人类学,,,,0.0,,Troll-Asian,Ethnicity,Asian,66_zh.jpg
67,de,Sie nennen es chinesisches Essen <sep> wir nennen es einfach Essen,,0.0,,,,Stern-But-Honest-Chinese-Guy,Countries,China,67_de.jpg
67,en,You call it Chinese food <sep> we just call it food,0.0,,,,,Stern-But-Honest-Chinese-Guy,Countries,China,67_en.jpg
67,es,Tú lo llamas comida china <sep> nosotros simplemente lo llamamos comida,,,1.0,,,Stern-But-Honest-Chinese-Guy,Countries,China,67_es.jpg
67,hi,आप इसे चीनी भोजन कहते हैं <sep> हम इसे सिर्फ भोजन कहते हैं,,,,,0.0,Stern-But-Honest-Chinese-Guy,Countries,China,67_hi.jpg
67,zh,你称它为中国菜 <sep> 我们只称它为食物,,,,1.0,,Stern-But-Honest-Chinese-Guy,Countries,China,67_zh.jpg
68,de,"Meine Schwester brauchte 4 Jahre, um die High School abzuschließen <sep> ich werde die Familie nicht wie sie beschämen",,1.0,,,,Asian-College-Freshman,Ethnicity,Asian,68_de.jpg
68,en,My sister took 4 years to graduate high school <sep> i will not shame the family like her,1.0,,,,,Asian-College-Freshman,Ethnicity,Asian,68_en.jpg
68,es,Mi hermana tardó 4 años en graduarse de la secundaria <sep> no avergonzaré a la familia como ella,,,0.0,,,Asian-College-Freshman,Ethnicity,Asian,68_es.jpg
68,hi,मेरी बहन को हाई स्कूल से स्नातक करने में 4 साल लगे <sep> मैं उसके जैसे परिवार को शर्मिंदा नहीं करूँगा,,,,,0.0,Asian-College-Freshman,Ethnicity,Asian,68_hi.jpg
68,zh,我姐姐花了四年时间才高中毕业 <sep> 我不会像她那样给家人丢脸,,,,1.0,,Asian-College-Freshman,Ethnicity,Asian,68_zh.jpg
69,de,"Von den Gruppenmitgliedern wird erwartet, dass man den Großteil der Arbeit erledigen <sep> tut nichts",,0.0,,,,Troll-Asian,Ethnicity,Asian,69_de.jpg
69,en,EXpected by group members to do majority of work <sep> doesn't do anything,1.0,,,,,Troll-Asian,Ethnicity,Asian,69_en.jpg
69,es,Esperado por los miembros del grupo para hacer la mayor parte del trabajo <sep> no hace nada.,,,0.0,,,Troll-Asian,Ethnicity,Asian,69_es.jpg
69,hi,समूह के सदस्यों द्वारा अधिकांश कार्य करने की अपेक्षा की जाती है <sep> कुछ भी नहीं करता,,,,,1.0,Troll-Asian,Ethnicity,Asian,69_hi.jpg
69,zh,小组成员期望完成大部分工作 <sep> 没有做任何事情,,,,0.0,,Troll-Asian,Ethnicity,Asian,69_zh.jpg
6,de,"also willst du mir sagen, <sep> dass ich an 7 Tagen in der Woche Xbox 6 spielen kann?",,0.0,,,,Skeptical-Black-Kid,Ethnicity,Black,6_de.jpg
6,en,so you're telling me <sep> i can play xbox 6 of the 7 days of the week?,0.0,,,,,Skeptical-Black-Kid,Ethnicity,Black,6_en.jpg
6,es,así que me estás diciendo <sep> ¿Puedo jugar Xbox 6 los 7 días de la semana?,,,0.0,,,Skeptical-Black-Kid,Ethnicity,Black,6_es.jpg
6,hi,तो आप मुझे बता रहे हैं <sep> मैं सप्ताह के 7 दिनों में से 6 दिन Xbox खेल सकता हूँ?,,,,,0.0,Skeptical-Black-Kid,Ethnicity,Black,6_hi.jpg
6,zh,所以你是说 <sep> 我一周 7 天都可以玩 Xbox 6？,,,,0.0,,Skeptical-Black-Kid,Ethnicity,Black,6_zh.jpg
70,de,joggt zum Training... <sep> vom Bett zum Kühlschrank,,1.0,,,,Obese-American,Countries,USA,70_de.jpg
70,en,jogs for exercise... <sep> from her bed to the fridge,1.0,,,,,Obese-American,Countries,USA,70_en.jpg
70,es,Corre para hacer ejercicio... <sep> de su cama al frigorífico.,,,1.0,,,Obese-American,Countries,USA,70_es.jpg
70,hi,व्यायाम के लिए जॉगिंग करती है... <sep> बिस्तर से लेकर फ्रिज तक,,,,,1.0,Obese-American,Countries,USA,70_hi.jpg
70,zh,慢跑锻炼... <sep> 从她的床到冰箱,,,,1.0,,Obese-American,Countries,USA,70_zh.jpg
71,de,lädt Freund zu einem Spieleabend ein <sep> beginnt Einzelspieler zu spielen,,0.0,,,,Stereotypical-Indian-Telemarketer,Countries,India,71_de.jpg
71,en,invites friend to a game night <sep> starts playing single player,0.0,,,,,Stereotypical-Indian-Telemarketer,Countries,India,71_en.jpg
71,es,Invita a un amigo a una noche de juegos <sep> comienza a jugar en modo de un jugador,,,0.0,,,Stereotypical-Indian-Telemarketer,Countries,India,71_es.jpg
71,hi,दोस्त को गेम नाइट के लिए आमंत्रित करता है <sep> सिंगल प्लेयर खेलना शुरू करता है,,,,,0.0,Stereotypical-Indian-Telemarketer,Countries,India,71_hi.jpg
71,zh,邀请朋友参加游戏之夜 <sep> 开始玩单人游戏,,,,0.0,,Stereotypical-Indian-Telemarketer,Countries,India,71_zh.jpg
72,de,studiert Strafrecht <sep> die Polizeiakademie bringt ihm alles bei,,1.0,,,,Strict-Policeman,Cultural and Political Topics,Police Man,72_de.jpg
72,en,studies criminal justice <sep> police academy teaches him everything,0.0,,,,,Strict-Policeman,Cultural and Political Topics,Police Man,72_en.jpg
72,es,Estudia justicia criminal <sep> la academia de policía le enseña todo.,,,0.0,,,Strict-Policeman,Cultural and Political Topics,Police Man,72_es.jpg
72,hi,आपराधिक न्याय की पढ़ाई करता है <sep> पुलिस अकादमी उसे सब कुछ सिखाती है,,,,,0.0,Strict-Policeman,Cultural and Political Topics,Police Man,72_hi.jpg
72,zh,研究刑事司法 <sep> 警察学院教他一切,,,,1.0,,Strict-Policeman,Cultural and Political Topics,Police Man,72_zh.jpg
73,de,"hört, wie ein Freund Deutschland erwähnt <sep> langweilt einen Freund zu Tode mit Infos über Deutschland",,0.0,,,,Typical-Germany-Lover,Countries,Germany,73_de.jpg
73,en,hears friend mention germany <sep> bore friend to death with info about germany,0.0,,,,,Typical-Germany-Lover,Countries,Germany,73_en.jpg
73,es,oye a un amigo mencionar alemania <sep> aburre a muerte a su amigo con informacion sobre alemania,,,1.0,,,Typical-Germany-Lover,Countries,Germany,73_es.jpg
73,hi,दोस्त को जर्मनी का ज़िक्र करते सुना <sep> दोस्त को जर्मनी के बारे में जानकारी देकर बोर कर दिया,,,,,1.0,Typical-Germany-Lover,Countries,Germany,73_hi.jpg
73,zh,听到朋友提到德国 <sep> 用关于德国的信息烦死朋友,,,,0.0,,Typical-Germany-Lover,Countries,Germany,73_zh.jpg
74,de,ich heiße <sep> tony,,0.0,,,,Advicejew,Religion,Judaism,74_de.jpg
74,en,my name is <sep> tony,0.0,,,,,Advicejew,Religion,Judaism,74_en.jpg
74,es,mi nombre es <sep> Tony,,,0.0,,,Advicejew,Religion,Judaism,74_es.jpg
74,hi,मेरा नाम है <sep> टोनी,,,,,0.0,Advicejew,Religion,Judaism,74_hi.jpg
74,zh,我的名字是 <sep> 托尼,,,,0.0,,Advicejew,Religion,Judaism,74_zh.jpg
75,de,"Der peinliche Moment, wenn Herr Madaris sein Mittagessen zu Hause vergisst <sep> ",,1.0,,,,Obese-American,Countries,USA,75_de.jpg
75,en,That awkward moment when Mr. Madaris forgets his lunch at home <sep> ,1.0,,,,,Obese-American,Countries,USA,75_en.jpg
75,es,Ese momento incómodo cuando el señor Madaris olvida su almuerzo en casa <sep>,,,0.0,,,Obese-American,Countries,USA,75_es.jpg
75,hi,वह अजीब क्षण जब मिस्टर मदारिस अपना लंच घर पर भूल गए <sep> ,,,,,1.0,Obese-American,Countries,USA,75_hi.jpg
75,zh,马达里斯先生忘记带午餐的尴尬时刻 <sep> ,,,,1.0,,Obese-American,Countries,USA,75_zh.jpg
76,de,wie können wir beten <sep> wenn der Koran brennt,,1.0,,,,Muslim-Immigrant,Religion,Islam,76_de.jpg
76,en,how can we pray <sep> when the koran is burning,1.0,,,,,Muslim-Immigrant,Religion,Islam,76_en.jpg
76,es,¿Cómo podemos rezar <sep> cuando el Corán está ardiendo?,,,1.0,,,Muslim-Immigrant,Religion,Islam,76_es.jpg
76,hi,हम प्रार्थना कैसे कर सकते हैं <sep> जब कुरान जल रहा हो,,,,,0.0,Muslim-Immigrant,Religion,Islam,76_hi.jpg
76,zh,我们怎样才能祈祷 <sep> 当古兰经被焚烧时,,,,1.0,,Muslim-Immigrant,Religion,Islam,76_zh.jpg
77,de,Ich gebe dir einen Hinweis <sep> Die Matze ist in meiner Hose,,1.0,,,,Like-A-Jew,Religion,Judaism,77_de.jpg
77,en,I'll give you a hint <sep> The matzah is in my pants,1.0,,,,,Like-A-Jew,Religion,Judaism,77_en.jpg
77,es,Te daré una pista <sep> La matzá está en mis pantalones,,,1.0,,,Like-A-Jew,Religion,Judaism,77_es.jpg
77,hi,मैं तुम्हें एक संकेत देता हूँ <sep> मत्ज़ाह मेरी पैंट में है,,,,,1.0,Like-A-Jew,Religion,Judaism,77_hi.jpg
77,zh,我给你一个提示 <sep> 无酵饼在我的裤子里,,,,1.0,,Like-A-Jew,Religion,Judaism,77_zh.jpg
78,de,"Das Leben macht dich fertig? <sep> Würde es dich umbringen, deine Mutter anzurufen?",,0.0,,,,Advicejew,Religion,Judaism,78_de.jpg
78,en,Life got you down? <sep> Would it kill you to call your mother?,1.0,,,,,Advicejew,Religion,Judaism,78_en.jpg
78,es,¿La vida te deprime? <sep> ¿Te mataría llamar a tu madre?,,,1.0,,,Advicejew,Religion,Judaism,78_es.jpg
78,hi,क्या जिंदगी ने आपको निराश कर दिया है? <sep> क्या अपनी मां को फोन करने से आपकी मृत्यु हो जाएगी?,,,,,1.0,Advicejew,Religion,Judaism,78_hi.jpg
78,zh,生活让你失落？ <sep> 给你妈妈打电话会要了你的命吗？,,,,0.0,,Advicejew,Religion,Judaism,78_zh.jpg
79,de,"KOMMUNISMUS <sep> UNFÄHIG, TRÄUME ZU VERWIRKLICHEN - IN DER FALSCHEN FAMILIE GEBOREN ZU WERDEN",,1.0,,,,Stern-But-Honest-Chinese-Guy,Countries,China,79_de.jpg
79,en,COMMUNISM <sep> UNABLE TO ACHIEVE DREAMS - BEING BORN IN THE WRONG FAMILY,0.0,,,,,Stern-But-Honest-Chinese-Guy,Countries,China,79_en.jpg
79,es,COMUNISMO <sep> IMPOSIBLE ALCANZAR LOS SUEÑOS - NACIR EN LA FAMILIA EQUIVOCADA,,,1.0,,,Stern-But-Honest-Chinese-Guy,Countries,China,79_es.jpg
79,hi,साम्यवाद <sep> सपने साकार न कर पाना - गलत परिवार में जन्म लेना,,,,,1.0,Stern-But-Honest-Chinese-Guy,Countries,China,79_hi.jpg
79,zh,共产主义 <sep> 无法实现梦想 - 生错了家庭,,,,1.0,,Stern-But-Honest-Chinese-Guy,Countries,China,79_zh.jpg
7,de,also willst du mir sagen <sep> du hast unsere Noten bereits angepasst,,0.0,,,,Skeptical-Black-Kid,Ethnicity,Black,7_de.jpg
7,en,so you're telling me <sep> you already adjusted our grades,0.0,,,,,Skeptical-Black-Kid,Ethnicity,Black,7_en.jpg
7,es,así que me estás diciendo <sep> Ya ajustaste nuestras calificaciones,,,0.0,,,Skeptical-Black-Kid,Ethnicity,Black,7_es.jpg
7,hi,तो आप मुझे बता रहे हैं <sep> आपने पहले ही हमारे ग्रेड समायोजित कर दिए हैं,,,,,0.0,Skeptical-Black-Kid,Ethnicity,Black,7_hi.jpg
7,zh,所以你是说 <sep> 你已经调整了我们的成绩,,,,0.0,,Skeptical-Black-Kid,Ethnicity,Black,7_zh.jpg
80,de,"MAO, UNSER GROSSER HELD <sep> TÖTETE 40-70 MILLIONEN SEINES EIGENEN VOLKES",,1.0,,,,Stern-But-Honest-Chinese-Guy,Countries,China,80_de.jpg
80,en,MAO OUR GREAT HERO <sep> KILLED 40-70 MILLION OF HIS OWN PEOPLE,0.0,,,,,Stern-But-Honest-Chinese-Guy,Countries,China,80_en.jpg
80,es,MAO NUESTRO GRAN HÉROE <sep> MATÓ A 40-70 MILLONES DE SU PROPIA GENTE,,,1.0,,,Stern-But-Honest-Chinese-Guy,Countries,China,80_es.jpg
80,hi,माओ हमारे महान नायक <sep> अपने ही 40-70 मिलियन लोगों को मार डाला,,,,,1.0,Stern-But-Honest-Chinese-Guy,Countries,China,80_hi.jpg
80,zh,毛泽东是我们的伟大英雄 <sep> 杀害了4000万至7000万自己的人民,,,,1.0,,Stern-But-Honest-Chinese-Guy,Countries,China,80_zh.jpg
81,de,"technischer Support, <sep> hier spricht Karan",,1.0,,,,Stereotypical-Indian-Telemarketer,Countries,India,81_de.jpg
81,en,"technical support, <sep> this is karan speaking",1.0,,,,,Stereotypical-Indian-Telemarketer,Countries,India,81_en.jpg
81,es,"soporte técnico, <sep> habla karan",,,0.0,,,Stereotypical-Indian-Telemarketer,Countries,India,81_es.jpg
81,hi,"तकनीकी सहायता, <sep> मैं करण बोल रहा हूँ",,,,,1.0,Stereotypical-Indian-Telemarketer,Countries,India,81_hi.jpg
81,zh,技术支援， <sep> 我是 Karan,,,,1.0,,Stereotypical-Indian-Telemarketer,Countries,India,81_zh.jpg
82,de,"Hey Syrer <sep> warum postest du ein Bild von mir, aber kein Bild von dir?",,1.0,,,,Y-U-So-Arab,Ethnicity,Middle Eastern,82_de.jpg
82,en,Hey syrian guy <sep> y u post a picture of me but not a picture of you?,0.0,,,,,Y-U-So-Arab,Ethnicity,Middle Eastern,82_en.jpg
82,es,"Oye, tipo sirio <sep> ¿publicas una foto mía pero no una tuya?",,,1.0,,,Y-U-So-Arab,Ethnicity,Middle Eastern,82_es.jpg
82,hi,अरे सीरियाई आदमी <sep> तुम मेरी तस्वीर क्यों पोस्ट करते हो लेकिन अपनी तस्वीर नहीं?,,,,,0.0,Y-U-So-Arab,Ethnicity,Middle Eastern,82_hi.jpg
82,zh,嘿，叙利亚人 <sep> 你为什么发布了我的照片，却没有发布你的照片？,,,,1.0,,Y-U-So-Arab,Ethnicity,Middle Eastern,82_zh.jpg
83,de,warum darf ich <sep> das N-Wort nicht benutzen?,,1.0,,,,Nice-White-Girl,Ethnicity,White,83_de.jpg
83,en,why can't i <sep> use the n word?,1.0,,,,,Nice-White-Girl,Ethnicity,White,83_en.jpg
83,es,¿Por qué no puedo <sep> usar la palabra n?,,,1.0,,,Nice-White-Girl,Ethnicity,White,83_es.jpg
83,hi,मैं क्यों नहीं <sep> 'एन' शब्द का उपयोग कर सकता?,,,,,1.0,Nice-White-Girl,Ethnicity,White,83_hi.jpg
83,zh,为什么我不能 <sep> 使用 n 字？,,,,1.0,,Nice-White-Girl,Ethnicity,White,83_zh.jpg
84,de,aber mein Traumfänger-Tattoo <sep> ehrt die einheimische Kultur!,,0.0,,,,Nice-White-Girl,Ethnicity,White,84_de.jpg
84,en,but my dreamcatcher tattoo <sep> honors native culture!,0.0,,,,,Nice-White-Girl,Ethnicity,White,84_en.jpg
84,es,pero mi tatuaje de atrapasueños <sep> ¡honra la cultura nativa!,,,1.0,,,Nice-White-Girl,Ethnicity,White,84_es.jpg
84,hi,लेकिन मेरा ड्रीमकैचर टैटू <sep> मूल संस्कृति का सम्मान करता है!,,,,,1.0,Nice-White-Girl,Ethnicity,White,84_hi.jpg
84,zh,但我的捕梦网纹身 <sep> 尊重本土文化！,,,,1.0,,Nice-White-Girl,Ethnicity,White,84_zh.jpg
85,de,"hör auf, gemein zu mir zu sein <sep> ich gebe mir wirklich Mühe",,0.0,,,,Nice-White-Girl,Ethnicity,White,85_de.jpg
85,en,stop being mean to me <sep> i'm trying really hard,0.0,,,,,Nice-White-Girl,Ethnicity,White,85_en.jpg
85,es,Deja de ser malo conmigo <sep> Estoy esforzándome mucho,,,0.0,,,Nice-White-Girl,Ethnicity,White,85_es.jpg
85,hi,मेरे साथ बुरा व्यवहार करना बंद करो <sep> मैं बहुत कोशिश कर रहा हूँ,,,,,0.0,Nice-White-Girl,Ethnicity,White,85_hi.jpg
85,zh,不要对我这样尖酸刻薄 <sep> 我真的在努力,,,,0.0,,Nice-White-Girl,Ethnicity,White,85_zh.jpg
86,de,MUSS sich mit unlustigen Memes abfinden <sep> die ihre Geschlechtsidentität lächerlich machen,,0.0,,,,Privilege-Denying-Tranny,Sexual Orientation and Gender Identity,Trans,86_de.jpg
86,en,HAS to put up with unfunny memes <sep> ridiculing her gender identity,0.0,,,,,Privilege-Denying-Tranny,Sexual Orientation and Gender Identity,Trans,86_en.jpg
86,es,Tiene que soportar memes poco graciosos <sep> que ridiculizan su identidad de género.,,,1.0,,,Privilege-Denying-Tranny,Sexual Orientation and Gender Identity,Trans,86_es.jpg
86,hi,बेजोड़ मीम्स को झेलना पड़ता है <sep> उसकी लैंगिक पहचान का उपहास करना,,,,,1.0,Privilege-Denying-Tranny,Sexual Orientation and Gender Identity,Trans,86_hi.jpg
86,zh,必须忍受不好笑的表情包 <sep> 嘲笑她的性别认同,,,,1.0,,Privilege-Denying-Tranny,Sexual Orientation and Gender Identity,Trans,86_zh.jpg
87,de,"Sie haben das Recht zu schweigen <sep> Alles, was Sie sagen, kann und wird in ein Meme verwandelt",,0.0,,,,Strict-Policeman,Cultural and Political Topics,Police Man,87_de.jpg
87,en,You have the right to remain silent <sep> Everything you say can an will be turned into a meme,0.0,,,,,Strict-Policeman,Cultural and Political Topics,Police Man,87_en.jpg
87,es,Tienes derecho a permanecer en silencio <sep> Todo lo que digas puede ser y será convertido en un meme,,,0.0,,,Strict-Policeman,Cultural and Political Topics,Police Man,87_es.jpg
87,hi,आपको चुप रहने का अधिकार है <sep> आप जो कुछ भी कहेंगे उसे मीम में बदल दिया जाएगा,,,,,0.0,Strict-Policeman,Cultural and Political Topics,Police Man,87_hi.jpg
87,zh,你有权保持沉默 <sep> 你说的每一句话都可能被转化成表情包,,,,0.0,,Strict-Policeman,Cultural and Political Topics,Police Man,87_zh.jpg
88,de,warum sind schwarze Mädchen <sep> so laut?,,1.0,,,,Nice-White-Girl,Ethnicity,White,88_de.jpg
88,en,why are black girls <sep> so loud?,1.0,,,,,Nice-White-Girl,Ethnicity,White,88_en.jpg
88,es,¿Por qué las chicas negras <sep> son tan ruidosas?,,,1.0,,,Nice-White-Girl,Ethnicity,White,88_es.jpg
88,hi,काले रंग की लड़कियाँ <sep> इतनी शोर क्यों मचाती हैं?,,,,,1.0,Nice-White-Girl,Ethnicity,White,88_hi.jpg
88,zh,黑人女生<sep>怎么那么吵？,,,,1.0,,Nice-White-Girl,Ethnicity,White,88_zh.jpg
89,de,ich hasse Schwarze <sep> deshalb habe ich einen Job mit einer Waffe,,1.0,,,,Strict-Policeman,Cultural and Political Topics,Police Man,89_de.jpg
89,en,i hate black people <sep> thats why i got a job with a gun,1.0,,,,,Strict-Policeman,Cultural and Political Topics,Police Man,89_en.jpg
89,es,Odio a los negros <sep> por eso conseguí un trabajo con un arma,,,1.0,,,Strict-Policeman,Cultural and Political Topics,Police Man,89_es.jpg
89,hi,मुझे काले लोगों से नफरत है <sep> इसीलिए मुझे बंदूक वाली नौकरी मिली,,,,,1.0,Strict-Policeman,Cultural and Political Topics,Police Man,89_hi.jpg
89,zh,我讨厌黑人 <sep> 这就是为什么我找到了一份带枪的工作,,,,1.0,,Strict-Policeman,Cultural and Political Topics,Police Man,89_zh.jpg
8,de,Ich finde den Mangel an Energie in dieser Mailgruppe <sep> sehr störend,,0.0,,,,American-Pride-Eagle,,,8_de.jpg
8,en,I find lack of energy in this mail group <sep> very disturbing,0.0,,,,,American-Pride-Eagle,,,8_en.jpg
8,es,Encuentro falta de energía en este grupo de correo <sep> muy inquietante,,,0.0,,,American-Pride-Eagle,,,8_es.jpg
8,hi,मुझे इस मेल समूह में ऊर्जा की कमी<sep> बहुत परेशान करने वाली लगती है,,,,,0.0,American-Pride-Eagle,,,8_hi.jpg
8,zh,我发现这个邮件组缺乏活力 <sep> 非常令人不安,,,,0.0,,American-Pride-Eagle,,,8_zh.jpg
90,de,man drückt nicht einfach <sep> die Toilettenspülung,,0.0,,,,Troll-Asian,Ethnicity,Asian,90_de.jpg
90,en,one does not simply <sep> press the toilet flush,0.0,,,,,Troll-Asian,Ethnicity,Asian,90_en.jpg
90,es,uno no simplemente <sep> presiona la cisterna del inodoro,,,0.0,,,Troll-Asian,Ethnicity,Asian,90_es.jpg
90,hi,कोई ऐसे ही नहीं <sep> शौचालय का फ्लश दबाता है,,,,,0.0,Troll-Asian,Ethnicity,Asian,90_hi.jpg
90,zh,一个人不能简单地 <sep> 按下马桶冲水,,,,0.0,,Troll-Asian,Ethnicity,Asian,90_zh.jpg
91,de,fickt die Welt zweimal <sep> beschwere sich über Einwanderer,,1.0,,,,Typical-Germany-Lover,Countries,Germany,91_de.jpg
91,en,fucked the world twice <sep> complains about immigrants,1.0,,,,,Typical-Germany-Lover,Countries,Germany,91_en.jpg
91,es,jodió al mundo dos veces <sep> se queja de los inmigrantes,,,0.0,,,Typical-Germany-Lover,Countries,Germany,91_es.jpg
91,hi,दुनिया को दो बार चोदा <sep> आप्रवासियों के बारे में शिकायत करता ,,,,,1.0,Typical-Germany-Lover,Countries,Germany,91_hi.jpg
91,zh,两次搞砸了世界 <sep> 抱怨移民,,,,1.0,,Typical-Germany-Lover,Countries,Germany,91_zh.jpg
92,de,"Onkel hat mir gesagt, dass er dich vermisst, Adrian. <sep> Komm zurück nach Kuba.",,0.0,,,,Mexicanotriste,Countries,Mexico,92_de.jpg
92,en,"Uncle told me he misses you, adrian. <sep> come back to cuba.",0.0,,,,,Mexicanotriste,Countries,Mexico,92_en.jpg
92,es,"Mi tío me dijo que te extraña, Adrian. <sep> regresa a Cuba.",,,1.0,,,Mexicanotriste,Countries,Mexico,92_es.jpg
92,hi,"चाचा ने मुझसे कहा कि वह तुम्हें याद करते हैं, एड्रियन। <sep> क्यूबा वापस आ जाओ।",,,,,0.0,Mexicanotriste,Countries,Mexico,92_hi.jpg
92,zh,叔叔告诉我他想念你，阿德里安。 <sep> 回到古巴。,,,,1.0,,Mexicanotriste,Countries,Mexico,92_zh.jpg
93,de,aber Jennifer Lawrence war <sep> so eine tolle Katniss!,,0.0,,,,Nice-White-Girl,Ethnicity,White,93_de.jpg
93,en,but jennifer lawrence was <sep> such a great katniss!,0.0,,,,,Nice-White-Girl,Ethnicity,White,93_en.jpg
93,es, ¡pero Jennifer Lawrence fue <sep>una gran Katniss!,,,0.0,,,Nice-White-Girl,Ethnicity,White,93_es.jpg
93,hi,लेकिन जेनिफर लॉरेंस <sep> इतनी महान कैटनीस थी!,,,,,1.0,Nice-White-Girl,Ethnicity,White,93_hi.jpg
93,zh,但詹妮弗·劳伦斯 <sep> 真是一个伟大的凯特尼斯！,,,,1.0,,Nice-White-Girl,Ethnicity,White,93_zh.jpg
94,de,mir fällt keine Antwort ein.. <sep> *geht offline*,,0.0,,,,Asian-College-Freshman,Ethnicity,Asian,94_de.jpg
94,en,can't think of what to reply.. <sep> *goes offline*,0.0,,,,,Asian-College-Freshman,Ethnicity,Asian,94_en.jpg
94,es,No puede pensar en qué responder... <sep> *se desconecta*,,,0.0,,,Asian-College-Freshman,Ethnicity,Asian,94_es.jpg
94,hi,सोच नहीं पा रहा हूँ कि क्या जवाब दूँ.. <sep> *ऑफ़लाइन हो जाता हूँ*,,,,,0.0,Asian-College-Freshman,Ethnicity,Asian,94_hi.jpg
94,zh,想不出该怎么回复.. <sep> *去线下*,,,,0.0,,Asian-College-Freshman,Ethnicity,Asian,94_zh.jpg
95,de,So machen Sie Frankreich und England wütend <sep> in zwei einfachen Schritten,,0.0,,,,Success-Germany,Countries,Germany,95_de.jpg
95,en,How to get France and England mad at you <sep> in two easy steps,0.0,,,,,Success-Germany,Countries,Germany,95_en.jpg
95,es,Cómo hacer que Francia e Inglaterra se enojen contigo <sep> en dos sencillos pasos,,,0.0,,,Success-Germany,Countries,Germany,95_es.jpg
95,hi,फ्रांस और इंग्लैंड को आपसे नाराज कैसे करें <sep> दो आसान चरणों में,,,,,1.0,Success-Germany,Countries,Germany,95_hi.jpg
95,zh,如何让法国和英国对你生气 <sep> 只需两个简单步骤,,,,1.0,,Success-Germany,Countries,Germany,95_zh.jpg
96,de,"ich hasse Männer! <sep> GOTT, ICH BRAUCHE JETZT SOFORT DEN SCHWANZ EINES TYPEN ...",,1.0,,,,Feminist-Cunt,,,96_de.jpg
96,en,"i hate men! <sep> GOD, i NEED A GUY'S COCK RIGHT NOW...",1.0,,,,,Feminist-Cunt,,,96_en.jpg
96,es,"¡odio a los hombres! <sep> DIOS, NECESITO LA POLLA DE UN CHICO AHORA MISMO...",,,1.0,,,Feminist-Cunt,,,96_es.jpg
96,hi,"मुझे मर्दों से नफरत है! <sep> भगवान, मुझे अभी एक आदमी का लंड चाहिए...",,,,,1.0,Feminist-Cunt,,,96_hi.jpg
96,zh,我讨厌男人！ <sep> 天啊，我现在需要一个男人的鸡巴……,,,,0.0,,Feminist-Cunt,,,96_zh.jpg
97,de,"An meinem Aussehen ist nichts auszusetzen <sep> Es ist die heutige Gesellschaft, die falsch liegt",,0.0,,,,Obese-American,Countries,USA,97_de.jpg
97,en,There's nothing wrong with the way i look <sep> It's todays society that's wrong,1.0,,,,,Obese-American,Countries,USA,97_en.jpg
97,es,No hay nada malo con mi apariencia <sep> Es la sociedad actual la que está mal,,,1.0,,,Obese-American,Countries,USA,97_es.jpg
97,hi,मैं जिस तरह दिखता हूँ उसमें कुछ भी ग़लत नहीं है <sep> यह आज का समाज ग़लत है,,,,,1.0,Obese-American,Countries,USA,97_hi.jpg
97,zh,我的看法没有问题 <sep> 是当今社会的问题,,,,1.0,,Obese-American,Countries,USA,97_zh.jpg
98,de,"Wo hat sie dich jetzt berührt? <sep> Überlege genau, es könnte das Letzte sein, was du jemals sagst.",,1.0,,,,Strict-Policeman,Cultural and Political Topics,Police Man,98_de.jpg
98,en,Now where did she touch you <sep> think carefully it could be the last thing you ever say,0.0,,,,,Strict-Policeman,Cultural and Political Topics,Police Man,98_en.jpg
98,es,"Ahora dónde te tocó <sep> Piénsalo bien, podría ser lo último que digas.",,,1.0,,,Strict-Policeman,Cultural and Political Topics,Police Man,98_es.jpg
98,hi,अब उसने तुम्हें कहाँ छुआ <sep> ध्यान से सोचो यह तुम्हारी कही हुई आखिरी बात हो सकती है,,,,,1.0,Strict-Policeman,Cultural and Political Topics,Police Man,98_hi.jpg
98,zh,现在她碰了你哪里了 <sep> 仔细想想，这可能是你说的最后一句话,,,,0.0,,Strict-Policeman,Cultural and Political Topics,Police Man,98_zh.jpg
99,de,Ich respektiere deine Ansichten <sep> „Willst du zu meiner Jugendgruppe kommen?“,,0.0,,,,Condescending-Christian,Religion,Christian,99_de.jpg
99,en,"I respect your views <sep> ""want to come to my youth group?""",0.0,,,,,Condescending-Christian,Religion,Christian,99_en.jpg
99,es,"Respeto tus puntos de vista <sep> ""¿Quieres venir a mi grupo de jóvenes?""",,,0.0,,,Condescending-Christian,Religion,Christian,99_es.jpg
99,hi,"मैं आपके विचारों का सम्मान करता हूँ <sep> ""क्या आप मेरे युवा समूह में आना चाहते हैं?""",,,,,0.0,Condescending-Christian,Religion,Christian,99_hi.jpg
99,zh,我尊重你的观点 <sep> “想加入我的青年团体吗？”,,,,1.0,,Condescending-Christian,Religion,Christian,99_zh.jpg
9,de,"Unterstütze unsere Truppen, Arschloch! <sep> Oder wir sperren dich wegen Steuerhinterziehung ein!!!",,1.0,,,,American-Pride-Eagle,,,9_de.jpg
9,en,"Support Our Troops, Motherfucker! <sep> Or we'll lock your ass up for tax evasion!!!",0.0,,,,,American-Pride-Eagle,,,9_en.jpg
9,es,"¡Apoya a nuestras tropas, hijo de puta! <sep> ¡O te meteremos en la cárcel por evasión de impuestos!",,,1.0,,,American-Pride-Eagle,,,9_es.jpg
9,hi,"हमारे सैनिकों का समर्थन करो, मादरचोद! <sep> या हम कर चोरी के लिए तुम्हें जेल में बंद कर देंगे!!!",,,,,1.0,American-Pride-Eagle,,,9_hi.jpg
9,zh,支持我们的军队，混蛋！ <sep> 否则我们会因逃税而把你关起来！！！,,,,1.0,,American-Pride-Eagle,,,9_zh.jpg
