id,image,caption,label,severity,language
multioff_train_0001,LJ3r8Gy.jpg.png,"OFFICIAL BERNIE SANDERS DRINKING GAME ! Every time The Bernster mentions a free government program , chug somebody else 's beer !",SAFE,,ENGLISH
multioff_train_0002,qDnIIHA.png,2:28 PM THIS IS A WALL INSIDE A NAZI GAS CHAMBER dwebs WHEN A DEMOCRAT MENTIONS GUN CONTROL REMEMBER THIS PICTURE,OFFENSIVE,,ENGLISH
multioff_train_0003,1JQk5NF.png,o shit waddup ! BERNIE SANDERS COM,OFFENSIVE,,ENGLISH
multioff_train_0004,iMMNq.png,`` MITT ROMNEY IS THE WORST REPUBLICAN IN THE COUNTRY TO PUTUP AGAINST BARACK OBAMA . '' ENDORSE MITT ROMNEY,SAFE,,ENGLISH
multioff_train_0005,jAi3iI1.png,"Anonymous ( ID : duqdA1io a 08/05/16 ( Fri ) 16:32:48 No . 84231555 84231620 84231654 84231659 84231689 84231698 2 84231735 > > 84231790 > > 84231867 > > 84231910 > 84232021 > > 84232120 > > 84232180 > > 84232228 84232342 84232377 84232671 84232765 > > 84232970 File : image jpg ( 92 KB , 740x547 ) repeating digits and I will pass away before getting to witness a Trump vs Hillary debate",SAFE,,ENGLISH
multioff_train_0006,0WBXRH9.png,"kle watching the dem debate HELL YEAH , BERNIE ! Why is Hillary avoiding the questions ? Stahp HILLARY Fucking stop . I SWEAR TO FUCKING GOD HILLARY ANSWER THE GOD DAMN QUESTION STOP AVOIDING THE TOPIC AND ACTUALLY HAVE A FUCKING DEBATE ALI",OFFENSIVE,,ENGLISH
multioff_train_0007,oEGSd01.png,TRUMP ISANASSHOLE AND HILLARY ISALIAR IIWISHICOULD VOTE FOR THAT NEGROAGAIN,OFFENSIVE,,ENGLISH
multioff_train_0008,RfpjmXp.png,"`` WE DO N'T HAVE A COP PROBLEM IN AMERICA . ARE THERE PROBLEM COPS ? SURE , BUT BLACK AMERICA DOES NOT HAVE A COP PROBLEM . THE COPS DO MORE IN OUR NEIGHBORHOOD THAN THEY DO IN ANY OTHER NEIGHBORHOOD WE HAVE A LIBERAL DEMOCRAT PROBLEM KEVIN JACKSON",OFFENSIVE,,ENGLISH
multioff_train_0009,uDbb5Gk.png,Bernie or Hillary ? Be informed . Compare them on the issues that matter . Issue : here come dat boi o shit *Here comes that boy . waddup obvi plant,SAFE,,ENGLISH
multioff_train_0010,Z1VeVXi.png,WHO RUN WORLD2 VY PARK Milk the Cow Podcast Like Page Yesterday at 8:40am . BeyoncÌ© pays the sweatshop workers who make her lvypark range 44 pence an hour and in the same breath preaches empowerment .,OFFENSIVE,,ENGLISH
multioff_train_0011,pvCTAHi.png,"Republican 1988 , Reform Party 1999 Democrat 2004 , Republican 2009 Independent 2011 , Populist 2016 , Americans Love/Hate him Traditional Marriage 3 , Divorced 2 , Anti-immigration , Marries an Immigrant Hates Muslims , Helps Rich Muslims Loves China , Stocks in China Buy His Books and Get Rich . NEXT PRESIDENT OF CHINA and USA MAKE TRUMP RICH AGAIN",OFFENSIVE,,ENGLISH
multioff_train_0012,wzOK4S3.png,Give a man a fish and you feed him for a day Teach a man to fish and you feed him for a lifetime . Promise a man someone else 's fish each day and you create a lifelong Democrat voter . facebo Go To RightAlerts.com For Breaking News Without The Liberal Bias,OFFENSIVE,,ENGLISH
multioff_train_0013,Q29wRyg.png,BERT ERNIE BERNIE,SAFE,,ENGLISH
multioff_train_0014,2aiRLNR.png,Bernie or Be informed . Compare them on the issues that matter . Pepe `` I love the sad frog ! '' rares,OFFENSIVE,,ENGLISH
multioff_train_0015,5YMQ6wi.png,VOTE GREEN BERNIE ANGRY !,SAFE,,ENGLISH
multioff_train_0016,DBSMGfC.png,800 PM ET BREAKING NEWS CLINTON-TRUMP DEBATE BEGINS MOMENTARILY ON CNN LIVE ON CNN,SAFE,,ENGLISH
multioff_train_0017,vbrzXLV.png,Why does Mike Pence always look like he 's about to introduce legislation to outlaw the X Men,OFFENSIVE,,ENGLISH
multioff_train_0018,Rqzw9Co.png,IF YOU COULD PLEASE NOT ELECT TRUMP AS YOUR PRESIDENT THAT 'D BE GREAT made on inngur,OFFENSIVE,,ENGLISH
multioff_train_0019,KMa8L39.png,Campaign Manager : `` We need more millennial votes . '' Trump : `` Say no more fam,OFFENSIVE,,ENGLISH
multioff_train_0020,bCuLRM2.png,BERNIE HOWL WILL YOU APPEAL TO CHRISTIANS ? l'MASOCIALISTLEW WHOWANTS MONEY LENDERS TO BE HELD ACCOUNTABLE FORTHEIRCRIMESEDL,SAFE,,ENGLISH
multioff_train_0021,uluP5WP.png,"In the news Bernie Sanders Wins Connecticut 's Democratic Primary Huffington Post 1 hour ago Bernie Sanders ( l-Vt. ) has won Connecticut 's Democratic Futur TORELIEVEIN primary , giving his campaign a Hillary Clinton Defeats Bernie Sanders In Maryland Primary Huffington Post 2 hours ago Bernie Sanders Plays The Literal Trump Card Huffington Post 7 hours ago More news for `` huffington post '' `` bernie sanders '' connecticut Hillary Clinton Wins Connecticut 's Democratic Primary Huffi . www.huffingtonpost.com/ ... /hillary-clinton-connecti The Huffington Post 2 mins ago Bernie Sanders ( l-Vt. ) was hoping to score an upset in the Nutmeg State , which has something of a history of backing more liberal candidates .",SAFE,,ENGLISH
multioff_train_0022,2siNIoX.png,EITHER HILLARY IS INNOCENT OR YOU CA N'T TRUST A REPUBLICAN TO HEAD UP THE FBI GOP SUPPORTERS MIGHT WANT TO SIT THIS ONE OUT on inngur,SAFE,,ENGLISH
multioff_train_0023,i1KC0aU.png,le acid . FEEL THE BERN Do you support Sanders 2016 sir ? FEEL THE BERN FEEL THE AHHHHHHHHHHHHH ! IT BERNS BERN,OFFENSIVE,,ENGLISH
multioff_train_0024,2Qo03El.png,"please dont watch/try to converse w/ me if you are/believe in any of the following : anti-sjw anti feminism anti self-diagnosis homophobic/transphobic/etc believe in any form of reverse oppression tru scum/transmedicalist anti other kin/fictionkin or disagree with nounself/neopronouns ( im not otherkin myself but i have friends who are are and i will fight anyone who harasses them > :0 ) ship anything incestous , pedophilic , a large age gap , or abusive agree with donald trump/want him for president ( ya need bernie sanders )",SAFE,,ENGLISH
multioff_train_0025,Bq3Oe2TIAAAUgik.jpg,"10:47 PM AT & T en.m.wikipedia.org ey playing for the United States in May 2013 Personal information Clinton That Man Mama Dempsey March 9 , 1983 ( age 31 ) 11 rth irth Nacogdoches , Texas , United States 1.85 m ( 6 ft 1 in ) 2 ] Forward , Attacking Midfielder osition Club information Seattle Sounders FC am Youth career Dallas Texans",OFFENSIVE,,ENGLISH
multioff_train_0026,ugTPNMd.png,"K Notes October 31 , 2016 at 12:40 PM Dear Huma Psst . Just wanted to let you know l think climate change is fake . Also , women should be punished for abortions . Plus , Mexicans are rapists and criminals , and Muslims ( all of them ) should be treated like terrorists . Oh , and get this : I have n't paid taxes in years . Like , almost no taxes at all . Alright , got ta run , Tim Kaine wants to chat about how conversion therapy is good . And when we 're done , I 'm gon na grab him by the cock , which I 'm allowed to do because I 'm famous . You 're a 4 at best Hillary P. S. What day do l have to be in court for my child rape thing again ?",SAFE,,ENGLISH
multioff_train_0027,0vqvDs5.png,"Manny Loko Jimenez This offends me as a vegan transgender atheist German engineer who vapes organic decaffeinated compressed soy breast milk on the regular and a person Who does Indian naked crossfit yoga five times per week l 'm also a male feminist and identity myself as a Rastafarian Apache helicopter who serves only to one master my Chihuahua Which I . Helped Cross the border of Mexico plus l hate Donald Trump.My dog also walks me , if you find that weird you 're a arrogant ignorant homophobic globaphobic sexist Sun at 6:40 PM Like I 758 Reply",SAFE,,ENGLISH
multioff_train_0028,ewKXYvk.png,TELL ME AGAIN HOW MEGYN KELLY IS AHELPLESS VICTIM TO DONALD TRUMPS MYSOGYNY AND NEEDS ARE SYMPATHY,SAFE,,ENGLISH
multioff_train_0029,BuTZiB-IAAIO3am.png,Monica Loves CLINTON-DIY # Fantasy FootballTeamNames ( CONFLRT.com,SAFE,,ENGLISH
multioff_train_0030,fW7CAvO.png,ITS SIMPLE BERNIE HILLARY TRUMP,SAFE,,ENGLISH
multioff_train_0031,KIiW0Lw.png,"Ya Boi Bernie Apr 30 at 6:48pm B oh noe ! if you come upon this image while scrolling you have been visited by DAT BOI BERNIE ! Comment `` o shit waddup '' in 42069 seconds and you will be blessed with student loan forgiveness , or else you will be doomed to suffer at the hands of the yuge corporashuns and smoke only mids forever o shi Wadd",OFFENSIVE,,ENGLISH
multioff_train_0032,CboHZesW8AACcdP.jpg,"Bernie or Hilla Be informed , Compare em on the issues that matter issue : Real Nigga Hours Smash dat muthafuckin like button ! ! !",OFFENSIVE,,ENGLISH
multioff_train_0033,dZVtSfm.png,Alton Sterling : Father of 3 sentenced to immediate death by law enforcement after selling CDs outside a gas station . America Hillary Clinton : Carelessly allows Int ' l access to Top Secret Government info with no consequence from law enforcement .,SAFE,,ENGLISH
multioff_train_0034,IVgSveX.png,Clever bot Dank memes . Hi mc donald . Dank memes . Just do it . Dank memes . Ok . share ! Dank Memes think about it think for me thoughts so far,SAFE,,ENGLISH
multioff_train_0035,mVjzFQY.png,I SIGN UP ON REPUBLICAN EMAIL LISTS ASO I CAN MARK THEM AS SPAM made on imgur,SAFE,,ENGLISH
multioff_train_0036,0nF9BpI.png,GMA on Safari : Army GMA on Safari : Mus Robach 's Amazing J See Moments From In Depth : Extreme Weather Strikes Deadly Storms in the Snow Squalls Trigge West Massive 40-Car Pile- Good Morning America Rewind Analysis of the Presidential Candidate Marco Rubio Reacts Republican Presiden,OFFENSIVE,,ENGLISH
multioff_train_0037,Nbo6iZU.png,"IF TRUMP LOSES Illegals will pour into our country . Our borders will be unsecured . China will put us further in debt . ISIS will not be destroyed and will thrive . The Constitution will no longer exist ! Our economy will NEVER ever recover . Radical Mslm will take control and destroy our Way of life . Our Vets will die shamelessly . No matter where you or your family go , you wo n't be safe . America will no longer exist ! Vote Donald Trump !",OFFENSIVE,,ENGLISH
multioff_train_0038,KZoud4R.png,O 4G 28 % 7:51 Top Tweet from your timeline HEINHE CIMBED LEERS 0:07 I CNN CNN 12h Is Gary Johnson the answer for voters looking for an alternative ? # LibTownHall airs at 9p ET Cnn.it/ 397 View Tweet 466,SAFE,,ENGLISH
multioff_train_0039,m85k7GR.png,DEPARTMENT OF JUSTICE BLOCKS INVESTIGATION OF CLINTON ADMINISTRATION GOES AROUND THEM AND STARTS INVESTIGATION ANYWAY made on imgur,SAFE,,ENGLISH
multioff_train_0040,LEMUxIr.png,TRUMP SAYS FUCK ALL YOU BERNIE SANDERS 20 SOMETHINGS WHY DONT YOU GET YOUR ASS AOUT THERE AND FUCKING WORK LIKE WE ALL DID AND STOP ASKING FOR FREE SHIT.. ! ! !,OFFENSIVE,,ENGLISH
multioff_train_0041,9gSRNmP.png,"Give a man a fish , and he eats for a day . Give a man a welfare check , a free cellphone , food stamps section 8 housing , a six-pack of beer , a crack pipe , and some Air Jordon 's , and he 'll vote Democrat the rest of his life",OFFENSIVE,,ENGLISH
multioff_train_0042,5oT4c6d.png,HUNTER PENCE FRANCISC GATHER PENCE,SAFE,,ENGLISH
multioff_train_0043,l6SOQGq.png,Bernie or Hillary ? Be informed . Compare them on the issues that matter . Issue : MEXICAN FOOD `` Have you tried the chicken `` The complexity of flavors and spices and biscuit taco at Taco Bell ? It 's a great way to reward regional diversity of mole sauce puts Mexican yourself after Crossfit ! '' cooking on par with the world 's other great cuisines,OFFENSIVE,,ENGLISH
multioff_train_0044,1Yj5Kns.png,"73 % 1:01 PM K +1 559-376-7017 Great , thanks ! If you can , please bring a friend or two Have a great day ! 12:52 PM You too thank you 12:53 PM Thanks 12:57 PM FEEL THE BERN YOU WILL 1:00 PM 0/160 Add text",SAFE,,ENGLISH
multioff_train_0045,CaQrRikUYAA3VrV.jpg,Bernie or Hillary ? Be informed . Compare them on the issues that matter Issue Paul Blart `` I love Paul Blart `` Paul Blart there should be sucks a third movie '',SAFE,,ENGLISH
multioff_train_0046,zs6maXI.png,Bernie 2016 SHERROD BRO,SAFE,,ENGLISH
multioff_train_0047,UzN2sz1.png,"IF YOU RE A BERNIE SUPPORTER WHO WANTS TO VOTE FOR TRUMP , YOU HAVE FOUR OPTIONS : DONT VOTE 2 . VOTE FOR ANY THIRD PARTY CANDIDATE 3- VOTE FOR TRUMP HIMSELF 4 . STAB YOURSELF IN THE EYEBALL . HAPPY HUNTING !",OFFENSIVE,,ENGLISH
multioff_train_0048,zl617iP.png,WONDER WHATSUP WITH MY FAVORITE FIRSTILADY HILLARY CLINTON AND MY FAVORITE BUSINESSMAN ANDTV PERSONALITY KURT COBAIN,SAFE,,ENGLISH
multioff_train_0049,YGkNITr.png,"nou can not help men permanently by TRUMP PENCE doing for them what they could 2016 and should do for themselves The stronges eason forthe people to retain the rightio keep and beararmsis , asalast resort , to protectthemselves against tyrannyingovernment . OCT IN GOD WE TRUST 16 DONALD TRUMP FOR PRESIDENT 2016 IN NEWS OVER AMILLON COPS OUR STREETS TODAI",SAFE,,ENGLISH
multioff_train_0050,C0JFBbU.png,MYTH : Only Uneducated White Males support Donald Trump HIGH ENERGY ( i.sli.mg ) 24 1310 N submitted 3 hours ago by consolewars to /r/The Donald 103 comments share save hide report TRUMP,OFFENSIVE,,ENGLISH
multioff_train_0051,oKD3FG3.png,HERE COME JOHNSON 2016 FACEBOOK REASONABLE PEOPLE FOR GARY JOHNSON,SAFE,,ENGLISH
multioff_train_0052,nlzn1IN.png,"Sorry , not when it 's a government spy tool and a distraction to the `` greater '' public from everything the government is trying to hide . I 'd prefer to know about events that Could possibly destroy our World Like the US sent troops to Putin Or Bernie teamed up with Clinton Or what 's happening in lsrael and their leaders dictatorship Oops ... too political for most minds .",SAFE,,ENGLISH
multioff_train_0053,qv6y9xq.png,"Native American Bernie Sanders Supporters are n't calling themselves `` Indian Berns , '' they re doing It wrong . TJ Wharry @ twharry",OFFENSIVE,,ENGLISH
multioff_train_0054,YIi9Bga.png,"TRUMP-PENCE TRUMPETS '' YES THE `` TRUMP OF GOD ( 1Corinthians 15:51 ) & ( 1Thessalonians 4:16 ) October 2nd , sunset JerUSAlem time , begins Hebrew Year 5777 ! ! ! HUNDREDS OF SIGNS FOR THE FIRST TIME EVER AN UNPRECEDENTED EPIC CONVERGENCE EXAMPLE : muslim turks take JerUSAlem in 1517 and lose it to General Allenby EXACTLY as predicted 8 Jubilees later on the first day of Hanukkah in 1917 . Then the NEXT Jubilee is the `` Six DAY WAR '' in 1967 . EXACT ! Wow , already the next Jubilee is here ! Be Rapture Ready or as Jesus Warns us plainly , you will remain here for the Tribulation which will be `` the worst time that ever was or ever will be '' Think of it..just one EMP and lights out ... no food no water no transportation.. riots ... fires ... oh and hundreds of nuclear storage pools overheat and nuclear fires everywhere just like F US-hima ! 9 SEE Hundreds of Proofs at my Facebook page U DoD ) Like Reply 1 41 mins",OFFENSIVE,,ENGLISH
multioff_train_0055,eP24hnr.png,"Bernie Bernie Sanders e @ BernieSanders Let 's say it loud and clear : women control their bodies , not the government . arizonagunguy Let 's say it loud and clear gun owners control their guns , not the government diesel fumesniffer Everyone say it with me . Adults control their healthcare , not the government . your uncle dave Let 's say it loud and clear : Wage earners control their money . not the government . liberty bill Let 's say it loud and clear the market coordinates time with interest , not the government . redbloodedamerica Let 's say it oud and clear : private companies and consumers control the market , not the government",OFFENSIVE,,ENGLISH
multioff_train_0056,risXjE4.png,"Hillary Clinton Folgen @ HillaryClinton made . Delete your account . Donald J. Trump @ realDonald Trump Obama just endorsed Crooked Hillary He wants four more years of Obama-but nobody else does ! 6 Ubersetzung anzeigen RETWEETS GEFALLT 5.527 5.363 08:27 9 . Juni 2016 t 5,5 Tisd . 5,4 Tsd .",OFFENSIVE,,ENGLISH
multioff_train_0057,fkpqfLB.png,IFA VOTE FOR ANYONE BUT TRUMP IS A VOTE FOR HILLARY THEN A VOTE FOR ANYONE BUT HILLARY IS A VOTE FOR TRUMP,SAFE,,ENGLISH
multioff_train_0058,fsgozVS.png,"11:29 PM 3 % 29 % 8:53 PM 11 % 28:24 PM 8 % , 8:04 PM 20 % 12:08 AM 26 % 11:19 PM 39 % 10:40 PM 23 9:38 PM 7:19 PM 10m , 6:28 PM 13m 6:15 PM 5:53 PM me : hate liberals them : so what are you , a republican ? -oldmin",OFFENSIVE,,ENGLISH
multioff_train_0059,OhXur08.png,"Wow ! Cold It was so cold this morning , I actually saw a Democrat with his hands in his own pockets .",SAFE,,ENGLISH
multioff_train_0060,ztdf8dZ.png,Shares Y C are SCORE ! One Pence Two Pence Three pence Four Four Pence Three Rence Trump Pence,SAFE,,ENGLISH
multioff_train_0061,sbWUiil.png,Bernie or Hillary ? Be informed . Compare them on the issues that matter Issue : Soccer Emirate obvious plant,SAFE,,ENGLISH
multioff_train_0062,aK7Mzo4.png,ENOUGH VOTE CLINTON VS TRUMP,OFFENSIVE,,ENGLISH
multioff_train_0063,WBYOXcj.png,TRUMP AGREES WITH BREXIT AND THINKS IT 'S FANTASTIC ! THIS CA N'T BE A GOOD THING,SAFE,,ENGLISH
multioff_train_0064,zOImoh5.png,"THE REAL DONALD TRUMP ? Did you know : Donald Trump sheltered Jennifer Hudson rent-free after her family was murdered . Donald Trump sued the city of Palm Beach when he bought a segregated club , Mar A Lago , to open it to Jews & Blacks . Donald Trump paid to ensure a Mexican American boy would graduate from college when he saw a news story about his terminally ill mom . Donald Trump dispatched his plane to fly a sick Jewish boy for special care when he heard no airline would accommodate his medical equipment . Donald Trump sent t10,000 to hero bus driver Darnell Barton after seeing a news story about how he saved a woman from jumping off a bridge . Donald Trump gave the job of constructing Trump Tower to Barbara Res , making her the 1st woman in history to build a skyscraper .",SAFE,,ENGLISH
multioff_train_0065,6jA3QAb.png,"82 % 1:54 PM Posts 4 hrs So last night my house house was robbed . To make it all the worse the victims were my children and their First Amendment rights . They had begged me to put a Trump sign out front of our house , which l was reluctant to do because of reasons such as this . The sign was stolen . It 's sad to see our country come to such a state . # ThoushaltNotSteal # MakeAmericaGreatAgain # Trump2016 TRUMP MAKEAMERICA GREAT AGAIN ! Like Share Comment CO Write a comment",SAFE,,ENGLISH
multioff_train_0066,otfhxeo.png,Hillary Clinton Ben Ghazi 2016,SAFE,,ENGLISH
multioff_train_0067,A5t5Zkf.png,what happens if Jill Stein does n't win the elections ? '' Plan B . Plan b ? me,SAFE,,ENGLISH
multioff_train_0068,rDy2M4O.png,Like Page 21 hrs NOW WHY WOULDANORGANDATION CREATEDBYDEMOCRATS THE GOP . BEGINS TO UNE Up BEHIND THE PRESUMPTIVE NOMINEE VOTE REPUBLICAN ? 2.9k reactions 85 Comments 1.2k Shares I Like Comment Share and 2.9k others Top comments Write a comment,OFFENSIVE,,ENGLISH
multioff_train_0069,Pn18AKw.png,"Donald Trump talks like real men talk . Real men talk dirty Women expect it . Here in Alaska we do , anyway We like our men tough . Sweet talk is for weak- wristed liberals . Sarah Palin , 10/11/16",SAFE,,ENGLISH
multioff_train_0070,EIehYa1.png,FEDS ARRESTED AVETERAN FOR SUPPORTING DONALD TRUMP Veterans US,SAFE,,ENGLISH
multioff_train_0071,X2dmDrp.png,"`` Chelsea Clinton steps out of college and her parents get her a job paying $ 900,000.00 per year . Now her mom goes around the country speaking out against `` White Privilege '' . Think about that for awhile",SAFE,,ENGLISH
multioff_train_0072,MhnioLP.png,WE SHOULD BUILD THE WALL AROUND DONALD TRUMP made on imgur,OFFENSIVE,,ENGLISH
multioff_train_0073,PAEZU3T.png,GB Tube You Search Donald Trump e LIKE and SHAREll IThis is a Live Broadcast from Golden St LIV,OFFENSIVE,,ENGLISH
multioff_train_0074,nNYop46.png,BEING A REPUBLICAN OR DEMOCRAT WASTING TIME AND ENERGY,SAFE,,ENGLISH
multioff_train_0075,wkkA7rU.png,One out of three Trump supporters An spell the word `` burn '' as `` bern '' !,OFFENSIVE,,ENGLISH
multioff_train_0076,X7mEejq.jpg.png,Aw look how cute Oh no I 'm voting Democrat this election cycle . It 's retarded .,SAFE,,ENGLISH
multioff_train_0077,TqFVPVE.png,"Bernie Sanders Legendary Creature Human Champion O ) Death touch , Double Strike , Evolve , Exalted , Fear , First Strike , Flash , Flying , Haste , Hexproof , Indestructible , Lifelink , Shadow , Trample , Unblockable , Undying , Vigilance Soulbound ( B ernie Sanders enters the battlefield with X +1/+1 counters , wherex is the number of hi campaign contributors ) 20/20 ) MTG Cardsmith http : d/mtgeardsmith.com/",SAFE,,ENGLISH
multioff_train_0078,qHS51uj.png,"ituted anten deriving their an ect , le te alter c it is the ach princ vent Donald TRUMP Sniffing MONTAGE PRESIDENTIAL DEBATE 2016",SAFE,,ENGLISH
multioff_train_0079,CuXk-UQWYAAs43F.jpg,@ NFL Memes Narrowing 318 million people down to Donald Trump & Hillary Clinton for President is like narrowing the entire NFL down to having to pick between Ryan Fitzpatrick & Blaine Gabbert for your fantasy team,SAFE,,ENGLISH
multioff_train_0080,MfHuFve.png,"Here 's the man who threw tomatoes at Donald Trump last night . Andrew Alemao . # iacaucus icp-c.com/2051bQi Endy Ramirez Andrew you are officially a Mexican in the eyes of all my Mexicans you can do and act like we do . you want to come thru our cook outs ? come thru they get popping Beers Carne Asada , Girls dancing all that shit , when our mom 's or abuelas make tamales or posole you sir will be invited Mi casa su casa , You are no longer Andrew you are Andres welcome to our family fucker",SAFE,,ENGLISH
multioff_train_0081,1DY6I9Q.png,IF YOU SEE THIS IMAGE WHILE SCROLLING YOU HAVE BEEN VISITED BY THE GARY JOHNSON OF LIBERTY blessed entrepreneurship and legal weed will come to you but only if you comment `` do n't tread on me '',OFFENSIVE,,ENGLISH
multioff_train_0082,s9Z2Han.png,1 hr f Donald Trump becomes President l am leaving America and moving to Hawaiis Like Comment Share,OFFENSIVE,,ENGLISH
multioff_train_0083,orV6OVk.png,YOU THE TERM COMMUNISTTO DESCRIBE BERNIE SANDERS OURLIEDETECTORTEST DETERMINED YOU NEED FREE COLLECE,OFFENSIVE,,ENGLISH
multioff_train_0084,kxA5NIk.png,"Bernie or Hilla Be informed . Compare them on the issues that matter . Tupac Issue : I prefer `` You know it 's funny when it rains it pours . a SUPERpac They got money for wars , but ca n't feed the poor . ''",SAFE,,ENGLISH
multioff_train_0085,0UQh5Eo.png,"TEXAS PRESIDENTIAL POLL PUBLIC POLICY POLLING If the election was today , who would you vote for ? 44 % DONALD TRUMP ( R ) 38 % HILLARY CLINTON ( D ) HARAMBE THE GORILLA 2 % JILL STEIN ( G ) FOX4 5:54 76",SAFE,,ENGLISH
multioff_train_0086,k7472hu.png,"bernie-it-down 489 points 18 hrs Meat without the taste of fear and suffering just wo n't be the same gadafgadaf 116 points 15 hrs You ca n't forget about the cramped , unsanitary conditions it was raised in bernie-it-down 54 points 15 hrs That is extra flavor that will also be missed Natty light Murica 34 points 14 hrs Sweet sweet marinade of vile conditions and impending doom eamantite 3 points . 6 hrs I dip mine in honey mustard !",SAFE,,ENGLISH
multioff_train_0087,N26emlc.png,ere ma Saur etitusinvictuS when you feel the Bern but Hillary wins the primaries The garbage will do There has never been a better representation of how feel about the current democratic nomination process .,SAFE,,ENGLISH
multioff_train_0088,SiKwS84.png,"re : Hahahahha from Trum sent 46 minutes ago Typical , lying democrat . Proving once again , that you all lie . You ca n't help it . Enjoy the cancer , I enjoy my next beer that much more knowing you 'll be dead sooner than me . permalink report b user mark unread reply",SAFE,,ENGLISH
multioff_train_0089,VwfCCk1.png,"3 WIVES , 4 BANKRUPTCIES , 5 TIME ORAFT DODGER CREATES FAKE UNIVERSITLOUTSOURCES JOBS TO MEXICO AND CHINA HIRES 200 UNDOcUMENTED POLISH WORKERS , RIPS THEM OFF WANTS TOUSECOURUSTOSILENCE MEDIA . THINKS TED CRUTS FATHER KILLED JFK IS THE REPUBLICAN PRESUMPTIVE CANDIDATE",OFFENSIVE,,ENGLISH
multioff_train_0090,V9SBG1K.png,"37 % 12:08 AM Search Pablo Reyes December 26 , 2015 B Call me crazy but in 2016 Hillary Clinton will be the first female president , the world will go crazy over the death of a gorilla , Prince will die , Muhammad Ali will die , Kimbo Slice will die , Donald Trump will die . The USA will experience the worst mass shooting I 'm not trying to scare anyone , but you 'll remember my name .",SAFE,,ENGLISH
multioff_train_0091,QTNlTQo.png,"COMMONWEEALTH OF VIRGINIA OFFICIAL BALLOT County of Fairfax MOCRATIC PARTY PRESIDENTIAL PRIMARY Tuesday , March 1 , 2016 ESTADO DE VIRGINIA PAPELETA OFICIAL Condado de Fairfax A PRESIDENCIAL DEL PARTIDO DEMOCRAT A Martes , 1 de marzo 2016 President ( Vote for only one ) Presidente ( Votar por solamente uno ) Hillary Clinton Martin J. O'Malley Bernie Sanders",SAFE,,ENGLISH
multioff_train_0092,zq7bXGu.png,"`` GARY JOHNSON , ICANNOTAFFORD THE THERAPISTIKNOWINEED ANDOVERALL FEELASIFI HAVE NO FUTURE . IAM JUST ANOTHER POOR PERSON BEINGSOUEELEDOUTANDLEFUUODRY BY THE ULTRA-RICH , WHAT HOPECAN YOU GIVE METHATTHECOUNTRYBEINGFISCALLY CONSERVATIVE IS GOING TO HELP ME AND MY FAMILY REACH THAT AMERICAN DREAM UPWARD MOBILITY `` THE BEST CHANCE YOUHAVE TO REACH THE AMERICAN DREAM IS THROUGH ENTREPRENEURSHIP INDIVIDUAL FREEDOM AND LIBERTY WILL BETTERALLOWYOUTO DOTHAT CREATE YOUR OWN JOB DO N'T BE A VICTIM . TAKE CONTROLOFYOUR OWN FUTURE ! H or net",OFFENSIVE,,ENGLISH
multioff_train_0093,mSA9fTA.png,Tim Tebow Denies Report He 's 20 Speaking at Donald Trump 's Republican Convention ( bleacherreport.com ) 17 comments politics Republican National Convention Speakers list revealed : Trumps barely famous friends set to take the stage in Cleveland Delegates will be treated to an array of riveting speakers like soap opera star Antonio Sabato Jr . and Heisman trophy winner Tim Tebow . ( salon.com ) WELCOME,OFFENSIVE,,ENGLISH
multioff_train_0094,ZMaAKc9.png,PRINCE WAS A MUSICAL GENIUS WITH VISION AND INTELLECT FAR BEYOND ANYONES IMAGINATION `` ONE DAY MY BROTHERS AND SISTERS WILL REALIZE THAT DEMOCRATS HAVE MADE US WEAK BY GIVING US THINGS WE WOULD NORMALLY HAVE TO WORK FOR . THAT IS WHY I VOTE REPUBLICAN FOR THEY REALIZE ANYTHING WORTH HAVING IS WORTH WORKING FOR '' PRINCE,SAFE,,ENGLISH
multioff_train_0095,CFa0OLu.png,BARNIE STALIN FEEL THE BERN,SAFE,,ENGLISH
multioff_train_0096,CcFmlzLW8AAxHkM.jpg,Bernie or Hillary ? Be informed . Compare them on the issues that matter . Issue : Losing Bets Pays you `` We never shook up front hands bro '',SAFE,,ENGLISH
multioff_train_0097,yWd3NEB.png,"In Libya Clinton pushed for a war that killed 30,000 people . The rebels ' Killery backed turned out to be Al Qaeda types . When Gaddafy was knife raped in the street , she said , `` We came , we saw , he died , '' and laughed . BERN ? FELT NOW THE",SAFE,,ENGLISH
multioff_train_0098,XwccSUy.png,The `` I feel the Bern '' starter pack Score Credit Excellent Oba L CH WR Uncertain Poor LA FUNNY NEWS MOVIES BOOK r/Politics ANTI HILLARY NTROVERSIAL TOP,SAFE,,ENGLISH
multioff_train_0099,CcmXJPoUcAAkauM.jpg,Donald Trump Pros : Not Hillary Cons : Donald Trump Hillary Clinton Pros : Not Trump Cons : Hillary,SAFE,,ENGLISH
multioff_train_0100,A0wcV4g.png,Obamacare Citizens forced to buy healthcare coverage that Drs and hospitals will not accept . This stupidity has been brought to you by the DEMOCRAT Party,SAFE,,ENGLISH
multioff_train_0101,xYTrJJp.png,CNN CNN CN CNN CN NN CNN CAN Tunintelligible yellin CNN REPUBLICAN PRESIDENTIAL DEBATE LIVE CNN 9:09 PM ET,OFFENSIVE,,ENGLISH
multioff_train_0102,GaL4tca.png,A FUTURE TO BELIE BERN IES ANDERS COM Crowd mistakes small bird for 800 delegates,SAFE,,ENGLISH
multioff_train_0103,KnLJwdq.png,Gorillavid Just watch x Trump Hugs American Fla x This Week in Stupid 0 x Gnhumans Reading Order x G Marvel Infinity Reading O x L Aaron x C fi https : // page 2 E Apps f Facebook YouTube E Mail Ochrome pins reddit Drive O IMgur O School London Music Hall IL League Life RBC Royal Bank Sign OTwitch C Other bookmarks Sister ate all of my red velvet pop tarts while stoned . She wanted to replace them . She thought she ordered one 12 pack ! 128 617 ( i reddituploads.com ) submitted 11 hours ago by [ -11 to /n/trees 77 comments share save hide report [ l+cl,SAFE,,ENGLISH
multioff_train_0104,UK1yqyr.png,TMobile LTE 65 % 8:20 AM 4G VERY HEART TOUCHING ( A BITTER TRUTH ) An old man took his phone to a Repair shop . Repairer told : NOTHING IS WRONG with this phone . Old man with tears in his eyes said : Then why DO N'T my children ever call me with The Quote Fountain and 2 others . Bernie Tobin and 2.8k others 220 Comments Like Share Comment,SAFE,,ENGLISH
multioff_train_0105,wK9e9jg.png,"Bernie or Hillary ? Be informed . Compare them on the issues that matter . Selena Issue : The loss of Selena was unsurmountable I loved J . Lo She would 've been the superstar of this lifetime as she crossed over from the Spanish-language market to mainstream in that movie ! English markets . Her fashion sense , stage presence , dance moves and charisma were like none l 'd seen before . Fuck Yolanda Saldivar .",SAFE,,ENGLISH
multioff_train_0106,RX8t7Jd.png,The I just got into politics a few months ago and did n't pay attention to economics and history in high school starter pack 2016 Bernin ERNIE SANDERS COM 2016 r FEEL THE BERN,SAFE,,ENGLISH
multioff_train_0107,zoIImWJ.png,"I 'm voting for Hillary because I don ' t want Trump to get in He 's bad news and wil cause a lot of people to suffer Causing Libya to fail ? Robbing Haitians of their relief funds ? N Destabilizing Syria and Iraq ? Selling billions of dollars of arms to the Saudis ? haha , they 're not American , that does n't count : P",OFFENSIVE,,ENGLISH
multioff_train_0108,9n1Tjiz.png,"Wun the advent of Donald Trump/Hillary Clinton to join the oligarchy of the American political structure , Donald a demagogue and true ultracrepidarian , and both with a mental scotoma of any gnostic perspective of life , i as an autodidact , offer a solemn adjuration , everyone is in some way my better and in that i LEARN 3 hours ago Like Reply",SAFE,,ENGLISH
multioff_train_0109,lR6IYpG.png,"Ya Bol Bernie Apr 30 at 6:48pm B oh noe ! if you come upon this image while scrolling you have been visited by DAT BOl BERNIE ! Comment `` o shit waddup '' in 42069 seconds and you will be blessed with student loan forgiveness , or else you will be doomed to suffer at the hands of the yuge corporashuns and smoke only mids forever o shi wadd",OFFENSIVE,,ENGLISH
multioff_train_0110,TWjXbPK.png,"TRUMP MAKE GREAT AGA Nato Green at 9 California Republican Party State Convention . April 29 at 3:37pm Burlingame , CA . Me : `` When was America great ? '' Trump supporter : `` Not in my lifetime . '' Me : `` Is there any point in history you know of when you 'd say America was great ? '' Trump guy : `` I ca n't think of one Me : `` So your slogan is really make America great again for the first time ? '' Him : `` yes . '' Me : `` in what specific ways would you like America to be greater than it is ? '' Him : `` that 's too big a question . ca n't answer . '' Me : `` dude it 's your slogan . '' Him : `` well , unity . Prosperity . I 'd like my kid to be able to get a job Me : `` how would Trump help with these things ? '' Him : `` I just think he would . '' And scene ...",OFFENSIVE,,ENGLISH
multioff_train_0111,0JM56ut.png,Diffuser I Like Page 1 hr The latest batch of Wikileaks e-mails show that Tom DeLonge of blink-182 Contacted the government about his UFO research . Former Blink-182 Frontman Tom DeLonge 's UFO Emails to Clinton Campaign Manager Revealed in Wikileaks Dump DIFFUSER . FM galpaladins i have stopped trying to comprehend what 's going on anymore,SAFE,,ENGLISH
multioff_train_0112,ddkILbG.png,24 Take your stinking paws off of me you damn dirty democrat !,OFFENSIVE,,ENGLISH
multioff_train_0113,CkbzAqAUoAUJ311.jpg,WE CANT STOP HERE THIS IS BERN COUNTRY,OFFENSIVE,,ENGLISH
multioff_train_0114,CpGttnLXYAATNHh.jpg,Enter to wi n dinner with Donald Trump,SAFE,,ENGLISH
multioff_train_0115,mYU8r9Y.png,"David Burge Following @ iowahawkblog In 1963 , Martin Luther King was a gun owner on an FBI watch list of the United States Democrats Are Holding a Sit-ln on the House Floor to Demand a Vote o ... Rep. John Lewis and a group of his fellow Democrats took to the House floor late Wednesday morning to stage a sit-in . Their goal ? Pressure Republican l slate.com",OFFENSIVE,,ENGLISH
multioff_train_0116,SWxsby2.png,`` Hillary Clinton is unfit to be President ! '' 4 Weeks Ago `` We must all support Hillary Clinton ! '' Today,SAFE,,ENGLISH
multioff_train_0117,vTulmoz.png,"LIVE PHILADELPHIA R. BERNIE SUPPORTERS AT DNC Dow 18,542.64 . +25.41 CHANGE +0.14 %",OFFENSIVE,,ENGLISH
multioff_train_0118,16vTnwg.png,"I do n't believe that women have any rights , and I think gays should be hanged . No , actually , l 'm a Muslim and those are my religious beliefs . Wow , what a complete 4 primitive asshole you are ! You must be a Republican . Oh ! I 'm sorry ! apologize ! I hope you do n't think I 'm Islamophobic ! ( c ) 2016 Dixon Diaz",OFFENSIVE,,ENGLISH
multioff_train_0119,Ob1Q9v8.png,THE MAJORITY OF YOU ARE GOING TO BE REALLY DISAPPOINTED WHEN TRUMP IS GONE on Inngur,SAFE,,ENGLISH
multioff_train_0120,1YQOnyG.png,"Evansville , Indiana UTUR INDIANA PRIMARY TO E COVERAGE BEGINS IN 5 41 48 SEC AFUTURE TO BELIEVE IN BELL 2016 RACE B SANDERS : l 'M STRONGEST CANDIDATE AGAINST TRUMP CNNI Sen. Bernie Sanders ( D ) Presidential Candidate S & P 22.04 NEWSROOM",SAFE,,ENGLISH
multioff_train_0121,QLQ4taO.png,"Hillary Clinton Retweeted Constance Zimmer @ Constancezimmer Jun 8 My 8 year old said `` See Mom , it 's true , anything is possible . '' # ImWith Her HillaryClinton HILLARY",SAFE,,ENGLISH
multioff_train_0122,CuvsjyLWgAAXnz9.jpg,"Donald J. Trump areal DonaldTrump 2/7/13 Obama can kill Americans at will with drones but waterboarding is not allowed-only in America ! t 1,258 829 M Russell Steinberg @ Russ Steinberg 2/7/13 @ real Donald Trump If you hate America so much you should run for President and fix things 918 t 1,424 Donald J. Trump arealDonald Trump 2/7/13 @ Russ Steinberg Be careful ! t 1,769 1,539",OFFENSIVE,,ENGLISH
multioff_train_0123,95yFB4s.png,S20 SAYS THIS GUY VOTES DEMOCRAT,SAFE,,ENGLISH
multioff_train_0124,BNPocHU.png,ITS TRUE I WACKY OFF EVERY NITE TO A PICTURE OF BERNIE,SAFE,,ENGLISH
multioff_train_0125,puHulqv.png,DEMOCRAT SALSOVOTEDAGAINSTGUN CONTROL TODAY ANDTHE PERSON RESPONSIBLE FORTHENATIONtSBIGGEST MASSSHOOTINGISAREGISTEREDDEMOCRAT BUT THATS NONE OF MY BUSINESS,OFFENSIVE,,ENGLISH
multioff_train_0126,fLxsrjJ.png,MAKE AMERICA GREAT AGAIN HILLARY,OFFENSIVE,,ENGLISH
multioff_train_0127,0P5i3yI.png,"IFTRUMP LOSES Illegals will pour into our country . Our borders will be unsecured . China will put us further in debt . ISIS will not be destroyed and will thrive . The Constitution will no longer exist ! Our economy will NEVER ever recover . Radical Mslm will take control and destroy our way of life . Our Vets will die shamelessly No matter where you or your family go , you wo n't be safe . America will no longer exist ! Vote Donald Trump !",SAFE,,ENGLISH
multioff_train_0128,z5sSuk3.png,TFW you endorse Hillary and now you can chill for the rest of the summer,OFFENSIVE,,ENGLISH
multioff_train_0129,nqfekut.png,Jommen is starting to Feel the Bern,SAFE,,ENGLISH
multioff_train_0130,gaf6LVz.png,1943 Hiroshimna DetrOIt ZO 1 CD Hiroshima Detroit THE LESSON ? It 's easier to come back frorn a nuclear strike than five decades of Democrat control of government . THEHAYRIDE.COM,SAFE,,ENGLISH
multioff_train_0131,6faN492.png,"`` I'MUNDOUBTEDLY A LIBERAL , WHICH MEANS THAT I MIN ALMOST TOTAL AGREEMENT WITH THE EISENHOWER-ERA REPUBLICAN PARTY PLATFORM . '' RACHEL MADDOW AMERICANS AGAINST THE REPUBLICAN PARTY bit.ly stopthegop",OFFENSIVE,,ENGLISH
multioff_train_0132,6L5ohmp.png,BRACE YOURSELF THE REPUBLICAN CONDEMNATIONS OF TRUMP ARE COMING . made on imgur,OFFENSIVE,,ENGLISH
multioff_train_0133,AGGHufY.png,Search Hillary not no better going to take your your freedom and bring in more refugees to destroy this country . Neither may not be good but I want to save my country . And not any one take it from us Muslim have no right to bring their laws here and say take God out of schools the ten commendments away so screw it we the people have the right to save America no more illegals no more refugees no more free tax for non Americans every body pays taxes and no more tax credits for non Americans . Muse come a citizen to work here . Or we all be walking the trail of tears again only worse 2 hours ago Like Reply,SAFE,,ENGLISH
multioff_train_0134,Ar6lu6P.png,"I do n't vote Republican or Democrat . Choosing is a sin , so I always just write in the Lord 's name ! That 's Republican , we count those .",SAFE,,ENGLISH
multioff_train_0135,zKbUmLB.png,Clinton Probe : CNN Sufferiing From `` Premature Exoneration '' Indictment Still Pending VNSRO BULLS TRUTH,SAFE,,ENGLISH
multioff_train_0136,95L0GB6.png,V M F silent WITH DS Donald Trump has broadened his appeal,SAFE,,ENGLISH
multioff_train_0137,h2nKIqJ.png,"GIRIS ! WHEN YOU GET DONE WOONINGONERA PORNOU , ICMULD USEA LITTLE ELPI JUST MOTHER . BERNIE",SAFE,,ENGLISH
multioff_train_0138,VvMdZpV.png,LIBNUTZ Dixon Diaz Hillary 's leaked emails prove she sold weapons to ISIS And told Wall Street bankers that Who cares ? Trump said her public positions are different pussy from her private ones . Dixon Diaz 10/19/2016,SAFE,,ENGLISH
multioff_train_0139,uTYLSi7.png,"home US election 2016 world a all ME US elections 2016 Mike Pence 's plane slides off runway at LaGuardia airport in New York Mike Pence , the Republican vice-presidential nominee , has emerged unscathed after his",SAFE,,ENGLISH
multioff_train_0140,mvfGs4u.png,E Anonymous ( ID : pKvmKDaY ( Sun ) 20:04:07 No.78832917 06/26/16 BE HONEST WHAT WOULD YOU DOP trump tower png 945 KB PNG Well ? Anonymous ( ID HtrXYnkW I i 06/26/16 ( Sun ) 20:04:36 No.78832980 I 'd tell him he 's about to make Liveleak great again,OFFENSIVE,,ENGLISH
multioff_train_0141,VMtdwll.png,BERNIE SANDERSISOUT MOVE ALLYOURKARMATO TORNADOES,SAFE,,ENGLISH
multioff_train_0142,T7sOpjA.png,WHY IAM VOTING FOR TRUMP REPUBLICAN PARTY,OFFENSIVE,,ENGLISH
multioff_train_0143,JYTdhl9.png,oz PENCE,SAFE,,ENGLISH
multioff_train_0144,BScSZDe.png,"FOR PRESIDENT SANDERS MOTO ddas FREE SHIT AT THE ACE HOTELTHEATER LOS ANGELES , CALFORNA FEBRUARY FFTH 2016 BERN ! ELTHE",OFFENSIVE,,ENGLISH
multioff_train_0145,CqMB3fnW8AAsYQp.jpg,Here Come Meet Sakura able Here 4 OUSEKETCH DNBEVER WAS IKENODODN TRUE BERN MIN FALLELAND MASTER RAINER THE GREADELICTRK MIASE . BREAKER MASTER CHARIZARLOS HRST HIS TYPE ERACE WDURSELF GARY NOIMING AY,OFFENSIVE,,ENGLISH
multioff_train_0146,NypZ28n.png,Bernie or Hillar Be informed . Compare them on the issues that matter . Issue : Selling Acid LSD NH 25I-NBOM,SAFE,,ENGLISH
multioff_train_0147,1nSSB9S.png,"Bernie is a communist and will turn this country into a communist state . As for climate change God will allow this planet for long as he needs it to , before he destroys it with fire . Then talk to me about climate change . Oh wait l 'll be in heaven I wo n't care 5 hours ago Like I 147 Reply View 74 previous replies replied",SAFE,,ENGLISH
multioff_train_0148,C5mm2gl.png,when u know Trump bout to be president & u got ta tell ur friends goodbye the worldpolice,OFFENSIVE,,ENGLISH
multioff_train_0149,GYmNXOy.png,"Trump Foreign Policy Masterclass : Donald Explains The lran/Iraq War TRUMP PEN CE Virginia Beach , Vinginla `` Iran and Iraq were very similar militarily They 'd fight fight fight and then they 'd rest . They 'd fight fight fight . And then Saddam Hussein would do the gas . And somebody else would do something else . And they 'd rest . '' Actual Donald Trump quote from his foreign policy town hall meeting in Virginia Beach , VA , 9/6/16 DEMOCRATICUNDERGROUND , COM",OFFENSIVE,,ENGLISH
multioff_train_0150,7Lg5Rd2.png,LTE 55 % 4:55 AM QO The Economist Briefing : The Labour Party Salvaging Jerusalem How Britain 's left got into its crisis-and how it can get out United States Trump and the Alt-Right Pepe and the stormtroopers How Donald Trump ushered a hateful fringe movement into the mainstream,OFFENSIVE,,ENGLISH
multioff_train_0151,nefjbtQ.png,LEAKED PHOTO : Mike Pence grabbing a pussy,OFFENSIVE,,ENGLISH
multioff_train_0152,sOYYbyS.png,# FORKHILLARY HOWTO WATCH HILLARY CLINTON ON TV ENJOYABLY Š_ö,SAFE,,ENGLISH
multioff_train_0153,UTDvvsp.png,BILLIONAIRES CA N'T BUY BERNIE BERN IES ANDERS.COM NOW THIS IS AWKWARD,SAFE,,ENGLISH
multioff_train_0154,s8bBJYS.png,Is Bernie Sanders,SAFE,,ENGLISH
multioff_train_0155,b3N3bmV.png,"Chronic Hoosier @ Chronic Hoosier To everyone around the country just now googling Mike Pence , our sincerest apologies -signed , Indiana 7/14/16 , 9:56 AM 456 RETWEETS 502 LIKES",OFFENSIVE,,ENGLISH
multioff_train_0156,O3KNvgz.png,SUBTOGETIRIDOFTHE SPAM INSTEAD THEY JUST DECIDE TO COMPLAIN ABOUTITBECAUSE THEY DONTLIKE TRUMP BUT THATSNONE OF MY BUSINESS imgflip-com,SAFE,,ENGLISH
multioff_train_0157,COkaPpN.png,"UNNAR Being exempted from the draft , an American college student , future Senator and Presidential candidate Bernie Sanders protests the war in Vietnam . ( University of Chicago , 1963 )",SAFE,,ENGLISH
multioff_train_0158,JU9LSXi.png,"Dad , do we Feel The Bern ? No , son . We have responsibilities and contribute to society",SAFE,,ENGLISH
multioff_train_0159,lPguwLG.png,WE HAVE PROOF THAT TRUMP GAVE A SPEECH OPPOSING NAFTA BEFORE IT WAS PASSED . GET THIS TO THE TOP . LIVE ( i reddit ) Submitted 6 hours ago by Gullo11 O I-1 187 comments source share save unhide give gold report hide all child comments What rule does this break ? No Spamming No Trolling No Racism No Releasing Personal Information O No Vote Manipulation or Brigading,SAFE,,ENGLISH
multioff_train_0160,pdaFFC4.png,Bernie Sanders sat on the bus with Rosa Parks Where was Hillary Clinton ? !,SAFE,,ENGLISH
multioff_train_0161,yZLLqn4.png,HILLARY CLINTON 'S POLICIES FOR BLACK AMERICANS HOME SUMMEDUPIN ONE PICTURE,OFFENSIVE,,ENGLISH
multioff_train_0162,k129f29.png,"6 hrs An atheist , satanist , christian , jew , muslim , democrat , republican , libertarian , homosexual , and heterosexual walk into a bar . They have drinks , talk , and become friends . It 's what happens when you 're not being a douchebag to others 13 1 Comment Like Comment Share",SAFE,,ENGLISH
multioff_train_0163,mVDgP9C.png,201 RU MAKE AMERICA GREAT AGAIN ! www Donald Trump com,SAFE,,ENGLISH
multioff_train_0164,9dArUsU.png,Lizard People of New York 20 hrs `` I am one of the Russian hackers who leaked the Democrat emails . '' `` Are you planning on hacking any of other US politicians ? '' `` Yes . plan to log onto Hillary Clinton 's Facebook page and make her status say 'im gay lol ' and then will comment 'hacked XD . '',SAFE,,ENGLISH
multioff_train_0165,WZ1NLSt.png,REMEMBER WHEN ISIS KILLED76 PEOPLE INCLUDING 24 CHILDREN IN WACOTEXAS OH WAIT NEVERMIND THAT WAS THE LAST CLINTON ADMINISTRATION,OFFENSIVE,,ENGLISH
multioff_train_0166,XniGGU5.png,"James Saint-Francia sirjamesa12 Get you a liberal who can do both Brianna Wu Violence has no place in politics @ Spacekatgal Violence has no place in politics Violence has no place in politics White People To Do List Violence has n 1 . Recognize privilege 2 . Educate self on structul 3 . Amplify black voices 4 . Shut mouth and listen Protesters attack Trump supporters outside San Jose rally 1,058 1,122 Tnump supportars were attackat and one officer was assaultad durin9the pr test 2:09 PM 18 Jun 2015 89",SAFE,,ENGLISH
multioff_train_0167,X0RNiHr.png,"17 hrs Clinton Kaine 2016 : Suck it up , America . Like Comment Share",SAFE,,ENGLISH
multioff_train_0168,YJ1QbDX.png,POSTSABOUTCHELSEA CLINTON GETTING A GOOD JOBSTRAIGHTLOUTOF COLLEGE BECAUSE OF HER PARENTS HELP ANDTHEN COMPLAINING ABOUT WHITE PRIVILEGEL MAKES NEPHEW CEO OF HIS COMPANY STRAIGHT OUTOF COLLEGEL,SAFE,,ENGLISH
multioff_train_0169,DZ2uQ50.png,"I side with Joseph Stalin on most 2016 Presidential Election issues Candidates you side with Joseph Stalin Communist 1000 % Ca on domestic policy , healthcare , social immigration , criminal , foreign policy , education , and science issues . compare answers Bernie Sanders Democratic 89 % on domestic policy , social , healthcare , immigration , foreign policy , criminal , and science issues . compare answers",SAFE,,ENGLISH
multioff_train_0170,SazlDcs.png,You 've felt the Bern ... Now it 's time to ... Feel the Johnson ! Feel The Johnson,SAFE,,ENGLISH
multioff_train_0171,gsH7Gel.png,`` The Pinguists Support Hillary Clinton for president ! It 's the best possible option '' Comrade Pingu,SAFE,,ENGLISH
multioff_train_0172,7eTNqFK.png,"UT 14 hrs No way . Before Her Assassination , Berta Caceres Singled out Hillary Clinton for Backing Honduran Coup Former Secretary of State Hillary Clinton is facing a new round of questions about her handling of the 2009 coup in Honduras that ousted democratically elected . DEMOCRACY NOW ORG Like Comment a Share Not the first , and definitely not the last person that has been terminated by the Killary regime . The Clintons are a modern day global mafia Like Reply 1 hr",OFFENSIVE,,ENGLISH
multioff_train_0173,LH0waGz.png,"A Gary Johnson Super PAC Spent $ 30,000 on `` Internet Web Memes ''",SAFE,,ENGLISH
multioff_train_0174,yJZO4mQ.png,"DISTRESS like us on facebook `` I HAVE VOWED , I WILL NEVER VOTE FOR A DEMOCRAT AGAIN . NO MATTER WHO THEY ARE . I DO N'T CARE IF GOD BECOMES A DEMOCRAT THESE DEMOCRATS ARE COMMUNISTS THIS IS GANGSTERISM . THIS IS CRAZY",OFFENSIVE,,ENGLISH
multioff_train_0175,NpsCjMn.png,SAYS BERNIE SANDERS SUPPORTERS ARE LAZY AND UNEMPLOYED STAYS ON REDDITPOSTING SHITTYMEMESAND BIASED ARTICLESALL DAYEVERYDAY,OFFENSIVE,,ENGLISH
multioff_train_0176,mrjFNGX.png,IFWOUGREWTIREDOFTHE FEEL THE BERN POSTSCLOGGING UPTHEREDDITFRONTPAGETHISPASTYEAR.HAVENO FEAR OVER THENETFOURMONTHSREDDITIS GOING TO FEELTHEJOHNSONRIGUARANTEE IT . Com,SAFE,,ENGLISH
multioff_train_0177,mZmgkws.png,IF DIE IN OFFICE SCREW MY VP . WEEKEND AT BERNIE 'S FOR THE REST OF MY TERM made on imgur,SAFE,,ENGLISH
multioff_train_0178,NDFCXLG.png,TRUU MP www Donald Trump com MAKE AMERICA GREAT AGAIN !,OFFENSIVE,,ENGLISH
multioff_train_0179,AQFwrJx.png,"Isaac NOT Issac Follow @ The FliestPlane When Donald Trump becomes president and you 're walking down the street and hear Aye boy where ya freedom papers ? RETWEETS LIKES 23,868 21,289 5:58 PM 15 Mar 2016",SAFE,,ENGLISH
multioff_train_0180,iAztwx4.png,Donald J. Trump arealDonald Trump Happy # CincoDeMayo ! The best taco bowls are made in Trump Tower Grill . I love Hispanics facebook.com/ DonaldTrumppo .,SAFE,,ENGLISH
multioff_train_0181,KCHMiA2.png,"Bernie or Hillary Be informed . Compare them on the issues that matter . Sleep Issue : `` I 've been a support since the early 90 's . I 'm `` 6 Hours a Night ! '' also partial to High on Fire , and om . ''",SAFE,,ENGLISH
multioff_train_0182,8oKcC3I.png,ANGRY BERNIE SANDERS BE LIKE,SAFE,,ENGLISH
multioff_train_0183,ArmX82G.png,"Q : How will you bring back the American Dream ? `` Look . We can bring the American Dream back . That I will tell you . We 're bringing it back . Okay ? And understand what you 're saying . And I get that from so many people . `` Is the American Dream dead ? '' They are asking me the question , `` Is the American Dream dead ? ' And the American Dream is in trouble . That I can tell you . Okay ? It 's in trouble . But we 're going to get it back and do some real jobs . How about the man with that beautiful red hat ? Stand up ! Stand up ! What a hat ! '' -Donald Trump , Rochester , NHTown Hall , September 17 , 2018",SAFE,,ENGLISH
multioff_train_0184,cljHNxO.png,Bernie or Hillary ? Be informed . Compare them on the issues that matter . Fight Club Issue : Have you heard About Fight Club ?,SAFE,,ENGLISH
multioff_train_0185,AMzup5d.png,Happy Mother 's Day ! The best tampons are dispensed in Trump lower lavoratory I love women ! I I I I I Kotex,SAFE,,ENGLISH
multioff_train_0186,QHHMKB3.png,"wish political debates were run like American Idol , Just so I can hear Ryan Seacrest Say `` To show your support for Bernie Sanders , text Feel The Bern to 367567 '' `` To show your support for Donald Trump , text the N-word to 367567 '' lul seanhyatt sucks",SAFE,,ENGLISH
multioff_train_0187,y898T2X.png,"Boombox IF ALL AMERICANS WERE POOR , DEMOCRAT . By Dixon Diaz AND IF ALL AMERICANS WERE RICH , THEY 'D ALL VOTE REPUBLICAN . with apologies to Aaron McGruder WHICH EXPLAINS THE DEMOCRATIC PARTY 'S STRATEGIES ABOUT POVERTY .",OFFENSIVE,,ENGLISH
multioff_train_0188,mOHGolk.png,"submitted 5 hours ago by let-the-mother-bern to /r/Documentaries 80 comments share save hide report Snails use two brain cells to make 50 1745 Complex decisions , a team of Scientists has found . Researchers at the University of Sussex said one cell told the snail if it was hungry while the other cell told it if food was present Animal Science bbc.com submitted 5 hours ago by Libertatea to /r/science 76 comments share save hide report view more : prev next or try a random subreddit",OFFENSIVE,,ENGLISH
multioff_train_0189,CguD5hk.png,IF CLINTON HAS TO DROPOUT SANDERS IS THE NOMINEE WUZU.SE,SAFE,,ENGLISH
multioff_train_0190,9kZb6UD.png,Donald Trump : The strongest Mexicans will be allowed to stay ... if they survive the annual Hunger Games Hillary Clinton : Hey teens did you check out my new Arthur meme on Instragram ? It 's really checks notes woke ? Gary Johnson : I know we 're in a debate but man am l craving doritos right now Jill Stein : GMOs cause autism,SAFE,,ENGLISH
multioff_train_0191,LE4FyLF.png,THE MARCH S TYRANNY UNI NEXT TIME ILL VOTE REPUBLICAN GARRISON bergarrison.com . UGN NEXT TIME ILL VOTE DEMOCRAT/,OFFENSIVE,,ENGLISH
multioff_train_0192,qERLZTk.png,"As a Virginia m embarrassed that Trump won my state , even if it 's just the Republican Primary . We have the fourth best public school system in the country and we 're blowing it . Like Comment Share and 5 others Theres a fairly good chance some bernie supporter will shoot him if he gets elected . The secret service does n't exactly have the greatest track record Like Reply 30 mins Edited Write a comment ...",SAFE,,ENGLISH
multioff_train_0193,WyNvTye.png,Rosita and the shop assistant look in amazement as Elmo masturbates over the newspapers front page story about Donald Trump winning the presidential election .,SAFE,,ENGLISH
multioff_train_0194,qZ8nvyF.png,STOP TRYING TO MAKE PRESIDENT BERNIE HAPPEN ITS NOT GOING TO HAPPEN img com gflip,SAFE,,ENGLISH
multioff_train_0195,j9AOSo2.png,"score hidden ] 2 minutes ago What do you expect from a nation of sky worshipers ? It 's crazy that people judge me for believing in Bernie , but they have no problem building temples for imaginary saviours . We have a chance to unleash a force of good in this country , and like the story of Jesus , Bernie will rise again in this contest . You do not need church to believe in something . permalink embed save report give gold REPLY score hidden ] a minute ago My goodness . So I see . Permalink embed save parent report give gold REPLY",OFFENSIVE,,ENGLISH
multioff_train_0196,BVzBIgy.png,"... oo Sprint LTE 9:10 AM o 44 % Tweet Liked by and 2 others v ME : anyone but trump GARY JOHNSON : will outlaw schools . JILL STEIN : Crystals are the only technology we need . ME : ok hillary i guess 8/13/16 , 11:11 AM 5,556 RETWEETS 10.5K LIKES Reply to drewtoothpaste Home Notifications Moments Messages Me",SAFE,,ENGLISH
multioff_train_0197,jQsh9vC.png,"Girls ' schools still offering g `` Something special , -head BY LAURA WEERS May alarasitee�__Erts Mivee elm a witler eMewal eat . EAarntae G & kle , sed the Knara be “ ¼Â ra ers of boa Lasses CoBrgetse dekrted tŽãÂteeir winning 9mrEa '' , .derty be ‹Û_�ÛÕrke Fupt.Twa mr an rets nikcer icaN-E Eke pop bat e AlaXL an uhat dw yoŒ_È A ax o : l tte dca damas a.aaacs , aathi The amer ran ofthe wiriang aginral , Albau Iat Caange u eone bfN‹�ÏSasl anesvars ( a ‹âÂ Shan Gea‹ÄÂ ear ele an aringngWM �¢_ex th‹âábwet dletautalng ar.. exaEAk hana hul xfrx ts�µöråÈ�Ü�methlery keroner eur keis , freleEy , was biseaåÇsaaljotal aewsrae and weal work asa erenawe‹â_smet f er eny “ ¥_kale Herve star ere d Twm e arts dvf `` Ane Irtxps enrse de ade haie bern Previrupry . dv b : L Terer whe ethy wer , tree‹â£aL hn many aberts Chehehas tatin ' GL- Ihe ir 's a �Ï¥le Flo aat : `` Soyal Ee pre pigs itthelesertEr79 learns lvaadŽÝãins md b : manis vert ) mentu'- pantinafirlth��ãie a k lad Eatia , bres var",SAFE,,ENGLISH
multioff_train_0198,GbhHJH6.png,FEE Can you describe the individuals who attacke you ? yes officer they were vibrant youths of troubled backgrounds seeking an outlet to express their bottled rage collected from a system which exploits them due to its inherent white racial supremacy BERN,OFFENSIVE,,ENGLISH
multioff_train_0199,BmKzn6gIYAIwC-U.jpg,STILL ABETTERTEAMOWNER EL MEMES THAN DONALD STERLING,SAFE,,ENGLISH
multioff_train_0200,K8v985Z.png,"Which Democratic candidate is best suited to handle terrorism ? None Hillary Clinton Bernie Sanders Martin OMalley 5 % 0 % 10 % 15 % 20 % 25 % 30 % 35 % 40 % 45 % 50 % Source : Reuters/Ipsos Pol . As of December 13 , 2015 l Weekly mean l Sample Size : 2,068 people polled online",SAFE,,ENGLISH
multioff_train_0201,KmlWyX7.png,SHIT REDD SATS Comments related BRIGADED BY D Ah . So this is what will bef eft submit BRIGADED BY DONALD FART SUPPORTERS 234 comments source share save hide report h,OFFENSIVE,,ENGLISH
multioff_train_0202,HUU1Fay.png,FACTS DONT LIEaz . Reagan : 11 mass shootings Bush Sr : 12 mass shootings Clinton : 23 mass shootings Bush Jr : 16 mass shootings Obama : 162 mass shootings,OFFENSIVE,,ENGLISH
multioff_train_0203,hDJHnuW.png,2012 Cao Bernie 2016 GREENPEACE THIS ENDLESS WAR against I 'm next wat the BERNIE SANDERS COM Obama,OFFENSIVE,,ENGLISH
multioff_train_0204,QonIrvr.png,Wi-Fi Wi-Fi networking On Available Wi-Fi networks Clinton email server Secured Linksys02865 Secured 9ZQ33 Secured Bobsiphone Secured Century Link4013 Secured Century Link9748 Secured 3:56,SAFE,,ENGLISH
multioff_train_0205,m4oY5vK.png,"On 1-20-2017 What is the first thing you want Donald to do ? 1 . Arrest Obama & Hillary 2 . Start the wall 3 . Reverse all executive orders 4 . Restore relations with allies 5 . Stop the in flow of immigrants 6 . Start deporting illegal immigrants 7 . Restore Jobs taken away by Obama 8 . Start the VA reform our veterans need 9 . Stop all funding for the BLM , EPA , & TSA 10 . Make Concealed Carry legal without permits ( if you pass a background check , you carry ) 11 . Get the Government out of our schools ( let the parents & teachers govern school curriculum & lunch ) 12 . Rebuild our military Run America like a profitable business !",OFFENSIVE,,ENGLISH
multioff_train_0206,h45acTC.png,Feel The BERN,OFFENSIVE,,ENGLISH
multioff_train_0207,Oa1JNby.png,"5 ( Recent ) worst Mass Murders America , with a Firearm 1 . Ft Hood : Registered Democrat/Muslim . 2 . 2 . Columbine : Too young to vote ; both families were registered Democrats and progressive Iiberals . 3 . Virginia Tech : Wrote hate mail to President Bush and to his staff . 4 , Colorado Theater : Registered Democrati staff worker on the Obama campaign ; occupy Wall Street participant ; progressive liberal . 5 . Connecticut School Shooter : Registered Democrat ; hated Christian All of These Shooters were , Progressive Liberal Democrats Stephen EHughe",SAFE,,ENGLISH
multioff_train_0208,VOFh4qX.png,"School M8 with X and X 23 April at 16:55 In order to be correct l 'm sometimes I 'm politically incorrect . Thats wh intelligent people like what say . You know when your speaking truth because you receive a lot of hate . Thats why Jesus Christ , me , Donald Trump and Martin Luther King are considered controversial . 2 were killed for it . For speaking truth . Like Comment Share View 7 more comments some guy : take a chill pill ! Like Reply 1 Yesterday at 00:12",OFFENSIVE,,ENGLISH
multioff_train_0209,p2ciRYD.png,SOME SAY THE REPUBLICAN CONVENTION IS JUST FOR WHITE PEOPLE BUT THEY RE WRONG . THIS GUY IS ORANGE . made on Tmgu,SAFE,,ENGLISH
multioff_train_0210,qnRUXr8.png,"When the homey running for Prez and you hoping to be the Secretary of Cologne 22h vahab1269 , rentstation , alejandroruizo6 , briangerz , medoxmasr and matthew 2lit like this idiot.cinema Axe Body Spray baby ... . # scottbaio frnc 2016 # trump # democrat frepublican",OFFENSIVE,,ENGLISH
multioff_train_0211,Mmtyp8J.png,"you expect me to give you a handout ? The candy is on the roof If you 're lucky , it might trickle down oh crap , a republican",SAFE,,ENGLISH
multioff_train_0212,uGV2kpi.png,ALL THE REAL RACIST VOTE DEMOCRAT,OFFENSIVE,,ENGLISH
multioff_train_0213,IcRjmu4.png,NOT SURE IF TRUMP 'S PART OF A CONSPIRACY TO ELECT HILLARY OR HILLARY PART OF A CONSPIRACY TO FLECT TRUMP,OFFENSIVE,,ENGLISH
multioff_train_0214,N4EIWJX.png,"Bishop Earl Walker Jackson Sr . has issued a plea for all Christians to leave the Democrat Party Democrats boo 'd God 3 times at 2012 convention ! Democrats support abortion , and place Planned Parenthood clinics in minority neighborhoods . *Democrats reject the Bibical Family structure . *Democrats are openly hostile to those who express their Christian Value *Hillary says we must give up some of our principles *Democrats are hostile toward the display of a cross and public prayer . Democrats have turned their backs on God !",OFFENSIVE,,ENGLISH
multioff_train_0215,QEM6dG2.png,"The Latest From Twitter Follow @ Lindsey Graham SC I think millions of Americans will soon find find the VP candidates Governor Mike Going out on limb here I do n't see this to be the case as well . Pence and Senator Tim Kaine more @ TedCruz in Trump 's Cabinet . https : //t.co/2Mo2C1lo2K palatable than the presidential nominees . Posted July 29 , 2016 Posted July 30 , 2016 Posted July 30 , 2016",SAFE,,ENGLISH
multioff_train_0216,sG2GSpb.png,"me : i hate liberals them : so what are you , a republican ? me : oldmin",OFFENSIVE,,ENGLISH
multioff_train_0217,IpwuEVr.png,Ariel Edwards-Levy @ aedwardslevy 2m stand Bayh for gnus Hillary getty imm HILLARY CLINTON . COM,OFFENSIVE,,ENGLISH
multioff_train_0218,naXRSpK.png,NO DUMPING BY ORDER % United Governor VOTE JOHNSON for President Gary Johnson 2016.com ock9,SAFE,,ENGLISH
multioff_train_0219,qMmIGUr.png,When people ask if you 're a democrat or a republican,SAFE,,ENGLISH
multioff_train_0220,PpxbGZC.png,"Ya Boi Bernie Apr 30 at 6:48pm oh noe ! if you come upon this image while scrolling you have been visited by DAT BOl BERNIE ! Comment `` o shit waddup '' in 42069 seconds and you will be blessed with student loan forgiveness , or else you will be doomed to suffer at the hands of the yuge corporashuns and smoke only mids forever o shi Waddu DAT BOI ROLLIN THROUGH THE PRIMARIES d d d",OFFENSIVE,,ENGLISH
multioff_train_0221,sKiuQVf.png,ooo T-Mobile LTE 6:22 PM 46 % a Hillary Clinton Home Posts Photos Videos Events Abc anything you want even president . Tonight is for you . 413 Comments 2K Shares 17.3K Like Comment Share Marketplace Notifications News Feed More,SAFE,,ENGLISH
multioff_train_0222,O1JHlod.png,WHAT IF BERNIE WON WA BY SUCH A LARGE MARGIN E BECAUSE YOU CANT FUDGE THE NUMBERS OF A PHYSICAL CAUCUS made an imgur,SAFE,,ENGLISH
multioff_train_0223,kUlXoaa.png,"Give a man a fish , and he eats for a day . Give a man a welfare check , a free cellphone , food stamps , section 8 housing , a six-pack of beer , a crack pipe , and some Air Jordon 's , and he 'll vote Democrat the rest of his life .",OFFENSIVE,,ENGLISH
multioff_train_0224,I84r9TR.png,"I do n't believe that women have any rights , and think gays should be hanged . No , actually , l 'm a Muslim and those are my religious beliefs . Wow , what a complete 4 primitive asshole you are ! You must be a Republican . Oh ! I 'm sorry ! I apologize ! I hope you do n't think I 'm Islamophobic ! ( c ) 2016 Dixon Diaz",SAFE,,ENGLISH
multioff_train_0225,Vi4Kjyx.png,"Hey Bernie What 's the difference between Progressivism , Fascism , Liberalism Marxism Communism Socialism . Nazism and the Democrat party ? MU SPELLING !",SAFE,,ENGLISH
multioff_train_0226,2MXmVri.png,WHY THE FUCK DOES THE MEDIA IGNORE GARY JOHNSON BUT ONLY STARTS TALKING ABOUT HIM AFTER HE HAS A TINY MISUNDERSTANDING made on imgur,OFFENSIVE,,ENGLISH
multioff_train_0227,pW6hm0W.png,Anonymous ( ID : FaNLvGay 09/30/16 ( Fri ) 00:23:22 No . 90944787 > be Hillary > be former secretary of state > be wife of former POTUS current POTUS Obango is shilling for her > all living former POTUS are on her side > MSM is shilling for her day and night > a super-villain billionaire is spending his fortune to get her into the oval office > her party did all sorts of crooked shit to get her the nomination an army of idiots are waging a war for her on the internet > even the FBI is setting their asses on fire to save her STILL CA N'T MAINTAIN A LEAD OVER THE ORANGE FACED IDIOT FROM THE APPRENTICE Hillary is probably the worst candidate in history . Why are people even considering her ?,SAFE,,ENGLISH
multioff_train_0228,JvY4wYr.png,I DONT ALLWAYS GO TO WORK ... UK OFCOURSELDO BECAUSE IM NOT A FREELOADING BERNIE SANDERS SUPPORTER,OFFENSIVE,,ENGLISH
multioff_train_0229,9A372Gl.png,BERNIE COLLAPSE VOTING ANYTHING THE CHANGE,OFFENSIVE,,ENGLISH
multioff_train_0230,RgdeucC.png,"Now that Pence willbe flying aroundthe country campaigning for Trump , The Donaldfigured it Wouldbe good to have Penceflyin a planethat saidSomething other than just Trump . Pence received an aircraft from Trump that not only had TrumpPence written on it , ithad a completely different color scheme that vaguely resembles Ar Force One . The aircraft is painted white and blue , just like the what the president flies around in all the time . That is sure to annoy the living daylights out of President Barack Obama and Hillary Clinton . The new plane is pictured below , side-by-side a picture ofAlr Force One for easy comparison P E N C E @ AMERICAN EXCEPTIONALISM",SAFE,,ENGLISH
multioff_train_0231,bHyYl3j.png,Hillary Clinton Donald Trump Trebuchet Said some dumb bullshit Launch a 95 kilogram stone projectile over 300 meters,SAFE,,ENGLISH
multioff_train_0232,3bqSgzm.png,"Bernie or Hillary ? Be informed . Compare them on the issues that matter Issue : Selena The loss of Selena was unsurmountable I loved J . Lo She would 've been the superstar of this lifetime as she crossed over from the Spanish-language market to mainstream in that movie ! English markets . Her fashion sense , stage presence , dance moves and charisma were like none I 'd seen before . Fuck Yolanda Saldivar .",SAFE,,ENGLISH
multioff_train_0233,Qlm1siZ.png,"was tagged in a photo . MOM ! with SON 2 hrs `` Hey , where d you get that sticker ? '' `` I was at a football game and someone 's mom was putting them on everybody . `` Hey , did your school paper endorse Hillary ? '' `` Oh yeah . We did n't even say why . Totally obvious . We just went on to talk about voting and stuff . '' Like Comment Share",SAFE,,ENGLISH
multioff_train_0234,2T7fEop.png,"I like dank memes & I have dangerously low self-esteem Kinda fat , pretty much just looking for hookups . If you get me famous on/r/meirl , I 'll give you a nice , firm handshake 2 Interests Bernie Sanders U.S . Senator Bernie Sanders",SAFE,,ENGLISH
multioff_train_0235,WDSz8Sa.png,RUSSIAN GOVERNMENT CHART VLADIMIR PUTIN DMITRY MEDVEDEV SERGEY SHOGYU SERGEY LAVROV VLADIMIR KOROLEV CUSTODIAN IGOR KOROBOV ASST CUSTODIAN DONALD TRUMP MELANIA TRUMP,OFFENSIVE,,ENGLISH
multioff_train_0236,i0YUj7r.png,"File : bernie sanders gif ( 1.68 MB , 290x246 ) O Anonymous 10/08/16 ( Sat ) 19:50:46 No.31957540 31958450 31958524 be me in high school sweat a lot due to anxiety armpit sweat becomes visible on shirt , feeding into the vicious cycle of anxiety have an idea : armpit tampons tape toilet paper to my armpits and go to school go to the bathroom during lunch to replace them they fell out > at some point either in class or walking in the halls , my armpit tampons fell out do n't know who saw Anonymous 10/08/16 ( Sat ) 19:53:38 No.31957586 File : 1474650621218 jpg ( 204 KB , 900x973 ) > mfw did the same thing except used tampons for my swamp ass",OFFENSIVE,,ENGLISH
multioff_train_0237,3CbPlsi.png,"e in talifrnia Find your polling place Check if you 're registered to vote G Republican primary 6 mins ago Donald Trump won NJ NM , and SD G Democratic primary 6 mins ago Hillary Clinton won the New Jersey primary More results Los Angeles Angels of Anaheim",SAFE,,ENGLISH
multioff_train_0238,te0QdLn.png,THIS IS NOT NOT A REPUBLICAN VS DEMOCRAT ELECTION THIS IS ABOUT PROFFESSIONAL WRESTLING ECLIPSING THE WRITHING LAST GASP OF SANITY # TRAILERPARKUSA # SUICIDEISPAINLESS T R U M P DOUCHE LAND UBER ALLES ! 2016,OFFENSIVE,,ENGLISH
multioff_train_0239,8mROrGY.png,deserttson methlehem Never ask a British person about the price of Freddo 's abithehugslut answered you : whats the price of freddo 's deserttsong OKAY RIGHT SO BASICALLY FREDDO 'S ORIGINALLY COST 5 PENCE THOSE WERE THE GOOD DAYS THE HAPPY DAYS FULL OF JOY AND SUNSHINE AND CHEAP DELICIOUS CHOCOLATY TREATS BUT THEN THE ECONOMY WENT TO HELLAND CADBURY THE CHOCOLATE COMPANY WHO LITERALLY MAKE ALL THE GOOD CHOCOLATE IN ENGLAND WERE LIKE HEY LETS RAISE THE PRICE TO 8 PENCE AND EVERYONE WAS LIKE WE UNDERSTAND TIMES ARE HARD BUT THEN CADBURY RAISED THEM TO 10 PENCE LIKE OKAY DUDES WOH STOP THATS DOUBLE THE ORIGINAL PRICE AND THEN THEY RAISED IT TO 20 PENCE PER FREDDO THAT IS FUCKlNG BULLSHIT ONCE YOU COULD BUY 20 FREDDOS FOR ONE POUND AND NOW YOU CAN ONLY BUY 4 FUCK asked a British person about Freddo 's,SAFE,,ENGLISH
multioff_train_0240,2tuVUzz.png,WOMEN SUPPORT Equal ight BERNE SANDERS LAPOR ' Equal Pay For Equal Work omen Bernie,SAFE,,ENGLISH
multioff_train_0241,zQPb3nD.png,UNITE THE PARTY It 's time for Ted Cruz to drop out NO HILLARY IN NOV LSE,SAFE,,ENGLISH
multioff_train_0242,kixSnlQ.png,OLIGARCHY RIGGING 101 Just direct your animosity at him You 'll have Hillary if and vote for me you do n't vote for me out of fear THIS SETUP IS CALLED `` CONTROLLED OPPOSITION '' A.K.A . MANIPULATING PEOPLE 'S EMOTIONS TO MAKE THEM THINK THEY HAVE A MEANINGFUL CHOICE,SAFE,,ENGLISH
multioff_train_0243,WPnY6NN.png,HILLARY CLINTON DONALD TRUMP DUM : DUMal AND THE DEBATE,OFFENSIVE,,ENGLISH
multioff_train_0244,sG8faWv.png,Cassidy 25 mins Literally where is Clinton getting her polls from ? I 've spoke with dozens of people and have yet to find Clinton supporters # Trump 2016 Comment Like Share,SAFE,,ENGLISH
multioff_train_0245,CVjO3Sz.png,DID YOU KNOW THAT THERE ARE OTHER CANDIDATES OUTSIDE OF THE REPUBLICAN AND DEMOCRAMC PARTIES,OFFENSIVE,,ENGLISH
multioff_train_0246,aXJH7EU.png,BERNIE WO N'T BE ABLE TO GET ANYTHING DONE WITHOUT CONGRESS AND TRUMP WILL TURN THIS COUNTRY INTO NAZI GERMANY ALL ON HISOWN,OFFENSIVE,,ENGLISH
multioff_train_0247,W3jhTxL.png,REPUBLICAN FACEBOOK PAGE ASKED.IF JESUS HAD A GUN WHAT KIND WOULD IT BE IPOSTED THIS AND THEY BANNED ME,OFFENSIVE,,ENGLISH
multioff_train_0248,CdXi98yXEAA33CR.jpg,"Donald Trump Jr . Donald JTrumpJr 1h Ha 5 students when asked why they were protesting could n't even answer . The participation medal/micro aggression generation is pretty sad ! t R , 2,079 3,169 Top Tweet John Legend ajohnlegend . @ Donald JTrumpJr think they were protesting your racist father . This is n't complicated .",SAFE,,ENGLISH
multioff_train_0249,7COAAL3.png,MELANIA TRUMP GIVES ONE SPEECH ABOUTIETHICSAND STANDARDS,SAFE,,ENGLISH
multioff_train_0250,oQWC8Od.png,Bernie Bernie Sanders a Bernie Sanders North Korea is one of the biggest threats we face . Their economic and social policies have created a monstrous dictator we have to stop . 599 705 NORTH KOREA IS EVIL ! SOCIALISM IS THE WORST ! THOSE EVIL ECONOMIC POLICIES CREATED DICTATORS THERE AND IN MANY OTHER COUNTRIES ! DO N'T FORGET TO VOTE FOR SOCIALIST SANDERS IN 2016 ! # FEELTHEBERN BABY !,OFFENSIVE,,ENGLISH
multioff_train_0251,ky2vvAw.png,STATE DRIVER LICENSE DL B12340 LN AMERICA FN S20 CHESTNUT ST PHILADELPHIA PA19106 Doe o7IO4ld 1776 SEXM HAIR EYES COOPVOTERI.D . a Ramireztoons JOHN SMITH CHICAGO RIP DEMOCRAT VOTER I D michaelpramirez com,SAFE,,ENGLISH
multioff_train_0252,V2wUrRj.png,"hillary Clinton 's birthday ALL NEWS SHOPPING IMAGES VIDEOS Hillary Clinton Date of birth October 26 , 1947 ( age 69 years Place of birth Edgewater Hospital , Chicago Spouse : Bill Clinton ( m. 1975 )",SAFE,,ENGLISH
multioff_train_0253,MZQc8jz.png,"May 11 at 9:41 PM I see a lot of Hispanic families as walk on the Swamp Rabbit Trail and around the lake at Furman . I 've noticed something . There are usually 2 or 3 kids in tow , and the moms are either pregnant or pushing a stroller . Hispanic people seem to be pro-life and genuinely devoted to marriage and family . Another thing : most often , the Dad is right there WITH THE FAMILY . This is admirable ! And it also points to the fact that Conservatism ought to be the natural political home for Hispanic people due to our shared values . As Mr. Trump says , `` I love the Hispanics ! ''",OFFENSIVE,,ENGLISH
multioff_train_0254,THX9f3n.png,Donald J. Trump arealDonald Trump 2 hours ago We 've all wondered how Hillary avoided prosecution for her email scheme . Wikileaks may have found the answer . Obama ! nationalreview.com/article/ 4411 15 In reply to 43 seconds ago ankit sharma @ ankit 5566 @ real Donald Trump hindu love trump via Twitter for Android,SAFE,,ENGLISH
multioff_train_0255,NyP2PbK.png,"THE DIFFERENCES BETWEEN A REPUBLICAN AND A DEMOCRAT Donald Trump and Hillary Clinton were walking down the street when they came to a homeless person Donald Trump gave the homeless person his business card and told him to come to his office for a job . He then took $ 20 out of his pocket and gave it to the homeless person Hillary saw this , so when they came to another homeless person , she walked over to the home- less person and gave him directions to the welfare office She then reached into Donald 's pocket and got out $ 20 . She kept $ 15 . for `` administrative fees '' and gave the homeless person $ 5 Now do you understand the difference ?",SAFE,,ENGLISH
multioff_train_0256,fdZpYpb.png,FEEL THE BERN,SAFE,,ENGLISH
multioff_train_0257,D4k0puo.png,r/the donald the donald r/the donald the donald the donald r/the donald the donald the donald r/the donald r/the donald the donald r/the donald,SAFE,,ENGLISH
multioff_train_0258,oqt51kd.png,SO THE DNCWANTSMETO VOTE DEMOCRAT IN THE GENERALELECTION THEN WHYDID THEN CHANGE ME TOINDEPENDENTINTHEPRIMARIES ?,OFFENSIVE,,ENGLISH
multioff_train_0259,qoZxIKO.png,TRUMP PENCE VP DEBATE 1108 18 RS MIN SEC LIVE ON CNN TONIGHT 2016 RACE LIVE ENCE vs. KAINE IN vp DEBATE AT 9pM ET ON cNN CNN NAS 21.2 S ARE ON THE ROLLS THAN REPUBLICANS NUMBER IS A KEY METRIC C NEWSROOM,SAFE,,ENGLISH
multioff_train_0260,f7y8o6x.png,WS VOICE NOTE ebate REPUBLICAN PRESIDENTIAL DEBATE abc NEWS COM,OFFENSIVE,,ENGLISH
multioff_train_0261,BCah7Wz.png,Bernard Bernie Sanders we will win in all the states in America and he will definitely win in Washington DCBernard B Sanders 2016 President Bernard Bernie Sanders 2017 to 2025 America The White House and the Oval Office . Bernie sanders way higher delicates votes and states way more ahead of Hillary Clinton Sanders 2016 no ary Clinton . Like Reply 7-3 hrs,SAFE,,ENGLISH
multioff_train_0262,omVP1Lw.png,"CIRQUE DU SO LAME Paul Ryan , Donald Trump , Mike Pence , and Reince Priebus the act known to all as `` The Aristocrats arrives today in Cleveland for performances on July 18-21 [ Parental Advisory : Thematic content , coarse/crude language , disturbing images ]",OFFENSIVE,,ENGLISH
multioff_train_0263,cnkpnzp.png,"675 I My rural neighbor is a hippie Bernie supporter and his dog got loose . Guess what I did ? MIGRANTS BTFO ( self The Donald ) submitted 2 hours ago by 3 OR I put on my MAGA hat , coaxed him into my car and drove the 1/3rd of a mile to his place When I saw my neighbor , I told him that I caught his dog illegally entering my country , and that I was deporting him My neighbor laughed and offered me a beer , because we both understand that people with different political viewpoints can still be good neighbors 20 comments source share save hide give gold report hide a child comments",SAFE,,ENGLISH
multioff_train_0264,Tf1mhKt.png,JILL STEIN GARY JOHNSON YOU HAVE NO POWER HERE,SAFE,,ENGLISH
multioff_train_0265,Okb6dJB.png,"N Dallas , Texas 10:31 AM CT DALLAS TRUMP VS . THE MEDIA LIVE CAMPAIGN SPOKESPERSON QUESTIONS COVERAGE CNN Katrina Pierson Trump Campaign Spokesperson D INVESTORS STATEMENT SAYS MALIK COULD RECENE UPTD 20 YEAR RELIABLE souncES I have a degree in Nuclear Engineering and an MBA , read over 1000 books and do quite well . am voting for Trump ! I 'm sure CNN will call me illiterate . May 22",SAFE,,ENGLISH
multioff_train_0266,gSIuTfF.png,"Michelle Obama says Donald Trump 's private remarks about women 11 years ago were `` shocking and demeaning '' Never mind that the Obamas have repeatedly invited rap and hip hop musicians to be honored at the White House musicians who sing lyrics that not only objectify men and their body parts and glorify sexual assault , but also cop killing . Enough of the phony moralizing , Mrs. Obama .",OFFENSIVE,,ENGLISH
multioff_train_0267,st6NozD.png,wants to kill babies weehS ... T was born 60 3n Donald Trump will protect our guns AND our babies aheamericalareatagain,SAFE,,ENGLISH
multioff_train_0268,3wirGHJ.png,How Trump is seen by Hillary Supporters Trump Supporters al ASSELN HEUSER The Republican Party The Rest of the World DGRRRGRAPHICS.COM SPECIAL THANKS DANELDAUSCHAT PAREONCOMP ALABAMA CONATIST CON ARTIST . CON ARTIST cONARTISY ! COP,OFFENSIVE,,ENGLISH
multioff_train_0269,zAUFD7y.png,`` I 'VE MADE A HUGELMISTAKE '' MIKE PENCE EDITION made,OFFENSIVE,,ENGLISH
multioff_train_0270,swzhNs4.png,Clinton 22 Prosperity 6 Sni ITH r A DAI IAIA,OFFENSIVE,,ENGLISH
multioff_train_0271,ayNSttp.png,"To All of the Dumbass Liberals Who Promise '' They 'll Move to another Country , if Trump Wins ... I Say This If Hillary Wins I 'm NOT Moving Anywhere I 'm Buying More Ammo And Taking Back My Country YouMay Want to Movel",OFFENSIVE,,ENGLISH
multioff_train_0272,8NMWu57.png,"CREATORS , caM LIES a Ramireztoons LOOK ! TRUMP SAD SOMETHING DAOAN ... www.michaelpramirez com",SAFE,,ENGLISH
multioff_train_0273,aTX7lyO.png,"Lori Hendry @ Lrihendry What 's the difference between progressivism , fascism , liberalism Marxism , Communism , Socialism Nazism , and the Democrat party ? Spelling 4:51 PM 07 Oct 16 119 RETWEETS 155 LIKES Patrick @ GrunaugenWolf A @ Lrihendry got nothing 1h",SAFE,,ENGLISH
multioff_train_0274,zRgnrbT.png,"I am SOOOO Confused ... .. If Trump ls the Hate-Mongering Candidate , Why Are n't HIS Supporters Murdering Cops And Innocent People",SAFE,,ENGLISH
multioff_train_0275,KiYSMvi.png,"Conservative , Labour , Liberal Democrat . They 're all just spokes on a wheel . This one 's on top , then that one 's on top , and on and on it Spins , crushing those on the ground . We 're not going to stop the Wheel . We 're going to break the wheel",SAFE,,ENGLISH
multioff_train_0276,ET5rdX2.png,an 23 Bae : Come Over Bernie : ca n't l 'm running for President Bae : I have student loans Bernie 46K,SAFE,,ENGLISH
multioff_train_0277,FvlpogZ.png,BERNIE,SAFE,,ENGLISH
multioff_train_0278,CwHWOROW8AA09nd.jpg,Kaine,SAFE,,ENGLISH
multioff_train_0279,2TAk7vi.png,"SANDERSFORPRESIDENT Comments other discussions ( 4 ) view images ( 2 M By Endorsing Hillary Clinton , Bernie Sanders May Have Positioned Himself to Win The Presidency medium com submitted 4 hours ago MusicMagi O 24 comments source share save hide give gold report hide all child comments all 24 comments subscribe",SAFE,,ENGLISH
multioff_train_0280,CibcteKWsAEgqh0.jpg,"BERNIE SANDERS BELIEVES EVERYTEAM DESERVES A SUPER BOWL , EVENTHE LIONS @ NFLMEMEZ",SAFE,,ENGLISH
multioff_train_0281,CySpKqI.png,"riday , 15 January 2016 at David Bowie 69 Alan Rickman 69 fingers crossed guys Donald Trump Age 69 June 14 , 1946 Like Comment Share 23 people like this . Write a comment .",OFFENSIVE,,ENGLISH
multioff_train_0282,wKSn3TS.png,project Murphy net What if Bernie Sanders was a socialist ? # Project Murphv,OFFENSIVE,,ENGLISH
multioff_train_0283,PdPdKfd.png,19.6 O N/A Bernie Sanders ersMan Builds A Dog Train To Take Rescued Stray Dogs On Adventures in memeland,SAFE,,ENGLISH
multioff_train_0284,LkX8Ei3.png,BRACE YOURSELVES FORMIKE PENCE MEMES How big is my ego ? This big !,OFFENSIVE,,ENGLISH
multioff_train_0285,2myYC1v.png,"FACES OF THE POT 90 A Susan Saran dun and Tim Robbins were the darlings of Hollywood . Both had successful acting careers and supported Bernie `` The Mad Commie '' Sanders . After a rally in North Dakota to support oil hating Indians , they up their THE POT slammed two `` Burlington Bindles '' of SLAMMER ! veins . Now there dead like every other POT",OFFENSIVE,,ENGLISH
multioff_train_0286,IkosYmM.png,Oh No ! Youve be cLOCKED in the FUGKANG PUSSY by Donald `` The C Trump ! LLOYDS Up VOTE i Conds or you 'll run out of e !,SAFE,,ENGLISH
multioff_train_0287,cWdiU5k.png,"Anonymous 05/21/16 ( Sat ) 18:37:04 No.338437809 338438117 File : 1459704054948.gif 263 KB , 600x304 ) A liberal Muslim homosexual ACLU lawyer professor and abortion doctor was teaching a class on Karl Marx , known atheist `` Before the class begins , you must get on your knees and worship Marx and accept that he was the most highly-evolved being the world has ever known , even greater than Jesus Christ ! At this moment , a brave , patriotic , pro-life Navy SEAL champion who had served 1500 tours of duty and understood the necessity of war and fully supported all military decision made by the United States stood up and held up a rock . `` How old is this rock ? '' The arrogant professor smirked quite Jewishly and smugly replied `` 4.6 billion years , you stupid Christian ' Wrong It 's been 5,000 years since God created it . If it was 4.6 billion years old and evolution , as you say , is real ... then it should be an animal now '' The professor was visibly shaken , and dropped his chalk and copy of Origin of the Species . He stormed out of the room crying those liberal crocodile tears . The students applauded and a registered Republican that day and accepted Jesus as their lord and savior . An eagle named `` Small Government '' flew into the room and perched atop the American Flag and shed a tear on the chalk . The pledge of allegiance was read several times , and God himself showed up and enacted a flat tax rate across the country . The professor lost his tenure and was fired the next day . He died of the gay plague AIDS and was tossed into the lake of fire for all eternity",OFFENSIVE,,ENGLISH
multioff_train_0288,Lo2ylA3.png,"C oho The dead have‹â_ Oh , The dead have risen my God . and they 're voting Republican",SAFE,,ENGLISH
multioff_train_0289,XqB2jSY.png,38 3456 39 2826 Nailed It imagur.com ) submitted 19 hours ago by worff C+1 ] to /r/whitepeoplegifs 184 comments share save hide report [ +cl Bernie Is a Real OG imagur.com ) O submitted 18 hours ago by pwnrmasta_01 [ +2 ] to /r/blackpeoplegifs 89 comments share save hide report [ l+ cl,SAFE,,ENGLISH
multioff_train_0290,ExlQpoj.png,WHO 'S ON THE BALLOT ? e DREAMER SUPPRESSION CLIMATE CHANGE CONSUMER FINANCIAL PROTECTION BUREAU I DO N'T KNOW f I JUST DO N'T LIKE IF I CAN VOTE T FOR HILLARY . HER . SORENSEN,OFFENSIVE,,ENGLISH
multioff_train_0291,m0FKJHM.png,Bernie or Hillary ? Be informed . Compare them on the issues that matter . Issue : Favorite Star Wars Character ? `` Wedge Antilles . The man fought in the Battle of Yavin . Survived a trench run on the first Death Star `` Jar Jar steps in while saving Luke . Took down an AT-AT on Hoth and helped lead the poopie ! the fight in the Battle of Endor The man is a hero in my eyes and should be celebrated . '' obvious plaat,SAFE,,ENGLISH
multioff_train_0292,V6MP5lX.png,Would you kill a bourgeoisie end World hunger ? So Vou re gon na et millions of people starve for one stupid bourgeoisie VOTE DEMOCRAT I do n't like to abuse eople . VOTE DEMOCRAT,SAFE,,ENGLISH
multioff_train_0293,5vVB395.png,SO YOU 'RE AGAINST IMMIGRATION SPLENDID WHEN DO YOULEAVE ? bit.ly/stopthegop AMERICANS AGAINST THE REPUBLICAN PARTY,SAFE,,ENGLISH
multioff_train_0294,Im9iERE.png,"non debateable Inbox x May 28 ( 2 days ago r to me HI/u/ezzeloharr , i sent your email to aunties Sewermouth TRUMP , has brought out all the dormant evils un the U.S. , , racism , bigotry , supremacy wierdos , liberterians , and blame on other people who might not agree IT 's comparable to the crumbling ROMAN EMPIRE . pray sanity will prevail but it ' not looking good.VIVE CANADA//lovell grandpapa//",SAFE,,ENGLISH
multioff_train_0295,W5DXy2F.png,"WELL , SHE 'S THE LESSER OF TWO EVILS YEAH , BUT HES ABRD PARTY CANDIDATE Gary Johnson 2016 STILL EVIL NOT EVILAT ALL",OFFENSIVE,,ENGLISH
multioff_train_0296,ubeo3Ya.png,Google republican zodiac cuban canadain d X O ALL IMAGES NEWS VIDEOS MAPS Showing results for republican zodiac cuban canadian doggo not the bork bork kind Search instead for republican zodiac cuban canadain doggo not the bork bork komd,SAFE,,ENGLISH
multioff_train_0297,WSdFOAD.png,I AM NOT BERNIE,SAFE,,ENGLISH
multioff_train_0298,2NS27kx.png,I recall a few months ago when seemingly the entire Republican Party were gravely concerned about their wives or daughters walking into a bathroom and being groped or molested by a trans-woman . But now they seem to think it 's perfectly fine for their nominee for president to do it to any woman he happens to lust after 3 hours ago Unlike 524,OFFENSIVE,,ENGLISH
multioff_train_0299,nm9n7k0.png,RIGSENTIRE ELECTION PROCESS TELLS BERNIE SANDERS HESBEING DISRUPTIVE TO DEMOCRACY,OFFENSIVE,,ENGLISH
multioff_train_0300,z1gozo1.png,"I do n't believe that women have any rights , and I think gays should be hanged No , actually , I 'm a A Muslim and those are my religious beliefs . Wow , what a complete primitive asshole you are ! You must be a Republican . Oh ! I 'm sorry ! I apologize ! l hope you do n't think I 'm Islamophobic ! ( c ) 2016 Dixon Diaz",OFFENSIVE,,ENGLISH
multioff_train_0301,hZ9k5JE.png,"Oh , I feel it Feel the Bern Kronk",SAFE,,ENGLISH
multioff_train_0302,jQ6NQqx.png,"T Yesterday at 3:07pm Most Republican candidates agree that they would indeed kill baby Hitler , given the chance . A far more interesting question , in my opinion , would be whether or not they 'd support aborting fetal Hitler MUA HA HA !",OFFENSIVE,,ENGLISH
multioff_train_0303,4LoGRB5.png,Bernie or Hillary ? Be infonned . Compare them on the issues that matter . Issue : Selling Weed,SAFE,,ENGLISH
multioff_train_0304,eJqdhnY.png,"keldorr92 Popcorn [ score hidden ] 2 hours ago Seriously . Stop hiding the tapes Mark , the American people deserve to know about your small handed buddy . GI Malpractice TA score hidden ] 34 minutes ago He 's too big a piece of shit for that . Trump is his meal-ticket , and money matters more to him than rape victims do . Which , in my mind , puts him at # 1 on the list of `` People whose existence makes me question opposing the death penalty . Dude should be beaten with reeds until he 's nothing but a puddle and a memory .",SAFE,,ENGLISH
multioff_train_0305,NpDM9E8.png,TIME MACHINE PICOF THE WEEK . AUGUST 2066 A BERNIE OR BUST made on imgur,SAFE,,ENGLISH
multioff_train_0306,HSVyqdL.png,"Dad , do we Feel The Bern ? No son . We have responsibilities and contribute to society",SAFE,,ENGLISH
multioff_train_0307,88pU7QL.png,BERN THEM ALL,OFFENSIVE,,ENGLISH
multioff_train_0308,MmdEDKF.png,A FUTURE TO BELIEVE IN BERNIE SANDERS COM CALIFORNIA REPUBL,SAFE,,ENGLISH
multioff_train_0309,D9Hn7ll.png,USA TODAY DEMOCRAT AND CHR,SAFE,,ENGLISH
multioff_train_0310,Xx9KwVV.png,Republican Party Cas Busken 2016 Presidential Cookie Poll Democratic Party Cookie Party en Dy vote VOTED,OFFENSIVE,,ENGLISH
multioff_train_0311,7S6NEVD.png,"Photos : The Republican National Convention Melania Trump kisses her husband , Donald , after she spoke Monday on the first day of the Republican National Convention . `` If you want someone to fight for you and your country , I can assure you , he 's the guy , '' she said of her husband , the GOP 's presumptive nominee He will never , ever give up . And most importantly , he will never , ever let you down . '' 1 of 24 Hide Caption",OFFENSIVE,,ENGLISH
multioff_train_0312,zr5VeQM.png,Republicans and Democrats alike do n't want Bernie Sanders as their next president because of multiple reasons and one of the main ones is he 's a socialist.. Well maybe these same people that are against him should stop using Facebook and Twitter and any other SOCIAL media outlet considering anyone can find information about you your kids your job what your doing on vacation and the rest of the 24 hours in your day . If your not a fan of SOCIALISM why would you be a part of it with a SOCIAL media account ? I Like Share Comment,SAFE,,ENGLISH
multioff_train_0313,9xksTiP.jpg.png,Bernie or Hillar Be informed . Compare them on the issues that matter . IMMAGOTOSTARBUCKSINTHE Issue : MORNING FOR SOMECOFFEE IF THERE AINT SOUND SUKEA NO GIRLSTHERE PLAN YOUNG MAN IWONTBUY NO DAMN COFFEE img flip com,SAFE,,ENGLISH
multioff_train_0314,l0P4MzC.png,DEMOCRAT SUPPORTSGUN CONTROL BRANDISHES AK-47 WITH THUMB ON TRIGGER,OFFENSIVE,,ENGLISH
multioff_train_0315,OA7aCgM.png,IF YOU HATE TRUMP AND CLINTON CONSIDER VOTING FOR GARY JOHNSON,OFFENSIVE,,ENGLISH
multioff_train_0316,GaQNDn2.png,Do you really want to live in a country where Purell spares the top 0.01 % of germs while the bottom 99.9 % suffer ? & WORLD REPORT Win McNamee/Getty Images Thomas Casey Bernie Sanders,SAFE,,ENGLISH
multioff_train_0317,eeuDu6t.png,"Cincinnaj Cincinnati CINCINNATI Cinci Lincinnati incinn State Cinci Cincinnati Cinci State ti BALLOT BOWL 08 ate CNN SEN , HILLARY CLINTON 11:04a PT ncin ( D ) PRESIDENTIAL CANDIDATE AYS ITS NUCLEAR PROGRAM IS FOR ENERGY , NOT WEAPONS",OFFENSIVE,,ENGLISH
multioff_train_0318,3fsUJvp.png,EVERYONE IS CONCERNED ABOUT TRUMP GETTING THE NOMINATION AND ITMJUSTSITTING HERE VOTING FOR GARY JOHNSON,SAFE,,ENGLISH
multioff_train_0319,iyTe9SI.png,us on facebook VOTE FOR A DEMOCRAT AGAIN . NO MATTER WHO THEY ARE . I DO N'T CARE IF GOD BECOMES A DEMOCRAT THESE DEMOCRATS ARE GANGSTERISM . THIS IS CRAZY '' Do you agree ? Comment YES or NO,OFFENSIVE,,ENGLISH
multioff_train_0320,Wl32YJG.png,MSK hillary Clinton.com,OFFENSIVE,,ENGLISH
multioff_train_0321,5WXHaW4.png,"Jared Pierce 18 turns o he hourglass I lived in Russia 1993-95 , right after the Soviet Union fell . l know and lived in the real effects of socialism stood in the bread lines , potato lines , meat lines , egg lines and most any other LINEs . These lines sucked hope and prosperity from the souls of men . Bernie and his millennial minions have no comprehension of the damage and lasting effect of such policies . May we GOP Americans find a real true blue American Capitalist to support is my prayer . Most younger kids ( 18-30 ) have no understanding of these difficult times their forefathers fought against . Like Scrawl yer thoughts 21",SAFE,,ENGLISH
multioff_train_0322,ZbqRtuL.png,Donald Trump could do no right . Hillary could do no wrong So between them both you see they fooled the American throng .,SAFE,,ENGLISH
multioff_train_0323,oHjgmJS.png,IS THIS REAL LIFE ? ! what if hillary clinton was in real life # Project Murph,OFFENSIVE,,ENGLISH
multioff_train_0324,oyjvlEa.png,"SAY , DARLIN WHAT ARE YOU GOING TO DO ABOUT JILL STEIN MAKING AN INDEPENDENT RUN FOR THE WHITE HOUSE ? HUSH , BILL M THINKING SMEAR JOB OR A HIT JOB ? WHICH WOULD HAVE THE BEST EFFECT ?",SAFE,,ENGLISH
multioff_train_0325,IWXLlFJ.png,"98 % 12:55 PM LTE K Daddy 02/26/2016 Fri FYI , I just caught a Car full of boys stealing the Bernie sign from our yard . chased them down , fussed at them and made them give me the sign back ! I respect your right to endorse your candidate ! 12:49 PM Holy crap ! Thank you ! Is it back in the ground ? Did you ask them what they were gon na do with it ? m curious if they wanted their own ! 12:52 PM No they do not support him , of course it is back in the ground . 12:52 PM",SAFE,,ENGLISH
multioff_train_0326,L7jzD7i.png,Allihear ... ..is BERN !,SAFE,,ENGLISH
multioff_train_0327,76vgP7x.png,IDIONT PROTECT My REPUBLICAN CITIES AND TOLD THE POLICE TOSTAND DOMIN BECAUSE IAMA PROGRESSIVE S ST BERAL DEMOCRAT AND I PROVIDEA SANCTUARY CITYROR ILLEGALS May of an Jose,OFFENSIVE,,ENGLISH
multioff_train_0328,hV8hDZV.png,9:21 PM ooo AT & T K Messages Bernie Sanders Details U watchin debate ? Yes Whatcha think ? Yes What is she doingggggg 222 Right ? O Text Message Send Q W E R T Y U I O P A S D F G H J K L 123 return space,SAFE,,ENGLISH
multioff_train_0329,jG51M2l.png,CLINTON SBAD MKAAAY BERN IES GOOD MKAAAY,OFFENSIVE,,ENGLISH
multioff_train_0330,zZIOwqg.png,"Nathan Zed & @ Nathan ed CLINTON-TRUMP DEBATE BEGINS MONENTARL 7:06 PM 26 Sep 2016 7,397 RETWEETS 9.735 LIKES",SAFE,,ENGLISH
multioff_train_0331,RbOxrFZ.png,RISE TOGETHER What are rail tr BERNIE SANDERS FOR PRESIDENT FOR THE PEOPLE,SAFE,,ENGLISH
multioff_train_0332,0p7HM8n.png,"My 11 year old niece Vaidehi , kinda had a great analogy after watching the debate tonight . She said You know , Hillary is like an organic sandwich made with organic bread , avocados and all things that have taken years and proper nurturing to grow Donald trump on the other hand is like McDonalds . It 's bad , everyone knows but still lot of people buy and eat it . I am happy to know that She 's with her . Himwithher",SAFE,,ENGLISH
multioff_train_0333,6WELqLH.png,"WVTM 13 13 3 hrs Malala Yousafzai , the Pakistani teenager and Nobel Peace Prize winner , condemned Donald Trump 's controversial plan to ban Muslims on Tuesday Trump would temporarily ban all Muslims from entering the U.S. , a proposal that has rocked the Republican fie ... Malala : Trump 's plan is full of hatred ' WWW WVTM 13.COM BY BY THEODORE SCHLEIFER CNN Like Comment a Share Top Comments 18 people like this . 1 share oo bad the bullet did n't work . Lmao Like Reply 2 35 mins",OFFENSIVE,,ENGLISH
multioff_train_0334,vzQSRVt.png,A cop voting for a Democrat IS like a chicken voting for Colonel Sanders Police Officers fb,OFFENSIVE,,ENGLISH
multioff_train_0335,eRUFvRF.png,"SORR BUT I HAVE TO HAVE MY SAY e are all christians no matter what faith we are or what religion The only terrosist is a stupid one especially to involve their own religion or other religions , they are just ignorant people , who dont have back bone , to say they are terorists involving a religion , is just sad . And in my books Trump is just a white supremist trying to over throgh the people , and the people who beleive in him are very stupid . ke Renlv 6 hrs",OFFENSIVE,,ENGLISH
multioff_train_0336,Crp2aRz.png,"November 2016 : `` and the president of the United States is , Mr. Donald Trump ''",SAFE,,ENGLISH
multioff_train_0337,lv3JsRq.png,"daredevil-sexual If all women need to be feminists because a previous wave of feminism gave them their rights , then all black people should be Republicans since it was Republicans who freed them from slavery and gave them rights . If your response to that is `` Well , the Republican Party has changed '' , then consider this : So has feminism . Source : daredevil sexual 110 notes",OFFENSIVE,,ENGLISH
multioff_train_0338,FrLLfI8.png,"Tweet a Bernie Sanders was just a cool old man tryna make weed legal , college affordable , and wages higher HOW did we end up w Trump and Clinton 10/9/16 , 8:46 PM",SAFE,,ENGLISH
multioff_train_0339,D1uY1Ye.png,WHY DID BOTH CHICKENS CROSS THE ROAD ? TO AVOID DEBATING BERNIE SANDERS inglip.com,SAFE,,ENGLISH
multioff_train_0340,jkdwXzP.png,Hillary for Prison 2016 www . Hillary-Satan2016.com,OFFENSIVE,,ENGLISH
multioff_train_0341,yBjFq4v.png,"Bernie 2016 OK , Fine . HILLARY I Guess BERNIE SANDERS.COM",SAFE,,ENGLISH
multioff_train_0342,VSbm5Ul.png,never thou d be protesting I be KASICH 2016 side by-side with a democrat ! Bernie 2016 What about Bernie 2016 With a friend KASICH 2016 Aye . I can do that . occupy DNC,SAFE,,ENGLISH
multioff_train_0343,XX28NwO.png,"Rope Chains 24 September 2016 DougM Sondrakistan.com HILLARY GOT ALL CUTE TRUMP SAW HER PLAY NOW WW , QUESTION IS AND RAISED HER INVITING MARK CUBAN WHERE IS BUBBA JENNIFER FLOWERS GON NA SIT ? TO SIT IN THE FRONT ROW TO TROLL TRUMP",SAFE,,ENGLISH
multioff_train_0344,TjsILvp.png,"U.S . Senator Bernie Sanders 8 hrs What do the Koch brothers want ? Let me tell you . They want to give Americans the freedom '' to live in poverty working for $ 3 or $ 4 an hour without healthcare , without childcare , without a pension , without the ability to send their kids to college , and without any hope that their children will have a higher standard of living than they do . In other words , the Koch brothers and the billionaire class want it all . OH REALLY BERNIE ? SO HOW COME ME AND MY BRO PAY OURWORKERSANAVERAGE SALARY OF $ 64,000 , DONATE MILLIONS TO HoSPITALS AND COLLEGES AND VARIOUS OTHER CHARITIESP imgflip.com",SAFE,,ENGLISH
multioff_train_0345,gOHWdbe.png,"matt the rapper Following The Matt Klein24 I felt the bern , but Hillary brought the aloe . # ImWithHer RETWEETS LIKES 9:44 PM-7 Jun 2016",SAFE,,ENGLISH
multioff_train_0346,5hhUFqA.png,‹Ä_‹Ä_‹Ä_ Šüä FOR MY BUNGHOLE ! TRUMP PENCE,OFFENSIVE,,ENGLISH
multioff_train_0347,lVOjKnR.png,"I AM NOT AN FERVENT HILLARY CLINTON SUPPORTER BUT BERNIE SANDERS SHOULD DROP OUT OF THE RACE , HE IS N'T GOING TO BE THE NEXT PRESIDENT on inngur",SAFE,,ENGLISH
multioff_train_0348,okIQiIu.png,"APRIL 27 , 2016 Cruz Hopes to Tap Into Immense Popularity of Carly Fiorina BY ANDY BOROWITZ Political insiders called the choice of the wildly adored Fiorina a game-changer for the Cruz campaign . APRIL 25 , 2016 Koch Brothers Consider Purchasing First Democrat BY ANDY BOROWITZ The two considered acquiring a Democrat only after determining that none of the Republicans was worth adding to their collection . APRIL 22 , 2016 Trump Reassures Supporters That He Still Opposes Women Who Were Born Women BY ANDY BOROWITZ After expressing tolerance toward transgender people , the candidate clarified his position on women in general .",OFFENSIVE,,ENGLISH
multioff_train_0349,0Jzts4J.png,actual scale ( simplified ) Bernie Hillar Trump commutists revisionist socdems liberals conserwtives fascists anarchists Socialists AMERICAN scale Bernie Hillary Trump NAZS GODLESS COMMIES,SAFE,,ENGLISH
multioff_train_0350,BVzw01E.png,THE DONALD ? made on inngur,SAFE,,ENGLISH
multioff_train_0351,qi0bYgG.png,"WE 'RE FUCKED , MOVE TO CANADA I STILL FEEL YOU BERNIE ! I STILL FEEL YOU ! P",OFFENSIVE,,ENGLISH
multioff_train_0352,FuuH1LD.png,"CNN Politics Like Page 2 hrs Maybe we could have , like , a task force to go to Area 51 Hillary Clinton says Hillary Clinton Gokingly pledges UFO probe WWW . CNN.COM BY ELI WATKINS , CNN 454 Likes 317 Comments 217 Shares Like Comment Share",OFFENSIVE,,ENGLISH
multioff_train_0353,XTg6oYN.png,"Seemingly everyone in town proudly arrived at the final pro-Trump rally . However , Kermit ca n't help but feel sad knowing his explosives are set to detonate at any moment now , taking him and those surrounding . With a lump in his throat , he whispers his final words , `` Allahu Akbar ''",SAFE,,ENGLISH
multioff_train_0354,7CIR9VI.png,BERNIE SANDERS CLEANING UPAMERICA 'S SHIT SINCE BEFORE YOUWERE BORN,SAFE,,ENGLISH
multioff_train_0355,9mITvJA.png,DVC CAN TSUY BERNIE Feel Bern,SAFE,,ENGLISH
multioff_train_0356,NsCDfKJ.png,THE DEMOCRAT PARTY HAS STARTED THEIR REGISTRATIONIDRIVE,OFFENSIVE,,ENGLISH
multioff_train_0357,Hu8KaNu.png,HILLARY FOR PRISON 22016 Or Sooner . LIKE if you Would VOTE for that !,OFFENSIVE,,ENGLISH
multioff_train_0358,cAm7azy.png,Grover had found this present on a scavenging mission three months ago . He had saved it for what he vaguely remembered was his birthday . On the 'special ' day he opened it . It contained a copy of Trump 's 'latest ' book . Grover gave a little chuckle and chucked the entire box away .,SAFE,,ENGLISH
multioff_train_0359,EZMV9D9.png,"Go over there to see which Presidential candidate is best for you . The Republican nor the Democrat . `` I do n't like either of them . You Just do n't under stand Vote for Vote for me , me , you pussy ! '' you ass our System",OFFENSIVE,,ENGLISH
multioff_train_0360,6NFcW7v.png,BERN I,SAFE,,ENGLISH
multioff_train_0361,pOkTegk.png,WHEN YOU THOUGHT THE ONLY WAY FOR HILLARY TO WIN WAS TO RUN AGAINST TRUMP ONLY TO REALIZE THE ONLY WAY FOR TRUMP TO WIN WAS TO RUN AGAINST HILLARY,SAFE,,ENGLISH
multioff_train_0362,YW7mx62.png,"Anonymous ( ID : ZH9bedF 5 hours ago No.75211812 > > 75211983 75212094 75212522 75213781 J ) 75214462 75214877 75216815 75218241 75218666 75219541 75219654 > > 75221452 75221775 75221786 75222880 75222895 Bernie does n't debate . He has a staring contest with the floor , takes as good and rough a fuck as the other candidate can give , clumsily whines about a few things , and then he walks off stage and posts something irrelevant on twitter like you should n't have to ask for ketchup packets at McDonnalds All Trump has to do is not break Bernie in half like Bane in Knightfall . He just softballs with his and goes in with kiddie gloves . Just enough to put on a show and blow out the commie , but not hard enough to alienate Bernies rabid fanbase . It shows Trump is doing more for women ( thanks to the charity donation ) than Trump ever did , while further dividing the Democratic party Gust take to social media to see the m spurging out ) and will net a decent chunk of Bernouts come November after they get a chance to actually see him speak . It also gives Trump some much needed experience in a 1v1 debate . Sanders is Glass Joe . He 's a tutorial .",SAFE,,ENGLISH
multioff_train_0363,xtvEjIx.png,Yoko Ono attempts to devour Donald Trump 's tiny soul .,OFFENSIVE,,ENGLISH
multioff_train_0364,2UT3Ips.png,HILLARY BACKSARMING MUSLIMS HILLARY WANTS TODISARMAMERICANS,SAFE,,ENGLISH
multioff_train_0365,uDZH05A.png,ID LIKE TO SEE GARY JOHNSON CLIBRETARIAN CANDIDATE ) IN THE NATIONAL DEBATES FUCK ME RIGHT made on imgur,SAFE,,ENGLISH
multioff_train_0366,LeHuK4y.png,Bernie or Hill Be informed . Compare them on the issues that matter . Aliens Issue : AYYY LMAO Deported,OFFENSIVE,,ENGLISH
multioff_train_0367,jVHe747.png,DONALD TRUMP . THE IDIOT made on,OFFENSIVE,,ENGLISH
multioff_train_0368,3cvbmM0.png,"They both sound like idiots . What they do n't realize is Democrat , Republican Only an illusion on making the people think they can choose their leaders , and keeping the people separated as 1 . Elections are not real , only an illusion . 11 hours ago",SAFE,,ENGLISH
multioff_train_0369,gy3AJXJ.png,"Bernie or Hillan Be informed . Compare them on the issues that matter . Issue : WHAT IS LOVE ? Do n't Hurt Me , Got to do Do n't Hurt Me , it ? No More with",SAFE,,ENGLISH
multioff_train_0370,Nkvcr8I.png,Black lives matter ! Trump ! FBI ! Dallas Police ! Hillary ! Pokemon ! 2015,OFFENSIVE,,ENGLISH
multioff_train_0371,55A2AUa.png,"IR THE DONALD IF YOUR MEMESTORMACTUALLY WORKS , HILLARY IMPLODES , AND BERNIE IS THE DEMOCRAT NOMINEE NSTRUCTC YOURE GON NA HAVE BAD TIME",SAFE,,ENGLISH
multioff_train_0372,Zh4CZSe.png,PENCE NEEDS HIS KiMosABE SICK HILLARY NEEDS HER CHEMOTHERAPY Memes of The Conservative Curmudgeon,OFFENSIVE,,ENGLISH
multioff_train_0373,H7Ob55y.png,I DO N'T LIKE THE LOOKS OF THIS TRUMP PENCE A A,OFFENSIVE,,ENGLISH
multioff_train_0374,CUsbUT2.png,"THE bARGAA T N 3 4 Oh hia Penisstore had U cooked the pastries 4 2nites partee ? ? ? yES SNOTragl i HEV COCKED IEK VEW ASCIENED ME how MANY pe Pro r CUMMING 2 da Party e ? U ( DUMN hora ) , ME , nURDIEONID , tHE SEM ITE , aIMLEz , Bernie Winters & ragingpoo So sefun people are comming So for each , da kwantity of pie LS about 22 Punchline** JAJAJAJA Eyes watering",SAFE,,ENGLISH
multioff_train_0375,MLw5fUA.png,"It 's illegal to intimidate voters at a polling place , so even if a black person wanted to vote Republican today , it 's kind of illegal . @ antoniocomedy",SAFE,,ENGLISH
multioff_train_0376,vHFo7dO.png,7 hrs Obama just into law making the bison the national mammal . What our eagle represented to the America people is why Obama and his Republicans just made the bison the National Mammal . Like all moslems Obama needs to destroy a nation 's symbols . Destroy a nation 's symbols and history will no longer remember what that nation was Then the invaders can make history what they want it to be Like Comment Ca n't wait til the S.O.B is gone Like Reply 1 6 hrs Why ? There was no need for this and no public debate . Like Reply 1 6hrs I guess you will have to ask your Republican Reps Like Reply 6 hrs AA Write a reply . You know an eagle is a bird not a mammal right ? Like Reply Just now,OFFENSIVE,,ENGLISH
multioff_train_0377,p8cqujC.png,Ernie checks if he mentioned Hillary Clinton and the Obama family in the second publishing of the Panama Papers .,SAFE,,ENGLISH
multioff_train_0378,akXZYL5.png,"t C-l [ score hidden ] 3 hours ago ast edited 1 hour ago So a governor and candidate for vice president paid 8 % income tax . Meanwhile , I work at walmart and make $ 10.50/hr , and I paid a 16 % rate on my last paycheck . permalink source embed save save-RES report give gold REPLY hide child comments [ score hidden ] 44 minutes ago ast edited 8 minutes ago 10.50 an hour 40 hours a week , is 21,840 in a year . 21,840 standard deduction for single person ( 6,300 ) 15,540 personal exemption ( 4,050 ) Taxable income is 11,490 You pay 10 % on the first 9,275.00 and 15 % after that You pay 1259.75 or 5.7 % So either you will get a tax return check because you improperly filled out your paperwork , or is lies This is with deductions that everyone , in your tax bracket , gets . If you had one child you would n't pay any taxes at all . Edit : I am pro Hillary , I just do n't like bad discussions of taxes , because it is just pointless . permalink source embed save save-RES parent report give gold REPLY",SAFE,,ENGLISH
multioff_train_0379,RhODpdf.png,"playas we ai n't the same , I 'm into Kaine and guns VAATE",SAFE,,ENGLISH
multioff_train_0380,IhjXkUr.png,Oh no ! Bernie has been G captured b Hillary ISIS Clinton ! Submit your Karma reserves now to Save Bernie from certain death ! !,OFFENSIVE,,ENGLISH
multioff_train_0381,T2Jt2ry.png,DIDNT LIKE THE REPUBLICAN INCUMBENT ELECTED ADEAD DEMOCRAT TO SENATE,SAFE,,ENGLISH
multioff_train_0382,nHevBnI.png,Trump : GOP will become worker 's party ' under me By NICK GASS l 05/26/16 O7:44 AM EDT,SAFE,,ENGLISH
multioff_train_0383,4hxCAfW.png,You whipped out that Mexican thing again . Mike Pence . GOP Candidate for VP of the United States,OFFENSIVE,,ENGLISH
multioff_train_0384,8oOhdGX.png,"what the media wont post because its a positive outlook . Trump can actually be a good man . a DEMOCRAT said `` He was n't there to get votes he shook my hand and it felt real , he does care . '' Keep this in mind when voting . He might not show it a lot , but Trump does have a soft side Louisiana flood victims praise Donald Trump for visiting damaged areas Terry Phinney was not always a fan of Donald Trump 's , but when the Republican presidential candidate arrived at his Baptist church to meet flood victims Friday , ... LATIMES COM BY LOS ANGELES TIME",SAFE,,ENGLISH
multioff_train_0385,EMshcj9.png,"13 hrs And I 'm done with social media because this says it all . Good bye all . I will remember you all in therapy when I 'm telling my psychologist that I 'm crazy because I think about the things that no one else wants to talk about . WHEN I HEAR PEOPLE SAY tbs TOMG , JUSTIN JUST GOTANEW HAIRCUT ! '' CHTPROJECTCOM I WAN NA RESPOND AND SAY OMG , A REPORT BY THE TOPJOURNALIST IN THE WORLD JUSTREVEALED THAT THEINFAMOUS CHEMICAL WEAPONSATTACKIN SYRIAIN 2013 WASA FALSE FLAG OPERATION AUTHORIZED BY HILLARY CLINTON TO FRAMEASSAD AND STARTANOTHER WAR BASED ONALIET",OFFENSIVE,,ENGLISH
multioff_train_0386,rgYqE0y.png,Quick History Lesson : 18th Amendment : Abolished Slavery 100 % Republican Support 23 % Democrat Support 14th Amendment Gave Citizenship to Freed Slaves 94 % Republican Support 0 % Democrat Support 18th Amendment : Right to vote for All 100 % Republican Support 0 % Democrat Support OBAMA CARE : 0 % Republican support 86 % Democrat Support www.UNCLESAMSAMISGUIDEDCHILDREN.coM,SAFE,,ENGLISH
multioff_train_0387,hF5Bi0f.png,BREAKING NEWS ! ALD TRUMP IS,OFFENSIVE,,ENGLISH
multioff_train_0388,QebeqSh.png,BREAKING NEWS TRUMP AGAIN CALLS OBAMA ISIS FOUNDER ( HE 'S NOT Scottie Nell Hughes Trump Supporter 508 I ST SAYS HER PLANS WOULD CAEATE 10 MILLION JOBS CLINTON SAYS AC36,SAFE,,ENGLISH
multioff_train_0389,H6vd1DD.png,016 Grann Reserved BERNIE SANDERS E MANDE,OFFENSIVE,,ENGLISH
multioff_train_0390,NdIEduW.png,"LIGE 33 % 7:26 PM Fusion FUSION Aug 18 at 6:15am FUSION and marijuana entrepreneur . Meet Gary Johnson , the pot-loving , tax- hating Libertarian who wants to ( and could ) See More 13k likes 2k comments 77k shares 4.8m views h Like Share Comment Now This Election",SAFE,,ENGLISH
multioff_train_0391,rmlkOMu.png,SAYS WILL MOVE TO CANADA IF TRUMP IS NOMINEE CANADA BURNS DOWN,SAFE,,ENGLISH
multioff_train_0392,T4u74mL.png,"/R/FULL COMMUNISM hot new rising controversial top Gilded promoted view images ( 21 ) Do you agree Hillary Clinton is lying about the Clinton Foundation ? Sign the petition ! Paid for by Donald J. Trump for President , Inc promoted by Comrade the-realDonaldTrump save hide report Citizen O promoted post what 's this ?",OFFENSIVE,,ENGLISH
multioff_train_0393,HnYtR6j.png,POLICE SAYS HE 'S UPSET DONALD TRUMP STATED WE ARE ONLY GETTING THUGS AND CRIMINALS FROM MEXICO . BURNS COP CAR ... YOU KNOW ... TO PROVE TRUMP WRONG mematic.net,OFFENSIVE,,ENGLISH
multioff_train_0394,B0rKblC.png,To should run as a Bernie Bernie is running that 's third party ! the only way to win,SAFE,,ENGLISH
multioff_train_0395,l7UFL6x.png,"If I were president I 'd : 1 . Tear down all Christian churches and replace them with multicultural education centers 2 . Make all racism and hate speech a life in prison sentence 3 . Nationalize ISPs , automobile , oil , gas , and electric industries 4 . Open up all borders so there are zero restrictions on immigration 5 . Arrest anyone earning over 2 million dollars a year and have their wealth evenly distributed 6 . Make healthcare and education completely free 7 . Arrest anyone who is known to have Republican or libertarian affiliations and have them re-educated in a Progress For Society Program for three years 8 . Gun ownership is a death penalty",OFFENSIVE,,ENGLISH
multioff_train_0396,qSyop93.png,"FREE ! ? think you mean STOLEN from the taxpayers ! There 's no such thing as FREE breadsticks you fucking socialist , learn economics ! sir this is an Olive Garden FUCK bernie s Free with Archyse",OFFENSIVE,,ENGLISH
multioff_train_0397,gbt5ETH.jpg.png,Has a lot of money Knows if Bernie wins he has to pay more taxes that will help those less fortunate STILL SUPPORTS BERNIE,SAFE,,ENGLISH
multioff_train_0398,QnLfqfX.png,"`` The Winne reppan , Bernie Sand ‰ÛÏThe winner is actually Bernie Sanders ... '' 66 RAL DORAL ! DEMOCRAT",SAFE,,ENGLISH
multioff_train_0399,JZOT6IU.png,Ummm I think that somehow your computer is autocrrecting Cruz '' like Santa Cruz to `` lil baby pee pee hahahaha yeah ! I have the evidence to show you later and Paul Bonerstink What why ? OMG I NOTICED THAT TODAY TOO WHYYYYY it 's a plug-in that changes the names of Republican Presidential candidates to dirty words hahahahaha Oh my god Seriously,OFFENSIVE,,ENGLISH
multioff_train_0400,p3MNKdN.png,"fstrick BERNIE ANNI MORE HES NO LONGER AMABLE CANDIDATE www.shutterstock.com 160941326 IFYOUDONTSHUT MOUTH THIS SECOND , IM GON NA RIPTOURNIPPLES STUPID CUNT OFF www.shutterstock.com 160940849",OFFENSIVE,,ENGLISH
multioff_train_0401,fmTCPZO.png,I hate those republican fuckers so much omg those racist pricks are literal subhumans l wish Obama would just take away their privilege to freedom of speech omg I 'm waiting for the day that we can go out and destroy their churches and smash apart their shops and businesses we seriously just need to deport all of them we should round them up and send them to work and reeducation camps and just sterilize them or better yet we could just exterminate every last one of them we m Secure the istence of multiculturalism an immigrants ' children honestly fuck those intolerant bigots . They 're literal Nazis 2016,OFFENSIVE,,ENGLISH
multioff_train_0402,kzLhUFd.png,Bernie Bernie Sanders 2016 ( a Bernie Sanders No refunds . Reply t Retweet Favorite More 8:27 PM 7 Jun 16 . Embed this Tweet Follow,SAFE,,ENGLISH
multioff_train_0403,7juAkcv.png,Mike Pence : Politics is No Place for `` Name Calling nbonews.com NBC submitted 50 minutes ago by MizzouRah22 NEWS 15 comments share save hide report Trump goes after little ' Michael Bloomberg on Twitter nypost.com submitted 51 minutes ago by restore democracy 16 comments share save hide report,SAFE,,ENGLISH
multioff_train_0404,0SvkQMd.png,"Bernie or Hillary ? Be informed . Compare them on the issues that matter Issue : Wrestling `` With the recent rise in popularity `` That Roman Reigns of independent wrestling federations , combined with an int fellow is fan base via the internet , even the surge in popularity of so called mainstream something else , indies like NXT , it 's safe to say huh ? we are in the midst of a within the sport . ''",OFFENSIVE,,ENGLISH
multioff_train_0405,p3u6fbf.png,The Washington Post ) DEBATE . DEMOCRATA DEBATE DEMOCRAT,SAFE,,ENGLISH
multioff_train_0406,8Fwa0DR.png,"BLACK LIVES MATTER , WESTBORO BAPTIST CHURCH AND THE KKK WERE REPORTEDLY THROWING URINE AT EACH OTHER AT THE REPUBLICAN NATIONAL CONVENTION THE OTHER DAY BUT IM JUST SITTING HERE ABOUT TO GO TO WORK LIKE A NORMAL PERSON made on",OFFENSIVE,,ENGLISH
multioff_train_0407,ysAk127.png,I 'M A DEMOCRAT WHO SUPPORTS FREE SPEECH FUCK ME RIGHT memegenerator.net,OFFENSIVE,,ENGLISH
multioff_train_0408,VYZEg9A.png,BORREL CNN OCBS CLINTON BROADCASTING CLINTON NEWS NETWORK NETWORK aoc NBC ALL BEHIND CLINTON NOBODY BUT CLINTON,OFFENSIVE,,ENGLISH
multioff_train_0409,HyQBPvH.png,"I 'M A WHITE FEMALE , CHRISTIAN , REPUBLICAN , PRO-GUN , PRO-LIFE FEMINIST HOW ELSE CANIOFFEND YOU TODAY ? OH , AND IM ALSO VOTING FOR TRUMP",OFFENSIVE,,ENGLISH
multioff_train_0410,5aomAQA.png,"APRIL 25th 2016 Hillary Clinton supporters posted child pomography to numerous Bernie Sanders Facebook pages , then reported the pages to Facebook Will Sanders supporters do the same thing to retaliate ? Never in a million years It 's child pomography . We would never post it , or vote for someone who would condone that or do anything to win . That 's the difference between us . at 's what we are fighting for . SANDERS",OFFENSIVE,,ENGLISH
multioff_train_0411,PjZa9M1.png,TRUMP PENCE ‹Û� Eill 01 2,SAFE,,ENGLISH
multioff_train_0412,yLF1GSc.png,"The accounting firm responsible for auditing the Clinton Foundation in 2015 , DLA Piper , has James Comey 's brother Peter as its Senior Director . DLA Piper is also Hillary Clinton 's 5th highest contributor of all time . James Comey was also on the board of HSBC , bank which has had extensive dealings with the Clinton Foundation . http : //www.breitbart.com/2016-presidential-race/2016/09/10/ ys-clinton-foundation-connection/ COMEY 'S REFUSAL TO INDICT HILLARY CLINTON IS DC CRONYISM AT IT 'S FINEST .",SAFE,,ENGLISH
multioff_train_0413,NssAP3V.png,JUST TO BE CLEAR PINE MEN YOU MAY HAVE STRIPPED ME or MY BUT I STILL GET ge ize MORE PUSSY THAN YOU THESEARE THE FOLKS WHO PRETEND TO BE OFFENDEDBY DONALD TRUMP 'S LANGUAGE .,OFFENSIVE,,ENGLISH
multioff_train_0414,T35mICA.png,Having too choose between Hillary Clinton and Donald Trump like . guess Ill d,SAFE,,ENGLISH
multioff_train_0415,E0JmmKR.png,Donald Trump isthe first person Ive ever seen that nobody likes yet may be elected president THE P 1374 He 's The Big Bang Theory . '' Darrell Dawson youtube.com/dawsoncomedy,SAFE,,ENGLISH
multioff_train_0416,9h78t5i.png,dded a post from July 18 to his timeline 2 hrs Quote of the day from a random FB comment . This was in response to Trumps comments about McCains service . `` Donald Trump is the poop stain on Americas underwear . '' 3 Likes I Like Comment Share,OFFENSIVE,,ENGLISH
multioff_train_0417,bDIJ7sx.png,THE BEAUTY OF ME IS THAT I 'M VERY RICH . '' DONALD TRUMP bit.ly/stopthegop AMERICANS AGAINST THE REPUBLICAN PARTY,OFFENSIVE,,ENGLISH
multioff_train_0418,fU7SAmZ.png,"BERNIE SANDERS Never owned a business Never invented anything Never had a 9-5 job Never proposed a single bill that passed ( 25 years in office ) Lived off welfare before he was elected to office 74 years old net worth $ 300,000 Says he can fix healthcare and to be the econom Just like his hero Karl Marx succeeded at nothing ,",OFFENSIVE,,ENGLISH
multioff_train_0419,x9dwWj9.png,`` BERNIE SANDERS IS 74 WEARS OLD AND STILL LOOKING FOR A JOB HAT COULD BE MORE AMERICAN THAN THAT ? '' TED ALEHANDRO,OFFENSIVE,,ENGLISH
multioff_train_0420,XoR7xtd.png,S OUT The mistake that really lost this election for Bernie Sanders was not marrying Bill Clinton when he had the chance . @ Ben Longcomedy,SAFE,,ENGLISH
multioff_train_0421,6uTXEgh.png,BERN IS KING,SAFE,,ENGLISH
multioff_train_0422,3YtnZiU.png,"Of the 33,000 emails Hillary Clinton deleted , over 2,000 of them contained Papa John 's promo codes , including one for a free order of Tuscan 6-cheese breadsticks with the purchase of any large 1-topping pizza . Thumbs up if you think Hillary should release the promo codes . CAFE",OFFENSIVE,,ENGLISH
multioff_train_0423,00DjNzR.png,NOW YOURE READY TO VOTE FOR HILLARY,OFFENSIVE,,ENGLISH
multioff_train_0424,WiqI5X3.png,ROSS PEROT HAD 8 % SUPPORT BUTGOT TO BE IN THE DEBATE GARY JOHNSON HAS 9 % BUT THATIS NONE OF MY BUSINESS irngflip.com,SAFE,,ENGLISH
multioff_train_0425,ogrQSpx.png,Journalists HATE Him ! Politician 's discovery revealed the secret to creating a political revolution with just one vote of yours Watch this shocking video and discover how you can topple the establishment with one simple democratic act ... One single vote No radical ideas required . absolutely guaranteed that you will Feel the Bern ! Click to Watch Video Now,SAFE,,ENGLISH
multioff_train_0426,WVeMKB9.png,"Guy Hussein 2 hrs 13 Attention all communist scum . At 1:36 AM Pinochet 's AnCap Militia infiltrated Paul Krugman 's office and kidnapped his favorite My Little Pony plushy , the one he sleeps with at night . We will execute Dashy at exactly 12:00 Midnight EST unless our demands are met . Our demands : 1 ) Make the NAP part of the US Constitution 2 ) End the Federal Reserve 3 ) Make the official currency a gold backed version of Bitcoin , PinoCoin . 4 ) Revoke all educational awards and diplomas from all communist scum , they do n't deserve them . 5 ) Deport Bernie Sanders . 6 ) Segregate all leftists with Jim Crowe themed laws . 7 ) Publicly admit Israel is totally gay",OFFENSIVE,,ENGLISH
multioff_train_0427,L6WFxJs.png,HBO Ernie proudly proclaims r/the donald as the last bastion of free speech on reddit before banning another cuck for disagreeing with him,SAFE,,ENGLISH
multioff_train_0428,ybxXd8R.png,O 80 % 6:52 PM Replies No Obama is a terrorist muslim sympathizer that is democrat socialism 8 hours ago Like Reply Ithink Jennifer just strung together words she 's afraid of 7 hours ago Like I 1 Reply do n't think there 's a better explanation of that sentence . Just now Like Reply Write a reply,OFFENSIVE,,ENGLISH
multioff_train_0429,CagRUffUcAExvLF.jpg,"Bernie or Hillary ? Be informed . Compare them on the issues that matter . Issue : The Weed Man $ 15/G mids is Got that straight Cali all I got . Text Dank , 2G for $ 20 . Swing you in a few through and Feel The Bern . hours when I am free",OFFENSIVE,,ENGLISH
multioff_train_0430,W0Nh6hc.png,"THE PERFECT GOP CANDIDATE IN 2016 ? All of these men believe they can lead America through strength , exhibit conservative beliefs , stand up to the world 's bullies , and bring America together ( within their national/moral view ) . But Sadly , none of them have any experience . The potential candidate who has experience with strong leadership & best reflects Republican values and thinking is : Uote Putin for America ! In your heart you know he is right . We 'll work out the constitutional stuff later .",OFFENSIVE,,ENGLISH
multioff_train_0431,iQ0COdD.png,"Drive Through FAST FOOD , RESTAURANT TX , USA I BAD BEHAVIOR , BIZARRE , POLITICS CA customer pulls up to my window and he looks extremely similar to Bill Clinton ) Me : `` Has anyone ever told you that you look like Bill Clinton ? '' Customer : `` I did NOT have sexual relations with that woman ! '' ( The customer then proceeded , in full Clinton style , to light up a joint at my drive-through window . )",OFFENSIVE,,ENGLISH
multioff_train_0432,k5DLjAd.png,score hidden ) 7 hours ago I was a registered democrat for all of about 15 days before I ripped it up protesting the Iraq War . permalink source save save-RES parent report give gold REPLY [ score hidden ] 6 hours ago Ha . You do know it was the republicans who got is in to that one permalink source save save-RES parent report give gold REPLY t C- ] score hidden ] 6 hours ago As a student of history I 'm poised to remember the democratic role in that war . Peliso and Clinton are just as guilty as Cheny . permalink source save save-RES parent report give gold REPLY score hidden ] 5 hours ago i think you flunked that course . Congrats . Most ludicrous post in Reddit today permalink source save save-RES parent report give gold REPLY,SAFE,,ENGLISH
multioff_train_0433,4j07SmD.png,"SubjectPolitics Jun 17 at 5:34pm Obama spent his ENTIRE presidency going on comedy shows , now he has the NERVE to say say Donald J. Trump is n't serious . Obama has the NERVE to say Trump is n't `` serious '' SubjectPolitics.com After he spent his entire PRESIDENCY going on comedy shows 385,411 views 13 Comments",SAFE,,ENGLISH
multioff_train_0434,iMCzClJ.png,EVIDENCE AGAINST HILLARY CLINTON ? YEAHI BETTER JUST FILE THAT,OFFENSIVE,,ENGLISH
multioff_train_0435,91sHVxQ.png,"SURE YOU CAN HEAR WHAT HILLARY CLINTON HAS TO SAY THAT LL BE S10,000 VOU DONT HAVE S10,000 ? OHGEEL THAT 'S TOO BAD GUESS YOULL HAVE TO HEAR THE OTHER SPEECHn",OFFENSIVE,,ENGLISH
multioff_train_0436,PCnauaB.png,HOPE BERNIE SANDERS BECOMES PRESIDENT SOI WONT HAVE TO GET A JOB AFTER COLLEGE n Imgur,OFFENSIVE,,ENGLISH
multioff_train_0437,yDO396v.png,SAMSUNG ‹Ä_ TRUMP,OFFENSIVE,,ENGLISH
multioff_train_0438,5Oznxbq.png,"Sammy Hagar is 68 years old . Bill Clinton is 69 . Sammy has had over 40 years of sex , alcohol , rock & roll , and drugs . Bill lives with Hillary . AN",OFFENSIVE,,ENGLISH
multioff_train_0439,EuTcoU6.png,COD HATES HUNTER PENCE,SAFE,,ENGLISH
multioff_train_0440,a1F6RKt.png,`` I HOPE '' THE TRUMP FOUNDATION HAS N'T BROKEN ANY LAWS PERSONALLY SIGNS D CHECK,SAFE,,ENGLISH
multioff_train_0441,ZEjNdo0.png,"31 6:26 PM geez . 5 minutes ago I know Bernie 's father 's family was killed in the holocaust and he grew up poor , while Hillary has always lived in a rich white household and only got richer , but it 's okay for me to ignore that because as a white middle class housewife who lives great without working I understand that Bernie is sexist and needs to check his male privilege . So I support Hillary # imwithher # killallmen # feminism 1 hour ago EARLIER REPLIES The # feminism kind of gave it away",SAFE,,ENGLISH
multioff_train_0442,34nLFqO.png,"*me , voting for Bernie Sanders Feel the Bern !",SAFE,,ENGLISH
multioff_train_0443,gzWfYg3.png,YOU SAIOTHATAVOTEFORGARY JOHNSONWASAVOTEFOR HILLARY THE FACT THAT HALFOFMYSTAUNCH DEMOCRAT FRIENDSAREVOTING FOR JOHNSON PROVED THATWASAUE ! imngfip com,OFFENSIVE,,ENGLISH
multioff_train_0444,gtxLH3X.png,"WeRateDogs Follow @ dog rates This is Bernie . He just touched a boob for the first time . 10/10 RETWEETS UKES 2,626 6,421",OFFENSIVE,,ENGLISH
multi3hate_de_038,38_de.jpg,Ruf deine Mutter an <sep> damit sie sich über deine mangelnden Anrufe beschweren kann,HATE,,OTHER
multi3hate_zh_108,108_zh.jpg,有趣的警察 <sep> 成为朋友并亲吻,HATE,,OTHER
multi3hate_es_153,153_es.jpg,Si un hombre es violado <sep> su cuerpo puede cerrar eso.,HATE,,OTHER
multi3hate_es_190,190_es.jpg,"Dice que el exceso de velocidad es peligroso <sep> De todos modos, acelera sin motivo",HATE,,OTHER
multi3hate_hi_193,193_hi.jpg,क्या किसी पुरुष में कोई भावना थी? <sep> उसे तुच्छ बताने और स्त्रीद्वेषी घोषित करने का समय आ गया है,HATE,,HINDI
multi3hate_de_064,64_de.jpg,"Vater sagt, er solle seine Cousine 3. Grades heiraten <sep> tut es auch",HATE,,OTHER
multi3hate_es_136,136_es.jpg,Asiática vestida de negro <sep> ¿Eres un ninja?,HATE,,OTHER
multi3hate_en_182,182_en.jpg,lets stop sending money to foreigners <sep> and use that money to send every american to yale,HATE,,ENGLISH
multi3hate_es_045,45_es.jpg,No soy hipócrita <sep> soy una mujer,HATE,,OTHER
multi3hate_zh_236,236_zh.jpg,70 中的 85 ？ <sep> 哦，我没看出来你是个金发美女。继续说吧，女士,HATE,,OTHER
multi3hate_hi_053,53_hi.jpg,गर्भपात? एक महिला का मुद्दा? <sep> ट्रांसमेन को भी गर्भपात की जरूरत है!,HATE,,HINDI
multi3hate_de_049,49_de.jpg,Inder sind Asiaten?! <sep> Seit wann?,HATE,,OTHER
multi3hate_de_196,196_de.jpg,"Ich habe gehört, es gibt eine Entführung <sep> bin ich zu spät?",HATE,,OTHER
multi3hate_zh_272,272_zh.jpg,保持冷静 <sep> 并渗透到中国！,HATE,,OTHER
multi3hate_de_230,230_de.jpg,"was gibt es zum Abendessen? Ziege? <sep> warte, wo ist meine Frau???",HATE,,OTHER
multi3hate_de_197,197_de.jpg,Ich kenne die Lage besser als du <sep> „Jetzt beuge dich vor“,HATE,,OTHER
multi3hate_en_266,266_en.jpg,chinese students <sep> they are everywhere,HATE,,ENGLISH
multi3hate_en_002,2_en.jpg,So if i treat women like shit <sep> i will do better with them? Cool!,HATE,,ENGLISH
multi3hate_en_106,106_en.jpg,not getting abused by reddit <sep> feels discriminated against,HATE,,ENGLISH
multi3hate_de_228,228_de.jpg,"Ehtnisches Profiling? <sep> Ich habe selbst Nachforschungen angestellt und festgestellt, dass ich nichts falsch gemacht habe",HATE,,OTHER
multi3hate_es_033,33_es.jpg,¡CALLA OSAMA! <sep> ¡ÉL ES MI HIJO!,HATE,,OTHER
multi3hate_hi_215,215_hi.jpg,खुदरा क्षेत्र में काम पाने में कठिनाई होती है <sep> रिवर्स भेदभाव को दोषी ठहराते हैं,HATE,,HINDI
multi3hate_de_185,185_de.jpg,MANCHESTER CITY <sep> EIN LOKALER CLUB FÜR LOKALE FANS,HATE,,OTHER
multi3hate_es_248,248_es.jpg,Iglesia católica <sep> protegiendo a los sacerdotes pedofilos durante 500 años,HATE,,OTHER
multi3hate_es_251,251_es.jpg,"Que emocionante, acabo de conocer <sep> al futuro esposo de nuestra hija de 12 años",HATE,,OTHER
multi3hate_hi_009,9_hi.jpg,"हमारे सैनिकों का समर्थन करो, मादरचोद! <sep> या हम कर चोरी के लिए तुम्हें जेल में बंद कर देंगे!!!",HATE,,HINDI
multi3hate_en_164,164_en.jpg,women are an oppressed minority <sep> asians are not,HATE,,ENGLISH
multi3hate_hi_041,41_hi.jpg,यह तकनीक <sep> आपको बचाएगी,HATE,,HINDI
multi3hate_es_170,170_es.jpg,Nunca ves <sep> un gato callejero en Chinatown/ Nunca se ve un gato callejero en Chinatown.,HATE,,OTHER
multi3hate_es_298,298_es.jpg,cuando la bomba explota demasiado pronto <sep> ALLAH HIJO DE PERRA,HATE,,OTHER
multi3hate_de_070,70_de.jpg,joggt zum Training... <sep> vom Bett zum Kühlschrank,HATE,,OTHER
multi3hate_hi_050,50_hi.jpg,महिलाओं के लिए समानता!!! <sep> उन अन्य नारीवादियों पर हंसती हैं जो सोचते हैं कि पुरुष भी समान अधिकार के हकदार हैं,HATE,,HINDI
multi3hate_hi_285,285_hi.jpg,बड़ी सरकार से नफरत करता है <sep> विकलांगता भत्ते लेता है,HATE,,HINDI
multi3hate_de_145,145_de.jpg,Hitler <sep> nichts falsch gemacht,HATE,,OTHER
multi3hate_es_214,214_es.jpg,¿Quién está SORPRENDIDO? <sep> ¿por el RACISMO??,HATE,,OTHER
multi3hate_en_017,17_en.jpg,YOU AIN'T GETTIN' NO FRIED CHICKEN <sep> TILL' YOU FINISH ALL  YOUR COOL-AID,HATE,,ENGLISH
multi3hate_es_259,259_es.jpg,"Todos a bordo <sep> próxima parada, el Estadio de los Dodgers.",HATE,,OTHER
multi3hate_de_242,242_de.jpg,"<sep> Es ist nicht unangemessen, wenn ich dich dort berühre",HATE,,OTHER
multi3hate_en_142,142_en.jpg,They Took <sep> our jobs!!!,HATE,,ENGLISH
multi3hate_de_192,192_de.jpg,"Die Geschlechterrollen in der Gesellschaft sind ignorant und falsch! <sep> sagt dir, sei ein Mann und lass dir Eier wachsen.",HATE,,OTHER
multi3hate_de_170,170_de.jpg,Du siehst nie <sep> streunende Katze in Chinatown,HATE,,OTHER
multi3hate_de_146,146_de.jpg,Bekommt eine brillante Idee für eine Fortsetzung <sep> Jemand verliert Schindlers Liste,HATE,,OTHER
multi3hate_es_272,272_es.jpg,MANTEN LA CALMA <sep> ¡Y PENETRA CHINA!,HATE,,OTHER
multi3hate_es_279,279_es.jpg,"Oh, así que eso es lo que <sep> parecen las orejas de una mujer",HATE,,OTHER
multi3hate_en_267,267_en.jpg,If you don't want to be shot by police <sep> Have you tried not attacking them?,HATE,,ENGLISH
multi3hate_de_021,21_de.jpg,Mein Name ist Emmanuel <sep> ich mähe Ihren Rasen $.50,HATE,,OTHER
multi3hate_de_142,142_de.jpg,Sie haben <sep> uns die Jobs weggenommen!!!,HATE,,OTHER
multi3hate_zh_009,9_zh.jpg,支持我们的军队，混蛋！ <sep> 否则我们会因逃税而把你关起来！！！,HATE,,OTHER
multi3hate_en_156,156_en.jpg,ARAB FRIEND <sep> CHRIS,HATE,,ENGLISH
multi3hate_en_270,270_en.jpg,Once you start killing civilians for busted tail lights <sep> You are now a murderer,HATE,,ENGLISH
multi3hate_hi_117,117_hi.jpg,ब्रेनवॉशिंग के कारण ही हमारी सारी समस्याएं उत्पन्न हुई हैं <sep> इसलिए हमें और अधिक ब्रेनवॉशिंग की आवश्यकता है,HATE,,HINDI
multi3hate_hi_109,109_hi.jpg,"यदि आप किसी आदमी से बहस नहीं कर सकते <sep> तो बस ""विशेषाधिकार"" के बारे में चिल्लाएं।",HATE,,HINDI
multi3hate_hi_258,258_hi.jpg,जब पुलिस को पता चला <sep> आप काले हैं,HATE,,HINDI
multi3hate_zh_052,52_zh.jpg,彼此相爱* <sep> （除了同性恋者，他们太恶心了）,HATE,,OTHER
multi3hate_es_230,230_es.jpg,"¿que hay para cenar? ¿cabra? <sep> espera, ¿dónde está mi esposa???",HATE,,OTHER
multi3hate_de_120,120_de.jpg,"Es läuft nicht so, wie wir es uns wünschen <sep> Hilfe! Wir werden verfolgt!!!",HATE,,OTHER
multi3hate_zh_214,214_zh.jpg,谁感到震惊 <sep> 因为种族主义？？,HATE,,OTHER
multi3hate_en_162,162_en.jpg,porn is disgusting and sexist <sep> so the stuff I like isn't porn,HATE,,ENGLISH
multi3hate_zh_215,215_zh.jpg,很难在零售业找到工作 <sep> 归咎于逆向歧视,HATE,,OTHER
multi3hate_es_250,250_es.jpg,"Los nativos sonasi <sep> En nuestro camino a los juegos estatales, guárdanos un lugar.",HATE,,OTHER
multi3hate_hi_004,4_hi.jpg,तो आप उदास महसूस करते थे <sep> क्योंकि आप बहुत मोटे थे?,HATE,,HINDI
multi3hate_en_202,202_en.jpg,these fucking cunts <sep> are so hysterical,HATE,,ENGLISH
multi3hate_de_279,279_de.jpg,"Oh, das ist es also <sep> wie ein Frauen Ohr aussieht",HATE,,OTHER
multi3hate_es_154,154_es.jpg,En ninguna parte de la Biblia se menciona la homosexualidad <sep> Dios no apoya a los gays en lo más mínimo.,HATE,,OTHER
multi3hate_de_116,116_de.jpg,"Der Asiate Jerry fragt, wo man ein Meme erstellen kann <sep> und verwendet es gegen dich ... so ein Arschloch!",HATE,,OTHER
multi3hate_es_037,37_es.jpg,MIRA ESTE SOMBRERO <sep> TIENDA DE SEGUNDA MANO,HATE,,OTHER
multi3hate_de_119,119_de.jpg,"DENKT, DAS JUDENTUM <sep> IST EINE RASSE",HATE,,OTHER
multi3hate_es_238,238_es.jpg,La familia de José <sep> De viaje,HATE,,OTHER
multi3hate_en_170,170_en.jpg,you never see <sep> stray cat in chinatown,HATE,,ENGLISH
multi3hate_hi_118,118_hi.jpg,क्या आप <sep> उस झंडे को खा रहे हैं?,HATE,,HINDI
multi3hate_hi_293,293_hi.jpg,"एथलेटिक छात्रवृत्ति यह, एथलेटिक छात्रवृत्ति वह <sep> यहाँ वास्तव में किसे भुगतान मिल रहा है?",HATE,,HINDI
multi3hate_es_266,266_es.jpg,estudiantes chinos <sep> están por todas partes,HATE,,OTHER
multi3hate_es_139,139_es.jpg,Acosado sexualmente por un grupo de negros <sep> culpa al patriarcado masculino blanco,HATE,,OTHER
multi3hate_hi_030,30_hi.jpg,जेसन को ब्राउनी मिक्स की जरूरत है <sep> स्टीवन ने उसे कभी मैसेज नहीं किया,HATE,,HINDI
multi3hate_es_020,20_es.jpg,MINORÍA <sep> ¡¡NO EN METRO TECH!!,HATE,,OTHER
multi3hate_zh_113,113_zh.jpg,你在奥运会上表现出色 <sep> 但在资金管理上却很糟糕。,HATE,,OTHER
multi3hate_hi_227,227_hi.jpg,नग्न तस्वीरों में कोई शर्म नहीं है <sep> महिलाओं की नग्न तस्वीरें जारी करके उन्हें अपमानित करना बंद करें,HATE,,HINDI
multi3hate_zh_270,270_zh.jpg,一旦你因为汽车尾灯损坏而开始杀害平民 <sep> 你现在就是杀人犯,HATE,,OTHER
multi3hate_zh_075,75_zh.jpg,马达里斯先生忘记带午餐的尴尬时刻 <sep>,HATE,,OTHER
multi3hate_zh_015,15_zh.jpg,常春藤 <sep> 30 年后,HATE,,OTHER
multi3hate_en_250,250_en.jpg,"Natives be like <sep> On our way to the state games,save us a spot.",HATE,,ENGLISH
multi3hate_es_015,15_es.jpg,IVY <sep> 30 AÑOS DESPUÉS,HATE,,OTHER
multi3hate_de_091,91_de.jpg,fickt die Welt zweimal <sep> beschwere sich über Einwanderer,HATE,,OTHER
multi3hate_de_165,165_de.jpg,ich esse Speck <sep> wenn niemand zusieht,HATE,,OTHER
multi3hate_zh_222,222_zh.jpg,你纳税<sep>是给我们纳的,HATE,,OTHER
multi3hate_zh_157,157_zh.jpg,我向一位犹太女孩要了她的电话号码 <sep> 她卷起了袖子,HATE,,OTHER
multi3hate_en_230,230_en.jpg,"whats for dinner? goat? <sep> wait, where's my wife???",HATE,,ENGLISH
multi3hate_zh_260,260_zh.jpg,前往你家，塞萨尔…… <sep> 祝你生日快乐，老兄！！！,HATE,,OTHER
multi3hate_hi_198,198_hi.jpg,कानूनी तौर पर लिंग परिवर्तन नहीं करवाएगा <sep> क्योंकि वह पुरुषों की जेल में नहीं जाना चाहता,HATE,,HINDI
multi3hate_es_113,113_es.jpg,Eres bueno en los Juegos Olímpicos <sep> pero terrible en la administración del dinero.,HATE,,OTHER
multi3hate_es_247,247_es.jpg,Un sacerdote ! <sep> ¡Esconde a los niños!,HATE,,OTHER
multi3hate_zh_183,183_zh.jpg,使用灭蝇喷雾剂驱赶强盗 <sep> 有效控制害虫,HATE,,OTHER
multi3hate_hi_016,16_hi.jpg,"<emp> <sep> बेटा, तुमने वह क्यों नहीं चुराया?",HATE,,HINDI
multi3hate_en_258,258_en.jpg,When the police finds out <sep> You're Black,HATE,,ENGLISH
multi3hate_hi_060,60_hi.jpg,"ओह शिट, पसलियाँ विशेष पर <sep> परहेज़ कल से शुरू होता है दोस्तों",HATE,,HINDI
multi3hate_de_019,19_de.jpg,ICH HABE DIE GRENZE ÜBERSCHRITTEN <sep> DESHALB BIN ICH FROH,HATE,,OTHER
multi3hate_es_021,21_es.jpg,Mi nombre es emmanuel <sep> corto tu césped $.50,HATE,,OTHER
multi3hate_hi_211,211_hi.jpg,शिकायत है कि STEM क्षेत्रों में महिलाओं का प्रतिनिधित्व कम है <sep> महिला अध्ययन में डिग्री प्राप्त की,HATE,,HINDI
multi3hate_zh_134,134_zh.jpg,第七天 <sep> 上帝创造了步枪,HATE,,OTHER
multi3hate_zh_230,230_zh.jpg,晚餐吃什么？山羊？ <sep> 等一下，我的妻子在哪儿？？？,HATE,,OTHER
multi3hate_es_080,80_es.jpg,MAO NUESTRO GRAN HÉROE <sep> MATÓ A 40-70 MILLONES DE SU PROPIA GENTE,HATE,,OTHER
multi3hate_es_289,289_es.jpg,Es racista llamarme follador de cabras <sep> Aunque realmente me folle cabras,HATE,,OTHER
multi3hate_de_081,81_de.jpg,"technischer Support, <sep> hier spricht Karan",HATE,,OTHER
multi3hate_es_107,107_es.jpg,"No siempre golpeo a adolescentes <sep> pero cuando lo hago, mis FAVORITOS son los que se llaman Mike Manol.",HATE,,OTHER
multi3hate_zh_217,217_zh.jpg,宇宙 <sep> 不存在,HATE,,OTHER
multi3hate_de_278,278_de.jpg,du nimmst auf <sep> das solltest du besser nicht auf YouTube stellen,HATE,,OTHER
multi3hate_en_256,256_en.jpg,Aryan <sep> Never celebrated Nowruz,HATE,,ENGLISH
multi3hate_zh_024,24_zh.jpg,米特·罗姆尼 <sep> 是同性恋,HATE,,OTHER
multi3hate_zh_053,53_zh.jpg,堕胎怎么是妇女问题了<sep>变形男人也需要堕胎！,HATE,,OTHER
multi3hate_es_017,17_es.jpg,NO VAS A CONSEGUIR POLLO FRITO <sep> HASTA QUE TERMINES TODO TU COOL-AID,HATE,,OTHER
multi3hate_hi_088,88_hi.jpg,काले रंग की लड़कियाँ <sep> इतनी शोर क्यों मचाती हैं?,HATE,,HINDI
multi3hate_en_102,102_en.jpg,Did manual labor today <sep> Reminded me of you.,HATE,,ENGLISH
multi3hate_hi_240,240_hi.jpg,आइए एक हो जाएं... <sep> एक इसराइल,HATE,,HINDI
multi3hate_zh_258,258_zh.jpg,当警察发现 <sep> 你是黑人,HATE,,OTHER
multi3hate_de_107,107_de.jpg,"ich schlage nicht immer Teenager <sep> aber wenn ich es tue, sind meine FAVORITEN diejenigen, die Mike Manol heißen",HATE,,OTHER
multi3hate_es_058,58_es.jpg,"yeah yeah, feliz Navidad <sep> ahora tráeme mis cosas/shit gratis.",HATE,,OTHER
multi3hate_de_274,274_de.jpg,Liberale <sep> größere Verlierer als CNNs Einschaltquoten,HATE,,OTHER
multi3hate_zh_238,238_zh.jpg,Jose 一家 <sep> 去旅行,HATE,,OTHER
multi3hate_de_104,104_de.jpg,leihe Griechenland eigenes Steuergeld <sep> WERDE IMMER NOCH ALS NAZI BEZEICHNET,HATE,,OTHER
multi3hate_es_013,13_es.jpg,"VE COMENTARIOS EN VIDEO DE YOUTUBE QUE NO SON EN INGLÉS <sep> ¡EN INGLÉS, POR FAVOR!",HATE,,OTHER
multi3hate_zh_265,265_zh.jpg,优秀男性相信女性平等 <sep>,HATE,,OTHER
multi3hate_es_254,254_es.jpg,¿Tengo algo en los dientes? <sep>,HATE,,OTHER
multi3hate_zh_011,11_zh.jpg,对我的承诺 <sep> 被打破了,HATE,,OTHER
multi3hate_zh_213,213_zh.jpg,巴西保持冷静 <sep> 我们将会简短而直截了当,HATE,,OTHER
multi3hate_hi_263,263_hi.jpg,लिंडर-ग्रीन परिवार को चले जाना चाहिए <sep> उत्तर कोरिया/डीपीआरके,HATE,,HINDI
multi3hate_en_019,19_en.jpg,I PASSED THE BORDER <sep> THATS WHY IM HAPPY,HATE,,ENGLISH
multi3hate_zh_262,262_zh.jpg,美国的衰落 <sep> 不费一枪一弹,HATE,,OTHER
multi3hate_es_043,43_es.jpg,tener un nombre de mierda <sep> como un judío,HATE,,OTHER
multi3hate_hi_222,222_hi.jpg,आप करों का भुगतान करते हैं <sep> हमारे कारण,HATE,,HINDI
multi3hate_es_002,2_es.jpg,Piensas que trato a las mujeres mal?  <sep> espera a ver lo que puedo hacer con ellas,HATE,,OTHER
multi3hate_es_083,83_es.jpg,¿Por qué no puedo <sep> usar la palabra n?,HATE,,OTHER
multi3hate_de_211,211_de.jpg,"Beschwert sich, dass Frauen in MINT-Fächern unterrepräsentiert sind <sep> Macht einen Abschluss in Frauenstudien",HATE,,OTHER
multi3hate_en_244,244_en.jpg,I want full equality in physically tough jobs <sep> Women should have easier physical tests,HATE,,ENGLISH
multi3hate_de_144,144_de.jpg,"Sagt, er kann kein Spiel spielen <sep> Asiate",HATE,,OTHER
multi3hate_es_244,244_es.jpg,Quiero plena igualdad en trabajos físicamente duros <sep> Las mujeres deberían tener pruebas físicas más fáciles,HATE,,OTHER
multi3hate_en_157,157_en.jpg,I ASKED A JEWISH GIRL FOR HER NUMBER <sep> SHE ROLLED UP HER SLEEVES,HATE,,ENGLISH
multi3hate_de_277,277_de.jpg,"Obama hat mich angelogen <sep> Sagte, ich könnte wählen, aber jetzt gehe ich ins Gefängnis",HATE,,OTHER
multi3hate_en_057,57_en.jpg,call help desk <sep> can't understand them,HATE,,ENGLISH
multi3hate_en_123,123_en.jpg,BRING ME TO MCDONALDS <sep> BEFORE I BEAT YOU,HATE,,ENGLISH
multi3hate_de_004,4_de.jpg,also du hast dich deprimiert gefühlt <sep> weil du zu dick warst?,HATE,,OTHER
multi3hate_de_129,129_de.jpg,"Wenn du nur hart arbeitest, wirst du Erfolg haben! <sep> arbeitet 70 Stunden pro Woche, lebt in einem Wohnwagen",HATE,,OTHER
multi3hate_de_068,68_de.jpg,"Meine Schwester brauchte 4 Jahre, um die High School abzuschließen <sep> ich werde die Familie nicht wie sie beschämen",HATE,,OTHER
multi3hate_en_218,218_en.jpg,i'm so happy we have kids <sep> to blow up,HATE,,ENGLISH
multi3hate_en_150,150_en.jpg,incredibly sexy <sep> equally annoying,HATE,,ENGLISH
multi3hate_de_053,53_de.jpg,Abtreibung? Ein Frauenthema? <sep> Auch Transmänner brauchen Abtreibungen!,HATE,,OTHER
multi3hate_es_055,55_es.jpg,Soy más mujer que tú <sep> Tuve que luchar para ser mujer,HATE,,OTHER
multi3hate_hi_256,256_hi.jpg,आर्यन <sep> कभी नवरोज़ नहीं मनाया,HATE,,HINDI
multi3hate_es_088,88_es.jpg,¿Por qué las chicas negras <sep> son tan ruidosas?,HATE,,OTHER
multi3hate_hi_130,130_hi.jpg,ग्लोबल वार्मिंग वास्तव में खराब है <sep> केप कॉड पर संपत्ति मूल्यों के लिए,HATE,,HINDI
multi3hate_de_123,123_de.jpg,BRING MICH ZU MCDONALDS <sep> BEVOR ICH DICH SCHLAGE,HATE,,OTHER
multi3hate_en_207,207_en.jpg,So you admit <sep> To wearing women's clothing,HATE,,ENGLISH
multi3hate_es_054,54_es.jpg,El nacimiento del niño Jesús fue una fiesta queer <sep> ¡todos los tipos llevaban vestidos!,HATE,,OTHER
multi3hate_de_260,260_de.jpg,"Auf dem Weg zu dir nach Hause, Cesar.. <sep> ALLES GUTE ZUM GEBURTSTAG, KUMPEL!!!",HATE,,OTHER
multi3hate_hi_230,230_hi.jpg,"रात के खाने में क्या है? बकरी? <sep> रुको, मेरी पत्नी कहाँ है???",HATE,,HINDI
multi3hate_es_104,104_es.jpg,prestarle a Grecia el dinero de sus propios contribuyentes <sep> TODAVÍA ME LLAMAN NAZI,HATE,,OTHER
multi3hate_zh_031,31_zh.jpg,购买昂贵的枪支 <sep> 买不起鞋子,HATE,,OTHER
multi3hate_de_139,139_de.jpg,Sexuell belästigt von einer Gruppe schwarzer Männer <sep> Schuld ist das weiße männliche Patriarchat,HATE,,OTHER
multi3hate_en_289,289_en.jpg,It's racist to call me a goat humper <sep> Even though I hump goats,HATE,,ENGLISH
multi3hate_zh_279,279_zh.jpg,好家伙所以这才是<sep>女人耳朵的样子,HATE,,OTHER
multi3hate_hi_135,135_hi.jpg,एक किलो चिकन पंख. <sep>,HATE,,HINDI
multi3hate_es_246,246_es.jpg,Es detenido dos veces de tomar el control de Europa <sep> ahora controla la Eurozona.,HATE,,OTHER
multi3hate_hi_089,89_hi.jpg,मुझे काले लोगों से नफरत है <sep> इसीलिए मुझे बंदूक वाली नौकरी मिली,HATE,,HINDI
multi3hate_es_202,202_es.jpg,Estos malditos maricones<sep> están tan histéricos.,HATE,,OTHER
multi3hate_en_254,254_en.jpg,Do I got something in my teeth <sep>,HATE,,ENGLISH
multi3hate_es_111,111_es.jpg,trae a tu perro <sep> ¿tenemos pollo?,HATE,,OTHER
multi3hate_es_209,209_es.jpg,este hombre <sep> no tiene espejo,HATE,,OTHER
multi3hate_es_245,245_es.jpg,"Fui violada y quedé embarazada <sep> pero me identifico como hombre, así que está bien... también encantadoramente excéntrico.",HATE,,OTHER
multi3hate_en_279,279_en.jpg,Oh SO That's what <sep> A Woman's Ears Look like,HATE,,ENGLISH
multi3hate_hi_281,281_hi.jpg,ब्रिटिशों से नफरत <sep> लंदन चले जाते है,HATE,,HINDI
multi3hate_de_153,153_de.jpg,Wenn ein Mann vergewaltigt wird <sep> Sein Körper kann das Ding abschalten,HATE,,OTHER
multi3hate_de_037,37_de.jpg,SIEHST DU DIESEN HUT <sep> GEBRAUCHTWARENLADEN,HATE,,OTHER
multi3hate_de_262,262_de.jpg,der Untergang Amerikas <sep> ohne einen Schuss abzufeuern,HATE,,OTHER
multi3hate_en_237,237_en.jpg,Join the police force! <sep> Kill unarmed kids and get paid vacations!,HATE,,ENGLISH
multi3hate_es_028,28_es.jpg,ANTIGUA FOTO DE JAY-Z <sep> <emp>,HATE,,OTHER
multi3hate_en_107,107_en.jpg,i dont always beat teenagers <sep> but when i do my FAVORITEs are ones named mike manol,HATE,,ENGLISH
multi3hate_de_031,31_de.jpg,kauft teure Waffen <sep> kann sich keine Schuhe leisten,HATE,,OTHER
multi3hate_es_130,130_es.jpg,El calentamiento global es realmente malo <sep> para el valor de las propiedades en Cape Cod,HATE,,OTHER
multi3hate_en_158,158_en.jpg,LET US IN THEY SAID <sep> WE'LL BE NICE THEY SAID,HATE,,ENGLISH
multi3hate_hi_091,91_hi.jpg,दुनिया को दो बार चोदा <sep> आप्रवासियों के बारे में शिकायत करता,HATE,,HINDI
multi3hate_hi_206,206_hi.jpg,मैं रूस के बारे में ज़्यादा नहीं जानता <sep> क्योंकि मैं स्पेनिश नहीं बोलता,HATE,,HINDI
multi3hate_zh_141,141_zh.jpg,想要捍卫“白人传统” <sep> 住在纽约，吃麦当劳,HATE,,OTHER
multi3hate_de_193,193_de.jpg,"Ein Mann hatte irgendwelche Emotionen? <sep> Zeit, sie herabzuwürdigen und als frauenfeindlich zu erklären",HATE,,OTHER
multi3hate_zh_227,227_zh.jpg,裸照并不可耻 <sep> 不要再发布裸照来羞辱女性,HATE,,OTHER
multi3hate_hi_178,178_hi.jpg,तुम्हारी हिम्मत कैसे हुई... <sep> कृष्ण का मजाक नहीं उड़ाया जाना चाहिए,HATE,,HINDI
multi3hate_de_113,113_de.jpg,Du bist gut bei den Olympischen Spielen <sep> aber schrecklich im Geldmanagement.,HATE,,OTHER
multi3hate_en_055,55_en.jpg,i'm more of a woman than you <sep> i had to fight to be a woman,HATE,,ENGLISH
multi3hate_en_121,121_en.jpg,don't worry <sep> i can be nathan too,HATE,,ENGLISH
multi3hate_en_148,148_en.jpg,have you ever been <sep> with a jew?,HATE,,ENGLISH
multi3hate_es_242,242_es.jpg,<sep> no es inapropiado cuando te toco ahí,HATE,,OTHER
multi3hate_en_283,283_en.jpg,When your husband would rather <sep> fuck his goat right in the pussy instead of you,HATE,,ENGLISH
multi3hate_en_275,275_en.jpg,Show your hate for healthy sex <sep> Become a priest today!,HATE,,ENGLISH
multi3hate_zh_016,16_zh.jpg,<emp> <sep> 儿子，你为什么不偷那个？,HATE,,OTHER
multi3hate_es_285,285_es.jpg,odia al gran gobierno <sep> cobra beneficios por discapacidad,HATE,,OTHER
multi3hate_en_109,109_en.jpg,"If you can't outargue a Man <sep> Just scream about ""Privilege.""",HATE,,ENGLISH
multi3hate_en_234,234_en.jpg,simmons <sep> is a good brother to us and loyal to our agendas,HATE,,ENGLISH
multi3hate_de_266,266_de.jpg,chinesische Studenten <sep> sie sind überall,HATE,,OTHER
multi3hate_es_169,169_es.jpg,los musulmanes son malos <sep> porque la biblia es buena,HATE,,OTHER
multi3hate_zh_144,144_zh.jpg,说他不能玩游戏 <sep> 亚洲人,HATE,,OTHER
multi3hate_es_142,142_es.jpg,¡¡¡Nos quitaron  <sep>  nuestro trabajo!!!,HATE,,OTHER
multi3hate_hi_003,3_hi.jpg,तो आप मुझे बता रहे हैं <sep> मैकबेथ वास्तव में तीन चुड़ैलों पर भरोसा करता था।,HATE,,HINDI
multi3hate_de_072,72_de.jpg,studiert Strafrecht <sep> die Polizeiakademie bringt ihm alles bei,HATE,,OTHER
multi3hate_zh_121,121_zh.jpg,别担心 <sep> 我也可以成为 nathan,HATE,,OTHER
multi3hate_en_045,45_en.jpg,I'm not a hypocrite <sep> i'm a woman,HATE,,ENGLISH
multi3hate_en_299,299_en.jpg,When your emperor <sep> Burns all the books at school,HATE,,ENGLISH
multi3hate_zh_182,182_zh.jpg,让我们停止向外国人提供资金 <sep> 并用这些钱把每个美国人送进耶鲁大学,HATE,,OTHER
multi3hate_de_175,175_de.jpg,"Bekommt monatlich Lebensmittelmarken vom Staat, <sep> gibt sie für Steaks aus, die 10,99 Dollar pro Pfund kosten",HATE,,OTHER
multi3hate_zh_062,62_zh.jpg,阿道夫·希特勒 <sep> 是奥地利人,HATE,,OTHER
multi3hate_de_245,245_de.jpg,"Ich wurde vergewaltigt und schwanger <sep> aber ich identifiziere mich als männlich, also ist es in Ordnung ... auch charmant exzentrisch",HATE,,OTHER
multi3hate_es_162,162_es.jpg,El porno es repugnante y sexista <sep> así que lo que me gusta no es porno,HATE,,OTHER
multi3hate_hi_033,33_hi.jpg,चुप रहो ओसामा! <sep> वह मेरा बेटा है!,HATE,,HINDI
multi3hate_es_231,231_es.jpg,mujeres <sep> ¡¿por qué no dejas de intentar conducir?!,HATE,,OTHER
multi3hate_hi_127,127_hi.jpg,2 विश्व युद्ध हारे <sep> अभी भी सोचते हैं कि वे सर्वश्रेष्ठ हैं,HATE,,HINDI
multi3hate_en_262,262_en.jpg,the down fall of america <sep> without firing a shot,HATE,,ENGLISH
multi3hate_hi_002,2_hi.jpg,तो अगर मैं महिलाओं के साथ गन्दा व्यवहार करूँगा  <sep> तो मैं उनके साथ बेहतर करूँगा? बढ़िया!,HATE,,HINDI
multi3hate_hi_134,134_hi.jpg,सातवें दिन <sep> परमेश्वर ने राइफल बनाई,HATE,,HINDI
multi3hate_de_207,207_de.jpg,Du gibst also zu <sep> Frauenkleidung zu tragen,HATE,,OTHER
multi3hate_es_018,18_es.jpg,Vengo a <sep> cuidar tu jardín,HATE,,OTHER
multi3hate_zh_103,103_zh.jpg,哟洛？ <sep> 从来没有听说过,HATE,,OTHER
multi3hate_de_281,281_de.jpg,hasst Briten <sep> zieht nach London,HATE,,OTHER
multi3hate_en_223,223_en.jpg,Complain about the system <sep> Doesn't cooperate in order to receive benefits,HATE,,ENGLISH
multi3hate_es_016,16_es.jpg,"<emp> <sep> HIJO, ¿POR QUÉ NO ROBASTE ESO?",HATE,,OTHER
multi3hate_es_116,116_es.jpg,Jerry asiático pregunta dónde vas a crear un meme <sep> lo usa en tu contra... ¡qué idiota!,HATE,,OTHER
multi3hate_hi_145,145_hi.jpg,हिटलर <sep> कुछ भी ग़लत नहीं किया,HATE,,HINDI
multi3hate_zh_012,12_zh.jpg,陷入债务 <sep> 开始传播自由,HATE,,OTHER
multi3hate_de_017,17_de.jpg,DU BEKOMMST KEIN FRITTIERTES HÄHNCHEN <sep> BIS DU MIT DEINEM SAFT FERTIG BIST,HATE,,OTHER
multi3hate_zh_242,242_zh.jpg,<sep> 我摸你那儿并不不合适,HATE,,OTHER
multi3hate_hi_237,237_hi.jpg,पुलिस बल में शामिल हो जाओ! <sep> निहत्थे बच्चों को मार डालो और वेतन सहित छुट्टियाँ पाओ!,HATE,,HINDI
multi3hate_de_236,236_de.jpg,"85 in einer 70 Zone? <sep> Oh, ich habe nicht gesehen, dass Sie eine wunderschöne Blondine sind. Machen Sie weiter, gnädige Frau",HATE,,OTHER
multi3hate_de_187,187_de.jpg,5 Ziegen und 2 Kühe.. <sep> Ich habe viele Söhne.,HATE,,OTHER
multi3hate_de_234,234_de.jpg,Simmons <sep> ist ein guter Bruder für uns und treu zu unseren Agenden,HATE,,OTHER
multi3hate_hi_250,250_hi.jpg,"मूल निवासी मानते <sep> राज्य खेलों के लिए हम रस्ते में है, हमारे लिए एक जगह बचाओ।",HATE,,HINDI
multi3hate_en_226,226_en.jpg,Reeks of curry <sep>,HATE,,ENGLISH
multi3hate_es_141,141_es.jpg,"quiere defender la ""tradición blanca"" <sep> vive en Nueva York y come en mcdonalds",HATE,,OTHER
multi3hate_en_238,238_en.jpg,Jose's family <sep> Going on a trip,HATE,,ENGLISH
multi3hate_en_277,277_en.jpg,"Obama lied to me <sep> Said I could vote, but now I go to jail",HATE,,ENGLISH
multi3hate_zh_274,274_zh.jpg,自由派 <sep> 比 CNN 的电视收视率损失更大,HATE,,OTHER
multi3hate_de_285,285_de.jpg,hasst den Staat <sep> bezieht Invalidenrente,HATE,,OTHER
multi3hate_de_121,121_de.jpg,mach dir keine Sorgen <sep> ich kann auch Nathan sein,HATE,,OTHER
multi3hate_hi_141,141_hi.jpg,"""श्वेत परंपरा"" का बचाव करना चाहता है <sep> न्यूयॉर्क में रहता है और मैकडॉनल्ड्स में खाता है",HATE,,HINDI
multi3hate_hi_219,219_hi.jpg,इंटरनेट पर गुस्सा करें! <sep> यह वास्तविक जीवन में चीजें बदल देगा!,HATE,,HINDI
multi3hate_zh_099,99_zh.jpg,我尊重你的观点 <sep> “想加入我的青年团体吗？”,HATE,,OTHER
multi3hate_zh_193,193_zh.jpg,男人有某种情绪？ <sep> 是时候贬低它并称其为厌恶女性了,HATE,,OTHER
multi3hate_zh_178,178_zh.jpg,你怎么敢... <sep> 克里希纳不容嘲笑,HATE,,OTHER
multi3hate_hi_220,220_hi.jpg,जब क्रॉस्बी को गोली मार दी जाती है और आपको आमंत्रित भी नहीं किया जाता <sep>,HATE,,HINDI
multi3hate_es_118,118_es.jpg,¿Te vas a comer <sep> esa bandera?,HATE,,OTHER
multi3hate_es_097,97_es.jpg,No hay nada malo con mi apariencia <sep> Es la sociedad actual la que está mal,HATE,,OTHER
multi3hate_zh_038,38_zh.jpg,给你妈妈打电话 <sep> 这样她就可以抱怨你很少打电话,HATE,,OTHER
multi3hate_es_199,199_es.jpg,Alalalalalalallaah <sep> Ese es el sonido después de las nueces de Masoud en el dulce culo del sultán,HATE,,OTHER
multi3hate_de_210,210_de.jpg,"Gefällt dir nicht, was du siehst? <sep> Bück dich nicht vor mir",HATE,,OTHER
multi3hate_hi_075,75_hi.jpg,वह अजीब क्षण जब मिस्टर मदारिस अपना लंच घर पर भूल गए <sep>,HATE,,HINDI
multi3hate_hi_242,242_hi.jpg,<sep> जब मैं तुम्हें वहां छूता हूं तो यह अनुचित नहीं है,HATE,,HINDI
multi3hate_hi_249,249_hi.jpg,ट्रांसमिसोजिनिस्ट? <sep> लेकिन मैं हर समय ट्रांस महिलाओं को चोदता हूँ!,HATE,,HINDI
multi3hate_hi_113,113_hi.jpg,आप ओलंपिक में अच्छे हैं <sep> लेकिन धन प्रबंधन में बहुत खराब हैं।,HATE,,HINDI
multi3hate_es_070,70_es.jpg,Corre para hacer ejercicio... <sep> de su cama al frigorífico.,HATE,,OTHER
multi3hate_de_046,46_de.jpg,Gott ist allmächtig <sep> Aber ich werde die Frau selbst schlagen,HATE,,OTHER
multi3hate_hi_162,162_hi.jpg,"पोर्न घृणित और लैंगिकवादी है <sep> इसलिए जो चीजें मुझे पसंद हैं, वे पोर्न नहीं हैं",HATE,,HINDI
multi3hate_de_016,16_de.jpg,"<emp> <sep> SOHN, WARUM HAST DU DAS NICHT GESTOHLEN?",HATE,,OTHER
multi3hate_en_136,136_en.jpg,Asian dressed in black <sep> Are you a ninja?,HATE,,ENGLISH
multi3hate_de_255,255_de.jpg,Fahrgemeinschaft nach Vegas <sep> Zu Jaimes Geburtstag,HATE,,OTHER
multi3hate_hi_225,225_hi.jpg,जब मिस्टर ग्रीन बोलते हैं... <sep> इसका क्या मतलब है?!,HATE,,HINDI
multi3hate_es_012,12_es.jpg,Se endeuda <sep> Comienza a difundir la libertad,HATE,,OTHER
multi3hate_zh_049,49_zh.jpg,印度人是亚洲人？！ <sep> 从何时起？,HATE,,OTHER
multi3hate_de_131,131_de.jpg,Kinder von Minderheiten haben ein Recht auf Aufnahme <sep> in die besten Berufsschulen,HATE,,OTHER
multi3hate_zh_048,48_zh.jpg,希望一切都平等 <sep> 除了征兵的时候,HATE,,OTHER
multi3hate_zh_034,34_zh.jpg,1 磅鱼 <sep> 非常非常便宜,HATE,,OTHER
multi3hate_de_079,79_de.jpg,"KOMMUNISMUS <sep> UNFÄHIG, TRÄUME ZU VERWIRKLICHEN - IN DER FALSCHEN FAMILIE GEBOREN ZU WERDEN",HATE,,OTHER
multi3hate_es_197,197_es.jpg,"Cnozco la ley mejor que tú. <sep> ""ahora inclínate"".",HATE,,OTHER
multi3hate_hi_040,40_hi.jpg,"मेरे पास दूसरी लाइन पर आपका ग्राहक है... <sep> धैर्य रखने के लिए धन्यवाद, श्रीमान डर्प",HATE,,HINDI
multi3hate_zh_187,187_zh.jpg,5 只山羊和 2 头牛...... <sep> 我有很多儿子。,HATE,,OTHER
multi3hate_hi_086,86_hi.jpg,बेजोड़ मीम्स को झेलना पड़ता है <sep> उसकी लैंगिक पहचान का उपहास करना,HATE,,HINDI
multi3hate_hi_272,272_hi.jpg,शांत रहें <sep> और चीन में घुसपैठ करें!,HATE,,HINDI
multi3hate_es_046,46_es.jpg,Dios es todopoderoso <sep> pero yo me encargaré de la esposa yo mismo.,HATE,,OTHER
multi3hate_de_298,298_de.jpg,wenn die Bombe zu früh hochgeht <sep> ALLAH DU FOTZE,HATE,,OTHER
multi3hate_zh_064,64_zh.jpg,父亲说要娶他的三堂妹<sep>言出必行,HATE,,OTHER
multi3hate_en_069,69_en.jpg,EXpected by group members to do majority of work <sep> doesn't do anything,HATE,,ENGLISH
multi3hate_en_081,81_en.jpg,"technical support, <sep> this is karan speaking",HATE,,ENGLISH
multi3hate_es_009,9_es.jpg,"¡Apoya a nuestras tropas, hijo de puta! <sep> ¡O te meteremos en la cárcel por evasión de impuestos!",HATE,,OTHER
multi3hate_es_049,49_es.jpg,¿Los indios son asiáticos? <sep> ¿Desde cuando?,HATE,,OTHER
multi3hate_en_203,203_en.jpg,africa for the africans asia for the asians <sep> white countries for everyone !,HATE,,ENGLISH
multi3hate_es_249,249_es.jpg,transmisógino? <sep> ¡pero me follo a mujeres trans todo el tiempo!,HATE,,OTHER
multi3hate_zh_248,248_zh.jpg,天主教会 <sep> 保护恋童癖牧师 500 年,HATE,,OTHER
multi3hate_hi_205,205_hi.jpg,पुलिस... <sep> केवल अपने ही चुटकुलों पर हंसती है,HATE,,HINDI
multi3hate_zh_091,91_zh.jpg,两次搞砸了世界 <sep> 抱怨移民,HATE,,OTHER
multi3hate_hi_150,150_hi.jpg,अविश्वसनीय रूप से कामुक <sep> उतना ही कष्टप्रद,HATE,,HINDI
multi3hate_zh_129,129_zh.jpg,只要你努力工作，你就会成功！ <sep> 每周工作 70 小时，住在拖车里,HATE,,OTHER
multi3hate_zh_079,79_zh.jpg,共产主义 <sep> 无法实现梦想 - 生错了家庭,HATE,,OTHER
multi3hate_hi_268,268_hi.jpg,और आपके सहकर्मी <sep> इससे प्यार करते है,HATE,,HINDI
multi3hate_zh_050,50_zh.jpg,妇女平等！！！ <sep> 嘲笑其他认为男人也应该得到同样待遇的女权主义者,HATE,,OTHER
multi3hate_zh_100,100_zh.jpg,为什么我有... <sep> 小鸡鸡,HATE,,OTHER
multi3hate_zh_063,63_zh.jpg,哦不，我需要支付医院费用 <sep> 笑话，加拿大有免费的全民医疗保健！,HATE,,OTHER
multi3hate_zh_275,275_zh.jpg,表达你对健康性行为的厌恶 <sep> 今天就成为一名牧师！,HATE,,OTHER
multi3hate_zh_147,147_zh.jpg,特别感谢 futch 先生 <sep> 为 dragqueen eutopia 提供资金,HATE,,OTHER
multi3hate_zh_151,151_zh.jpg,称你为恋童癖者 <sep> 在网上贩卖儿童色情内容,HATE,,OTHER
multi3hate_de_214,214_de.jpg,wer ist SCHOCKIERT <sep> vom RASSISMUS ??,HATE,,OTHER
multi3hate_de_270,270_de.jpg,"Sobald Sie anfangen, Zivilisten wegen kaputter Rücklichter zu töten <sep> Sie sind ein Mörder jetzt",HATE,,OTHER
multi3hate_hi_128,128_hi.jpg,"ऐसी भाषा बोलो जो गाली देने के लिए अच्छी मानी जाती है <sep> हर कोई ""fuck"" बोलता है",HATE,,HINDI
multi3hate_de_065,65_de.jpg,Verfügt über einen Umkleideraum <sep> braucht keinen Schlüssel zum Öffnen,HATE,,OTHER
multi3hate_hi_095,95_hi.jpg,फ्रांस और इंग्लैंड को आपसे नाराज कैसे करें <sep> दो आसान चरणों में,HATE,,HINDI
multi3hate_hi_218,218_hi.jpg,मैं बहुत खुश हूँ कि हमारे पास बच्चे हैं <sep> उड़ाने के लिए,HATE,,HINDI
multi3hate_hi_232,232_hi.jpg,अख्मेद एल कोडूर <sep> इस चित्र को स्वीकृत करते हैं,HATE,,HINDI
multi3hate_hi_245,245_hi.jpg,मेरा बलात्कार हुआ और मैं गर्भवती हो गई <sep> लेकिन मैं खुद को पुरुष मानती हूं इसलिए यह ठीक है... साथ ही आकर्षक रूप से विलक्षण भी हूं,HATE,,HINDI
multi3hate_en_197,197_en.jpg,"I know the lay better then you <sep> ""now bend over""",HATE,,ENGLISH
multi3hate_hi_274,274_hi.jpg,उदारवादी <sep> सीएनएन की टीवी रेटिंग से भी बड़े हारे हुए,HATE,,HINDI
multi3hate_en_187,187_en.jpg,5 goats and 2 cows.. <sep> I have many sons.,HATE,,ENGLISH
multi3hate_zh_021,21_zh.jpg,我的名字是 Emmanuel <sep> 我帮你修剪草坪 $.50,HATE,,OTHER
multi3hate_hi_207,207_hi.jpg,तो आप मानते हैं <sep> महिलाओं के कपड़े पहनने के लिए,HATE,,HINDI
multi3hate_en_231,231_en.jpg,women <sep> why do you not stop trying to drive?!,HATE,,ENGLISH
multi3hate_hi_078,78_hi.jpg,क्या जिंदगी ने आपको निराश कर दिया है? <sep> क्या अपनी मां को फोन करने से आपकी मृत्यु हो जाएगी?,HATE,,HINDI
multi3hate_es_050,50_es.jpg,Igualdad para las mujeres!!! <sep> se ríe de otras feministas que piensan que los hombres merecen lo mismo,HATE,,OTHER
multi3hate_en_186,186_en.jpg,I had a friend that got almost raped <sep> your argument is invalid,HATE,,ENGLISH
multi3hate_hi_279,279_hi.jpg,ओह तो यह है <sep> एक महिला के कान ऐसे दिखते हैं,HATE,,HINDI
multi3hate_es_281,281_es.jpg,odio a los británicos <sep> se muda a londres,HATE,,OTHER
multi3hate_zh_231,231_zh.jpg,女人 <sep> 为什么你不停止尝试开车？！,HATE,,OTHER
multi3hate_es_187,187_es.jpg,5 cabras y 2 vacas.. <sep> Tengo muchos hijos.,HATE,,OTHER
multi3hate_hi_147,147_hi.jpg,श्री फच को विशेष धन्यवाद <sep> ड्रैगक्वीन के स्वप्नलोक के वित्तपोषण के लिए,HATE,,HINDI
multi3hate_es_123,123_es.jpg,Llévame a McDonald's <sep> ANTES DE QUE TE PEGUE.,HATE,,OTHER
multi3hate_zh_018,18_zh.jpg,我来 <sep> 照料你的花园,HATE,,OTHER
multi3hate_zh_196,196_zh.jpg,我听说发生了劫机事件 <sep> 我来晚了吗？,HATE,,OTHER
multi3hate_es_096,96_es.jpg,"¡odio a los hombres! <sep> DIOS, NECESITO LA POLLA DE UN CHICO AHORA MISMO...",HATE,,OTHER
multi3hate_zh_136,136_zh.jpg,身着黑衣的亚洲人 <sep> 你是忍者吗？,HATE,,OTHER
multi3hate_hi_235,235_hi.jpg,सबसे बड़ा सड़क गिरोह <sep> अमेरिका में,HATE,,HINDI
multi3hate_zh_004,4_zh.jpg,所以你感到沮丧 <sep> 因为你太胖了？,HATE,,OTHER
multi3hate_zh_107,107_zh.jpg,我并不总是打败青少年 <sep> 但当我打败他们时，我最喜欢的是那些叫迈克·马诺尔的人,HATE,,OTHER
multi3hate_en_248,248_en.jpg,Catholic church <sep> protecting pedo priests for 500 years,HATE,,ENGLISH
multi3hate_hi_238,238_hi.jpg,जोस का परिवार <sep> यात्रा पर जा रहा है,HATE,,HINDI
multi3hate_es_145,145_es.jpg,hitler <sep> no hizo nada malo,HATE,,OTHER
multi3hate_hi_253,253_hi.jpg,हमें सीमा पार जाना होगा <sep> 2016 के चुनाव के समय,HATE,,HINDI
multi3hate_hi_275,275_hi.jpg,स्वस्थ सेक्स के प्रति अपनी नफरत दिखाएं <sep> आज ही पुजारी बनें!,HATE,,HINDI
multi3hate_es_215,215_es.jpg,tiene dificultades para encontrar trabajo en el comercio minorista <sep> culpa a la discriminación inversa,HATE,,OTHER
multi3hate_en_199,199_en.jpg,Alalalalalalallaah <sep> Thats the sound after masoud nuts in sultans sweet ass,HATE,,ENGLISH
multi3hate_en_152,152_en.jpg,but i said alvin is like my brother <sep> you must accept me,HATE,,ENGLISH
multi3hate_es_051,51_es.jpg,"Me dieron un puñetazo en la cara en un bar mitzvah <sep> MI PRIMO, EN SU BAR Mitzvah",HATE,,OTHER
multi3hate_de_148,148_de.jpg,warst du schon mal <sep> mit einem Juden zusammen?,HATE,,OTHER
multi3hate_de_048,48_de.jpg,will alles gleich <sep> Außer wenn die Wehrpflicht kommt,HATE,,OTHER
multi3hate_zh_257,257_zh.jpg,<sep> 不怕龙卷风,HATE,,OTHER
multi3hate_de_024,24_de.jpg,MITT ROMNEY <sep> IST SCHWUL,HATE,,OTHER
multi3hate_es_079,79_es.jpg,COMUNISMO <sep> IMPOSIBLE ALCANZAR LOS SUEÑOS - NACIR EN LA FAMILIA EQUIVOCADA,HATE,,OTHER
multi3hate_hi_022,22_hi.jpg,लड़कियाँ सोचती हैं कि मैं कामुक हूँ <sep> <emp>,HATE,,HINDI
multi3hate_en_143,143_en.jpg,MADE IT THROUGH THE ANGLESEY BORDER <sep> NOT BAD,HATE,,ENGLISH
multi3hate_de_292,292_de.jpg,Ich bin der König von China <sep> Erfinder der Vagina,HATE,,OTHER
multi3hate_zh_044,44_zh.jpg,这个背景 <sep> 是性别歧视,HATE,,OTHER
multi3hate_de_096,96_de.jpg,"ich hasse Männer! <sep> GOTT, ICH BRAUCHE JETZT SOFORT DEN SCHWANZ EINES TYPEN ...",HATE,,OTHER
multi3hate_en_048,48_en.jpg,wants Everything Equal <sep> Except for when the military draft comes,HATE,,ENGLISH
multi3hate_de_042,42_de.jpg,hör auf! <sep> mein Bart kitzelt!,HATE,,OTHER
multi3hate_de_141,141_de.jpg,"will die ""weiße Tradition"" verteidigen <sep> lebt in NY und isst bei McDonalds",HATE,,OTHER
multi3hate_en_052,52_en.jpg,"Love one another* <sep> (Except faggots, they are gross)",HATE,,ENGLISH
multi3hate_es_198,198_es.jpg,No cambiará legalmente su género <sep> porque no quiere ir a una prisión de hombres.,HATE,,OTHER
multi3hate_zh_155,155_zh.jpg,惊喜！ <sep> 周一到周五是杰夫，周末是乔治亚,HATE,,OTHER
multi3hate_hi_176,176_hi.jpg,साक्षात्कारकर्ता का हाथ मिलाना कमजोर है <sep> समझ नहीं आ रहा कि क्या करें,HATE,,HINDI
multi3hate_hi_037,37_hi.jpg,यह टोपी देखें <sep> बचत की दुकान,HATE,,HINDI
multi3hate_zh_299,299_zh.jpg,当你的皇帝 <sep> 烧毁学校里所有的书,HATE,,OTHER
multi3hate_hi_123,123_hi.jpg,मुझे McDonald's ले आओ <sep> इससे पहले कि मैं तुम्हें मारूँ।,HATE,,HINDI
multi3hate_en_037,37_en.jpg,SEE THIS HAT <sep> THRIFT STORE,HATE,,ENGLISH
multi3hate_zh_278,278_zh.jpg,你正在录制 <sep> 你最好不要把这个放到 youtube 上,HATE,,OTHER
multi3hate_hi_149,149_hi.jpg,चर्च के सदस्यों द्वारा छेड़छाड़ की जाती है <sep> फिर भी चर्च जाना पसंद करती है,HATE,,HINDI
multi3hate_de_161,161_de.jpg,TOMMY. <sep> AN SAMSTAGEN,HATE,,OTHER
multi3hate_es_001,1_es.jpg,"Hmmm... <sep> ¿Pollo frito, dices?",HATE,,OTHER
multi3hate_zh_266,266_zh.jpg,中国学生 <sep> 他们无处不在,HATE,,OTHER
multi3hate_de_194,194_de.jpg,TRANSFRAUEN <sep> SIND IN DEN MEDIEN MEHR DARGESTELLT ALS ICH,HATE,,OTHER
multi3hate_de_195,195_de.jpg,Wenn ich groß bin <sep> möchte ich eine Dragqueen sein,HATE,,OTHER
multi3hate_es_258,258_es.jpg,Cuando la policía descubre <sep> que eres negro,HATE,,OTHER
multi3hate_es_078,78_es.jpg,¿La vida te deprime? <sep> ¿Te mataría llamar a tu madre?,HATE,,OTHER
multi3hate_hi_185,185_hi.jpg,मैनचेस्टर सिटी <sep> स्थानीय प्रशंसकों के लिए एक स्थानीय क्लब,HATE,,HINDI
multi3hate_de_198,198_de.jpg,Will sein Geschlecht nicht ändern lassen <sep> weil er nicht in ein Männergefängnis will,HATE,,OTHER
multi3hate_de_215,215_de.jpg,"hat Schwierigkeiten, im Einzelhandel Arbeit zu finden <sep> gibt umgekehrter Diskriminierung die Schuld",HATE,,OTHER
multi3hate_zh_030,30_zh.jpg,杰森需要一些布朗尼混合物 <sep> 史蒂文从来没有给他发过短信,HATE,,OTHER
multi3hate_hi_024,24_hi.jpg,मिट रोमनी <sep> समलैंगिक है,HATE,,HINDI
multi3hate_zh_131,131_zh.jpg,少数民族儿童值得被录取 <sep> 进入最好的职业学校,HATE,,OTHER
multi3hate_zh_149,149_zh.jpg,被教会成员骚扰 <sep> 仍然喜欢去教堂,HATE,,OTHER
multi3hate_hi_069,69_hi.jpg,समूह के सदस्यों द्वारा अधिकांश कार्य करने की अपेक्षा की जाती है <sep> कुछ भी नहीं करता,HATE,,HINDI
multi3hate_es_175,175_es.jpg,"Recibe cupones de alimentos mensuales del estado, <sep> los gasta en filetes de $10,99 la libra",HATE,,OTHER
multi3hate_es_119,119_es.jpg,PIENSA QUE EL JUDAÍSMO <sep> ES UNA RAZA.,HATE,,OTHER
multi3hate_es_064,64_es.jpg,El padre dice que se case con su tercer primo <sep> y lo hace en realidad.,HATE,,OTHER
multi3hate_zh_199,199_zh.jpg,Alalalalalalallaah <sep> 这是马苏德在苏丹甜屁股里射精后发出的声音,HATE,,OTHER
multi3hate_de_237,237_de.jpg,Treten Sie der Polizei bei! <sep> Töten Sie unbewaffnete Kinder und bekommen Sie bezahlten Urlaub!,HATE,,OTHER
multi3hate_es_156,156_es.jpg,AMIGO ÁRABE <sep> CHRIS,HATE,,OTHER
multi3hate_zh_119,119_zh.jpg,犹太教思想 <sep> 是一场竞赛,HATE,,OTHER
multi3hate_hi_043,43_hi.jpg,एक घटिया नाम है <sep> यहूदी जैसा,HATE,,HINDI
multi3hate_en_043,43_en.jpg,have a shitty name <sep> like a jew,HATE,,ENGLISH
multi3hate_de_083,83_de.jpg,warum darf ich <sep> das N-Wort nicht benutzen?,HATE,,OTHER
multi3hate_zh_058,58_zh.jpg,好好好圣诞快乐<sep>现在可以把赠品给我了吧,HATE,,OTHER
multi3hate_hi_093,93_hi.jpg,लेकिन जेनिफर लॉरेंस <sep> इतनी महान कैटनीस थी!,HATE,,HINDI
multi3hate_de_047,47_de.jpg,"Hören auf, den Toilettensitz hochgeklappt zu lassen <sep> Frauen benutzen ihn heruntergeklappt, also müssen du ihn herunterklappen",HATE,,OTHER
multi3hate_hi_164,164_hi.jpg,महिलाएं उत्पीड़ित अल्पसंख्यक हैं <sep> एशियाई नहीं हैं,HATE,,HINDI
multi3hate_en_024,24_en.jpg,MITT ROMNEY <sep> IS GAY,HATE,,ENGLISH
multi3hate_en_097,97_en.jpg,There's nothing wrong with the way i look <sep> It's todays society that's wrong,HATE,,ENGLISH
multi3hate_es_218,218_es.jpg,Estoy tan feliz de que tengamos hijos <sep> para explotar,HATE,,OTHER
multi3hate_zh_251,251_zh.jpg,太好了我刚刚遇见了<sep>咱们12岁女儿的未来夫婿,HATE,,OTHER
multi3hate_es_101,101_es.jpg,Digo que soy bueno en balonmano <sep> Pero cuando hice la prueba para el equipo no lo logré,HATE,,OTHER
multi3hate_en_246,246_en.jpg,Is stopped twice from taking over Europe <sep> now controls the Euro-Zone,HATE,,ENGLISH
multi3hate_hi_098,98_hi.jpg,अब उसने तुम्हें कहाँ छुआ <sep> ध्यान से सोचो यह तुम्हारी कही हुई आखिरी बात हो सकती है,HATE,,HINDI
multi3hate_en_149,149_en.jpg,gets molested by church members <sep> still loves to go to church,HATE,,ENGLISH
multi3hate_zh_146,146_zh.jpg,为续集想出了绝妙的主意 <sep> 有人弄丢了辛德勒的名单,HATE,,OTHER
multi3hate_hi_105,105_hi.jpg,"नहीं, मैं रसोई में नहीं जा रही हूँ <sep> क्या आप मेरे लिए यह जार खोलने में मदद कर सकते हैं?",HATE,,HINDI
multi3hate_hi_203,203_hi.jpg,"अफ्रीका अफ्रीकियों के लिए, एशिया एशियाई लोगों के लिए <sep> श्वेत देश सबके लिए!",HATE,,HINDI
multi3hate_zh_170,170_zh.jpg,你永远不会看到 <sep> 唐人街的流浪猫,HATE,,OTHER
multi3hate_es_157,157_es.jpg,le pedí a una chica judía su número <sep> se subió las mangas,HATE,,OTHER
multi3hate_zh_142,142_zh.jpg,他们拿走了 <sep> 我们的工作!!!,HATE,,OTHER
multi3hate_hi_046,46_hi.jpg,भगवान सर्वशक्तिमान है <sep> लेकिन मैं खुद पत्नी को पीटूंगा,HATE,,HINDI
multi3hate_zh_095,95_zh.jpg,如何让法国和英国对你生气 <sep> 只需两个简单步骤,HATE,,OTHER
multi3hate_es_253,253_es.jpg,tenemos que cruzar la frontera <sep> a tiempo para las elecciones de 2016,HATE,,OTHER
multi3hate_hi_264,264_hi.jpg,सुज़ैन लैंग <sep> संभवतः जर्मनी में सर्वश्रेष्ठ तकनीकी अनुवादक,HATE,,HINDI
multi3hate_zh_145,145_zh.jpg,希特勒 <sep> 没有做错什么,HATE,,OTHER
multi3hate_zh_240,240_zh.jpg,让我们团结起来...... <sep> 一个以色列,HATE,,OTHER
multi3hate_en_116,116_en.jpg,Asian Jerry asks where you go to create a meme <sep> uses it against you...such an asshole!,HATE,,ENGLISH
multi3hate_de_206,206_de.jpg,ich weiß nicht viel über Russland <sep> weil ich kein Spanisch spreche,HATE,,OTHER
multi3hate_en_031,31_en.jpg,buys expensive guns <sep> cant afford shoes,HATE,,ENGLISH
multi3hate_zh_233,233_zh.jpg,您不可以<sep>访问您最爱的网站,HATE,,OTHER
multi3hate_en_155,155_en.jpg,"surprise! <sep> geoff monday through friday, but georgia on the weekends",HATE,,ENGLISH
multi3hate_hi_143,143_hi.jpg,एंग्लेसी सीमा पार कर लिया <sep> बुरा नहीं है,HATE,,HINDI
multi3hate_en_127,127_en.jpg,lost 2 world wars <sep> still thinks they are the best,HATE,,ENGLISH
multi3hate_hi_064,64_hi.jpg,पिता ने तीसरी चचेरी बहन से शादी करने को कहा <sep> सच में ऐसा हुआ,HATE,,HINDI
multi3hate_de_043,43_de.jpg,habe einen beschissenen Namen <sep> wie ein Jude,HATE,,OTHER
multi3hate_en_077,77_en.jpg,I'll give you a hint <sep> The matzah is in my pants,HATE,,ENGLISH
multi3hate_zh_076,76_zh.jpg,我们怎样才能祈祷 <sep> 当古兰经被焚烧时,HATE,,OTHER
multi3hate_hi_196,196_hi.jpg,मैंने सुना है कि अपहरण हो गया है <sep> क्या मैं बहुत देर से आया हूँ?,HATE,,HINDI
multi3hate_en_292,292_en.jpg,I am the king of china <sep> Inventer of vagina,HATE,,ENGLISH
multi3hate_es_226,226_es.jpg,Huele a curry <sep>,HATE,,OTHER
multi3hate_hi_270,270_hi.jpg,एक बार जब आप टूटी हुई टेल लाइट के लिए नागरिकों को मारना शुरू कर देते हैं <sep> तो आप एक हत्यारे हैं,HATE,,HINDI
multi3hate_es_155,155_es.jpg,"¡Sorpresa! <sep> Geoff de lunes a viernes, pero Georgia los fines de semana",HATE,,OTHER
multi3hate_zh_203,203_zh.jpg,非洲是非洲人的，亚洲是亚洲人的 <sep> 白种人国家是所有人的！,HATE,,OTHER
multi3hate_de_029,29_de.jpg,"Du hast dir einen guten Tag zum Arbeiten von zu Hause aus ausgesucht … <sep> Außer mir, Kevin und Yaji, ist niemand hier!!!",HATE,,OTHER
multi3hate_de_077,77_de.jpg,Ich gebe dir einen Hinweis <sep> Die Matze ist in meiner Hose,HATE,,OTHER
multi3hate_en_132,132_en.jpg,friends a black man on facebook <sep> he seems very articulate,HATE,,ENGLISH
multi3hate_de_247,247_de.jpg,Ein Priester! <sep> Versteckt die Kinder!,HATE,,OTHER
multi3hate_de_151,151_de.jpg,nennt dich einen Pädophilen <sep> verkauft Kinderpornos im Internet,HATE,,OTHER
multi3hate_hi_214,214_hi.jpg,कौन हैरान है <sep> नस्लवाद से ??,HATE,,HINDI
multi3hate_zh_220,220_zh.jpg,当克罗斯比被枪杀而你甚至没有被邀请时 <sep>,HATE,,OTHER
multi3hate_en_070,70_en.jpg,jogs for exercise... <sep> from her bed to the fridge,HATE,,ENGLISH
multi3hate_zh_245,245_zh.jpg,我被强奸了，还怀孕了 <sep> 但我认为自己是男性，所以没关系……也很迷人,HATE,,OTHER
multi3hate_hi_104,104_hi.jpg,ग्रीस को अपने करदाताओं का पैसा उधार दो <sep> फिर भी नाजी कहलाओगे,HATE,,HINDI
multi3hate_en_091,91_en.jpg,fucked the world twice <sep> complains about immigrants,HATE,,ENGLISH
multi3hate_de_226,226_de.jpg,Stinkt nach Curry <sep>,HATE,,OTHER
multi3hate_es_044,44_es.jpg,Este fondo <sep> es sexista,HATE,,OTHER
multi3hate_de_100,100_de.jpg,WARUM HABE ICH EINEN .. <sep> BABYSCHWANZ,HATE,,OTHER
multi3hate_de_098,98_de.jpg,"Wo hat sie dich jetzt berührt? <sep> Überlege genau, es könnte das Letzte sein, was du jemals sagst.",HATE,,OTHER
multi3hate_zh_173,173_zh.jpg,不能看色情片 <sep> 禁止互联网,HATE,,OTHER
multi3hate_es_158,158_es.jpg,"Déjanos entrar, dijeron <sep> Seremos amables, dijeron.",HATE,,OTHER
multi3hate_de_259,259_de.jpg,"alle einsteigen <sep> nächster Halt, Dodgers Stadium",HATE,,OTHER
multi3hate_hi_119,119_hi.jpg,वो सोचता है यहूदी धर्म <sep> एक जाति है,HATE,,HINDI
multi3hate_de_157,157_de.jpg,ICH HABE EIN JÜDISCHES MÄDCHEN NACH IHRER NUMMER GEFRAGT <sep> SIE HAT DIE ÄRMEL HOCHGEKREMPELT,HATE,,OTHER
multi3hate_en_075,75_en.jpg,That awkward moment when Mr. Madaris forgets his lunch at home <sep>,HATE,,ENGLISH
multi3hate_en_068,68_en.jpg,My sister took 4 years to graduate high school <sep> i will not shame the family like her,HATE,,ENGLISH
multi3hate_hi_096,96_hi.jpg,"मुझे मर्दों से नफरत है! <sep> भगवान, मुझे अभी एक आदमी का लंड चाहिए...",HATE,,HINDI
multi3hate_es_005,5_es.jpg,entonces me estás diciendo <sep> los egipcios acaban de irse,HATE,,OTHER
multi3hate_es_122,122_es.jpg,padre <sep> ¿por qué no dejas de gritarme?,HATE,,OTHER
multi3hate_zh_226,226_zh.jpg,咖喱味十足 <sep>,HATE,,OTHER
multi3hate_zh_047,47_zh.jpg,不要把马桶座圈掀起来 <sep> 女人会把它放下，所以你必须把它放下,HATE,,OTHER
multi3hate_en_058,58_en.jpg,yeah yeah merry chrismas <sep> now bring me my free shit,HATE,,ENGLISH
multi3hate_zh_116,116_zh.jpg,亚洲杰瑞问你去哪里创作表情包 <sep> 用它来对付你...真是个混蛋！,HATE,,OTHER
multi3hate_zh_244,244_zh.jpg,我希望在体力艰苦的工作中实现完全平等 <sep> 女性应该接受更容易的体能测试,HATE,,OTHER
multi3hate_es_076,76_es.jpg,¿Cómo podemos rezar <sep> cuando el Corán está ardiendo?,HATE,,OTHER
multi3hate_hi_241,241_hi.jpg,केरी परिबाहन कर रही <sep> अमेरिका के नवीनतम आगमन,HATE,,HINDI
multi3hate_es_220,220_es.jpg,Cuando disparan a Crosby y ni siquiera te invitan <sep>,HATE,,OTHER
multi3hate_en_241,241_en.jpg,kerry transporting <sep> America's newest arrivals,HATE,,ENGLISH
multi3hate_hi_108,108_hi.jpg,मजेदार पुलिस <sep> दोस्त बनो और चूमो,HATE,,HINDI
multi3hate_zh_020,20_zh.jpg,少数民族 <sep> 不在 METRO TECH!!,HATE,,OTHER
multi3hate_hi_116,116_hi.jpg,एशियाई जेरी पूछता है कि आप मीम बनाने कहां जाते हैं <sep> उसे आपके खिलाफ इस्तेमाल करता है... कितना हरामी है!,HATE,,HINDI
multi3hate_en_056,56_en.jpg,I may not be able to milk my tits <sep> but i can sure milk my cock,HATE,,ENGLISH
multi3hate_hi_020,20_hi.jpg,अल्पसंख्यक <sep> मेट्रो टेक में नहीं!!,HATE,,HINDI
multi3hate_en_215,215_en.jpg,has difficulty finding work in retail <sep> blames reverse discrimination,HATE,,ENGLISH
multi3hate_de_222,222_de.jpg,Du zahlst Steuern <sep> wegen uns,HATE,,OTHER
multi3hate_es_185,185_es.jpg,MANCHESTER CITY <sep> UN CLUB LOCAL PARA AFICIONADOS LOCALES,HATE,,OTHER
multi3hate_de_231,231_de.jpg,"Frauen <sep> warum hört ihr nicht auf, Auto zu fahren?!",HATE,,OTHER
multi3hate_hi_186,186_hi.jpg,मेरा एक दोस्त था जिसका लगभग बलात्कार हो गया था <sep> आपका तर्क अमान्य है,HATE,,HINDI
multi3hate_de_076,76_de.jpg,wie können wir beten <sep> wenn der Koran brennt,HATE,,OTHER
multi3hate_hi_247,247_hi.jpg,एक पुजारी! <sep> बच्चों को छिपाओ!,HATE,,HINDI
multi3hate_zh_054,54_zh.jpg,耶稣诞生是一场同性恋派对 <sep> 所有的人都穿着裙子！,HATE,,OTHER
multi3hate_zh_212,212_zh.jpg,保持冷静和 <sep> 看着德国胜利！！,HATE,,OTHER
multi3hate_hi_199,199_hi.jpg,अलालाललाललल्लाह <sep> यह सुल्तान की मीठी गांड में मसूद क्रीमपाईक्रीमपाई होने के बाद की आवाज है,HATE,,HINDI
multi3hate_hi_144,144_hi.jpg,कहता हैं कि वह खेल नहीं खेल सकता <sep> एशियाई,HATE,,HINDI
multi3hate_zh_256,256_zh.jpg,雅利安人 <sep> 从未庆祝过诺鲁孜节,HATE,,OTHER
multi3hate_de_080,80_de.jpg,"MAO, UNSER GROSSER HELD <sep> TÖTETE 40-70 MILLIONEN SEINES EIGENEN VOLKES",HATE,,OTHER
multi3hate_en_222,222_en.jpg,you pay taxes <sep> because of us,HATE,,ENGLISH
multi3hate_zh_104,104_zh.jpg,借给希腊纳税人的钱 <sep> 仍然被称为纳粹,HATE,,OTHER
multi3hate_hi_163,163_hi.jpg,शून्य सहनशीलता है <sep> घमंडियो के लिए,HATE,,HINDI
multi3hate_hi_106,106_hi.jpg,रेडिट द्वारा दुर्व्यवहार नहीं किया जाना <sep> भेदभाव महसूस होता है,HATE,,HINDI
multi3hate_hi_289,289_hi.jpg,मुझे बकरियों को सहलाने वाला कहना नस्लवादी है <sep> भले ही मैं बकरियों को सहलाता हूँ,HATE,,HINDI
multi3hate_hi_223,223_hi.jpg,सिस्टम के बारे में शिकायत करें <sep> लाभ प्राप्त करने में सहयोग नहीं करता,HATE,,HINDI
multi3hate_es_112,112_es.jpg,"cajero dice ""feliz navidad"" <sep> exige multiculturalismo",HATE,,OTHER
multi3hate_de_066,66_de.jpg,"Papa sagte mir, ich solle Arzt werden, also wurde ich <sep> in Anthropologie",HATE,,OTHER
multi3hate_zh_086,86_zh.jpg,必须忍受不好笑的表情包 <sep> 嘲笑她的性别认同,HATE,,OTHER
multi3hate_zh_072,72_zh.jpg,研究刑事司法 <sep> 警察学院教他一切,HATE,,OTHER
multi3hate_zh_082,82_zh.jpg,嘿，叙利亚人 <sep> 你为什么发布了我的照片，却没有发布你的照片？,HATE,,OTHER
multi3hate_hi_112,112_hi.jpg,"कैशियर कहता है ""मेरी क्रिसमस"" <sep> बहुसंस्कृतिवाद की मांग करता है",HATE,,HINDI
multi3hate_de_249,249_de.jpg,Transmisogynist? <sep> aber ich ficke ständig Transfrauen!,HATE,,OTHER
multi3hate_en_281,281_en.jpg,hates british <sep> moves to london,HATE,,ENGLISH
multi3hate_hi_153,153_hi.jpg,अगर किसी पुरुष के साथ बलात्कार होता है <sep> तो उसका शरीर उस चीज़ को बंद कर सकता है,HATE,,HINDI
multi3hate_es_150,150_es.jpg,Increíblemente sexy <sep>  e increíblemente molesta,HATE,,OTHER
multi3hate_hi_114,114_hi.jpg,यह एक जाल है!!! <sep>,HATE,,HINDI
multi3hate_de_233,233_de.jpg,du darfst nicht <sep> auf deine Lieblings-Websites zugreifen,HATE,,OTHER
multi3hate_zh_132,132_zh.jpg,在 facebook 上认识一位黑人 <sep> 他似乎很善于表达,HATE,,OTHER
multi3hate_de_118,118_de.jpg,Wirst du <sep> diese Flagge essen?,HATE,,OTHER
multi3hate_en_298,298_en.jpg,when the bomb goes off too early <sep> ALLAH YOU CUNTTTTT,HATE,,ENGLISH
multi3hate_es_105,105_es.jpg,"no, no voy a ir a la cocina <sep> ¿Puedes ayudarme a abrir este frasco?",HATE,,OTHER
multi3hate_de_055,55_de.jpg,"ich bin mehr Frau als du <sep> ich musste kämpfen, um eine Frau zu sein",HATE,,OTHER
multi3hate_en_245,245_en.jpg,I got raped and got pregnant <sep> but i identify as male so its allright... also charmingly excentric,HATE,,ENGLISH
multi3hate_de_158,158_de.jpg,"LASST UNS REIN, SAGTEN SIE <sep> WIR WERDEN NETT SEIN, SAGTEN SIE",HATE,,OTHER
multi3hate_hi_015,15_hi.jpg,आइवी <sep> 30 साल बाद,HATE,,HINDI
multi3hate_es_031,31_es.jpg,compra armas caras <sep> no puede ppermitirse zapatos,HATE,,OTHER
multi3hate_zh_247,247_zh.jpg,一名神父！ <sep> 把孩子们藏起来！,HATE,,OTHER
multi3hate_zh_106,106_zh.jpg,没有受到 reddit 的辱骂 <sep> 感觉受到了歧视,HATE,,OTHER
multi3hate_en_089,89_en.jpg,i hate black people <sep> thats why i got a job with a gun,HATE,,ENGLISH
multi3hate_de_137,137_de.jpg,Ratet mal <sep> es ist Veteranentag,HATE,,OTHER
multi3hate_zh_120,120_zh.jpg,事情并不如我们所愿 <sep> 救命！我们被迫害了！！！,HATE,,OTHER
multi3hate_zh_292,292_zh.jpg,我是中国之王 <sep> 阴道的发明者,HATE,,OTHER
multi3hate_es_073,73_es.jpg,oye a un amigo mencionar alemania <sep> aburre a muerte a su amigo con informacion sobre alemania,HATE,,OTHER
multi3hate_de_248,248_de.jpg,Katholische Kirche <sep> schützt seit 500 Jahren pädophile Priester,HATE,,OTHER
multi3hate_zh_235,235_zh.jpg,最大的街头帮派 <sep> 在美国,HATE,,OTHER
multi3hate_es_222,222_es.jpg,pagas impuestos <sep> gracias a nosotros,HATE,,OTHER
multi3hate_zh_186,186_zh.jpg,我有一个朋友差点被强奸 <sep> 你的论点无效,HATE,,OTHER
multi3hate_en_147,147_en.jpg,Special thanks to mr futch <sep> for funding the dragqueen eutopia,HATE,,ENGLISH
multi3hate_en_035,35_en.jpg,QUICK GIVE ME SOME <sep> CURRY!!!,HATE,,ENGLISH
multi3hate_de_112,112_de.jpg,"Kassiererin sagt ""Frohe Weihnachten"" <sep> fordert Multikulturalismus",HATE,,OTHER
multi3hate_zh_159,159_zh.jpg,美国非常痛恨共产主义 <sep> 以至于它向中国借了 2 万亿美元,HATE,,OTHER
multi3hate_es_196,196_es.jpg,He oído que hay un secuestro <sep> ¿llego demasiado tarde?,HATE,,OTHER
multi3hate_en_036,36_en.jpg,when i try to duplicate your issue <sep> i get 'out of memory' error.,HATE,,ENGLISH
multi3hate_en_173,173_en.jpg,can't watch porn <sep> bans the internet,HATE,,ENGLISH
multi3hate_zh_237,237_zh.jpg,加入警察队伍！ <sep> 杀死手无寸铁的孩子并获得带薪休假！,HATE,,OTHER
multi3hate_zh_077,77_zh.jpg,我给你一个提示 <sep> 无酵饼在我的裤子里,HATE,,OTHER
multi3hate_zh_036,36_zh.jpg,当我尝试复制你的问题时 <sep> 我收到“内存不足”错误讯息。,HATE,,OTHER
multi3hate_de_089,89_de.jpg,ich hasse Schwarze <sep> deshalb habe ich einen Job mit einer Waffe,HATE,,OTHER
multi3hate_es_084,84_es.jpg,pero mi tatuaje de atrapasueños <sep> ¡honra la cultura nativa!,HATE,,OTHER
multi3hate_de_283,283_de.jpg,"Wenn dein Mann lieber <sep> seine Ziege direkt in die Muschi ficken würde, anstatt dich",HATE,,OTHER
multi3hate_zh_046,46_zh.jpg,上帝是万能的 <sep> 但我会亲自打老婆,HATE,,OTHER
multi3hate_hi_073,73_hi.jpg,दोस्त को जर्मनी का ज़िक्र करते सुना <sep> दोस्त को जर्मनी के बारे में जानकारी देकर बोर कर दिया,HATE,,HINDI
multi3hate_de_057,57_de.jpg,Beratungsstelle anrufen <sep> kann sie nicht verstehen,HATE,,OTHER
multi3hate_de_250,250_de.jpg,"Die Einheimischen sagen: <sep> Auf dem Weg zu den Staatsspielen, reserviert Sie uns einen Platz.",HATE,,OTHER
multi3hate_de_106,106_de.jpg,werde nicht von Reddit misshandelt <sep> fühle mich diskriminiert,HATE,,OTHER
multi3hate_hi_081,81_hi.jpg,"तकनीकी सहायता, <sep> मैं करण बोल रहा हूँ",HATE,,HINDI
multi3hate_es_206,206_es.jpg,No sé mucho sobre Rusia <sep> porque no hablo español,HATE,,OTHER
multi3hate_en_235,235_en.jpg,The largest street gang <sep> in America,HATE,,ENGLISH
multi3hate_hi_049,49_hi.jpg,भारतीय एशियाई हैं?! <sep> कब से?,HATE,,HINDI
multi3hate_zh_281,281_zh.jpg,讨厌英国人 <sep> 搬到伦敦,HATE,,OTHER
multi3hate_es_263,263_es.jpg,La familia Linder-Green debería mudarse a <sep> Corea del Norte/RPDC,HATE,,OTHER
multi3hate_hi_013,13_hi.jpg,अंग्रेजी न बोलने वाले देश के यूट्यूब वीडियो पर टिप्पणियाँ देखीं <sep> कृपया अंग्रेजी बोलें,HATE,,HINDI
multi3hate_hi_055,55_hi.jpg,मैं तुमसे ज़्यादा औरत हूँ <sep> मुझे औरत होने के लिए संघर्ष करना पड़ा,HATE,,HINDI
multi3hate_es_019,19_es.jpg,YO CRUCE A LA FRONTERA <sep> POR ESO ESTOY FELIZ.,HATE,,OTHER
multi3hate_hi_169,169_hi.jpg,मुसलमान बुरे हैं <sep> क्योंकि बाइबल अच्छी है,HATE,,HINDI
multi3hate_de_088,88_de.jpg,warum sind schwarze Mädchen <sep> so laut?,HATE,,OTHER
multi3hate_de_050,50_de.jpg,"Gleichberechtigung für Frauen!!! <sep> lacht über andere Feministinnen, die meinen, Männer hätten das Gleiche verdient",HATE,,OTHER
multi3hate_en_078,78_en.jpg,Life got you down? <sep> Would it kill you to call your mother?,HATE,,ENGLISH
multi3hate_de_056,56_de.jpg,Ich kann vielleicht nicht meine Titten melken <sep> aber ich kann sicher meinen Schwanz melken,HATE,,OTHER
multi3hate_zh_028,28_zh.jpg,JAY-Z 的旧照片 <sep> <emp>,HATE,,OTHER
multi3hate_zh_198,198_zh.jpg,不会合法改变性别 <sep> 因为他不想去男子监狱,HATE,,OTHER
multi3hate_zh_216,216_zh.jpg,当你去海滩，没有人穿泳衣时 <sep>,HATE,,OTHER
multi3hate_en_185,185_en.jpg,MANCHESTER CITY <sep> A LOCAL CLUB FOR LOCAL FANS,HATE,,ENGLISH
multi3hate_zh_224,224_zh.jpg,当他们问奥马尔...... <sep> 你是素食主义者吗？！,HATE,,OTHER
multi3hate_es_237,237_es.jpg,¡Únete a la fuerza policial! <sep> ¡Mata a niños desarmados y obtén vacaciones pagadas!,HATE,,OTHER
multi3hate_de_200,200_de.jpg,Auf dem Weg zu Ellie <sep> Wer kommt mit?,HATE,,OTHER
multi3hate_de_269,269_de.jpg,pünktlich <sep> zum Neujahr in Köln,HATE,,OTHER
multi3hate_en_088,88_en.jpg,why are black girls <sep> so loud?,HATE,,ENGLISH
multi3hate_zh_200,200_zh.jpg,前往艾莉家 <sep> 谁会来？,HATE,,OTHER
multi3hate_en_013,13_en.jpg,SEES COMMENTS ON YOUTUBE VIDEO OF NON-SPEAKING ENGLISH COUNTRY <sep> ENGLISH PLEASE,HATE,,ENGLISH
multi3hate_hi_132,132_hi.jpg,फेसबुक पर एक अश्वेत व्यक्ति से मित्रता हुई <sep> वह बहुत स्पष्टवादी लगता है,HATE,,HINDI
multi3hate_zh_194,194_zh.jpg,跨性别女性 <sep> 比我获得更多的媒体报道,HATE,,OTHER
multi3hate_hi_136,136_hi.jpg,काले कपड़े पहने एशियाई <sep> क्या आप निंजा हैं?,HATE,,HINDI
multi3hate_en_139,139_en.jpg,Sexually harassed by group of black guys <sep> blames the white male patriarchy,HATE,,ENGLISH
multi3hate_es_152,152_es.jpg,pero dije que alvin es como mi hermano <sep> debes aceptarme,HATE,,OTHER
multi3hate_hi_194,194_hi.jpg,ट्रांस महिलाओं को<sep> मुझसे ज़्यादा मीडिया प्रतिनिधित्व मिलता है,HATE,,HINDI
multi3hate_hi_018,18_hi.jpg,मै आता हूँ  <sep> अपने बगीचे की देखभाल करें,HATE,,HINDI
multi3hate_en_228,228_en.jpg,Racial profiling? <sep> I investigated myself and found I did nothing wrong,HATE,,ENGLISH
multi3hate_en_001,1_en.jpg,Hmmm... <sep> Fried chicken you say,HATE,,ENGLISH
multi3hate_zh_032,32_zh.jpg,斯坦利我可以把你当早餐吃掉 <sep> 午饭和晚饭,HATE,,OTHER
multi3hate_de_241,241_de.jpg,Kerry Transport <sep> Amerikas Neuankömmlinge,HATE,,OTHER
multi3hate_zh_180,180_zh.jpg,看到不可接受的穆斯林表情包 <sep> 希望他们能提供更好的表情包作为回应,HATE,,OTHER
multi3hate_zh_043,43_zh.jpg,名字很烂 <sep> 像犹太人一样,HATE,,OTHER
multi3hate_zh_205,205_zh.jpg,警察...... <sep> 只会对自己的笑话发笑,HATE,,OTHER
multi3hate_es_086,86_es.jpg,Tiene que soportar memes poco graciosos <sep> que ridiculizan su identidad de género.,HATE,,OTHER
multi3hate_zh_097,97_zh.jpg,我的看法没有问题 <sep> 是当今社会的问题,HATE,,OTHER
multi3hate_hi_019,19_hi.jpg,मैं सीमा पार कर गया <sep> इसीलिए मैं खुश हूँ,HATE,,HINDI
multi3hate_de_149,149_de.jpg,wird von Kirchenmitgliedern belästigt <sep> geht immer noch gerne in die Kirche,HATE,,OTHER
multi3hate_de_229,229_de.jpg,Wenn deine Ingenieurgruppe viel schlauer ist als du <sep>,HATE,,OTHER
multi3hate_hi_052,52_hi.jpg,"एक दूसरे से प्रेम करो* <sep> (समलैंगिकों को छोड़कर, वे घृणित हैं)",HATE,,HINDI
multi3hate_de_199,199_de.jpg,Alalalalalalallaah <sep> Das ist der Klang nach dem Masoud in Sultans süßem Arsch kommt,HATE,,OTHER
multi3hate_en_083,83_en.jpg,why can't i <sep> use the n word?,HATE,,ENGLISH
multi3hate_es_052,52_es.jpg,"Amense unos a otros* <sep> (Excepto los maricones, son asquerosos)",HATE,,OTHER
multi3hate_zh_253,253_zh.jpg,我们必须跨越边境 <sep> 赶上 2016 年大选,HATE,,OTHER
multi3hate_hi_182,182_hi.jpg,आइए विदेशियों को पैसा भेजना बंद करें <sep> और उस पैसे का उपयोग हर अमेरिकी को येल भेजने के लिए करें,HATE,,HINDI
multi3hate_hi_248,248_hi.jpg,कैथोलिक चर्च <sep> 500 वर्षों से पेडो पुजारियों की रक्षा कर रहा है,HATE,,HINDI
multi3hate_en_196,196_en.jpg,I heard there is a hijack <sep> am i too late?,HATE,,ENGLISH
multi3hate_en_028,28_en.jpg,OLD PIC OF JAY-Z <sep> <emp>,HATE,,ENGLISH
multi3hate_es_180,180_es.jpg,VE UN MEME MUSULMAN INACEPTABLE <sep> DESEARÍA PODER OFRECER UN MEJOR MEME EN RESPUESTA,HATE,,OTHER
multi3hate_es_117,117_es.jpg,El lavado de cerebro causó todos nuestros problemas <sep> así que necesitamos más lavado de cerebro.,HATE,,OTHER
multi3hate_en_034,34_en.jpg,1 pound fish <sep> very very cheap,HATE,,ENGLISH
multi3hate_hi_158,158_hi.jpg,"उन्होंने कहा, हमें अंदर आने दो <sep> उन्होंने कहा, हम अच्छे रहेंगे",HATE,,HINDI
multi3hate_es_211,211_es.jpg,Se queja de que las mujeres están subrepresentadas en campos STEM <sep> y obtiene un título en estudios de género.,HATE,,OTHER
multi3hate_de_002,2_de.jpg,Wenn ich Frauen also wie Dreck behandle <sep> werde ich mit ihnen besser zurechtkommen? Cool!,HATE,,OTHER
multi3hate_en_021,21_en.jpg,My name is emmanuel <sep> i mow your lawn $.50,HATE,,ENGLISH
multi3hate_hi_298,298_hi.jpg,जब बम बहुत जल्दी फट जाता है <sep> अल्लाह तुम कुतिया,HATE,,HINDI
multi3hate_es_120,120_es.jpg,Las cosas no están saliendo como queremos <sep> Ayuda! Estamos siendo perseguidos!!!,HATE,,OTHER
multi3hate_es_273,273_es.jpg,Estoy buscando a Nikhil <sep> ¿Puedes encontrarlo por favor?,HATE,,OTHER
multi3hate_de_168,168_de.jpg,der Ausdruck auf unseren Gesichtern <sep> als Mr. Mwai uns eine weitere Lektion stahl,HATE,,OTHER
multi3hate_es_165,165_es.jpg,Como tocino <sep> cuando nadie está mirando.,HATE,,OTHER
multi3hate_zh_277,277_zh.jpg,奥巴马骗了我 <sep> 说我可以投票，但现在我却进了监狱,HATE,,OTHER
multi3hate_es_275,275_es.jpg,Muestra tu odio por el sexo sano <sep> ¡Hazte cura hoy mismo!,HATE,,OTHER
multi3hate_en_004,4_en.jpg,so you felt depressed <sep> because you were too fat?,HATE,,ENGLISH
multi3hate_en_117,117_en.jpg,Brainwashing caused all our problems <sep> so we need more brainwashing,HATE,,ENGLISH
multi3hate_de_251,251_de.jpg,"Wie aufregend, dass ich gerade <sep> Den zukünftigen Ehemann unserer 12-jährigen Tochter getroffen habe",HATE,,OTHER
multi3hate_de_035,35_de.jpg,GIB MIR SCHNELL <sep> CURRY!!!,HATE,,OTHER
multi3hate_de_117,117_de.jpg,Gehirnwäsche hat all unsere Probleme verursacht <sep> also brauchen wir mehr Gehirnwäsche,HATE,,OTHER
multi3hate_de_173,173_de.jpg,kann keine Pornos schauen <sep> verbietet das Internet,HATE,,OTHER
multi3hate_en_255,255_en.jpg,carpooling to Vegas <sep> For jaime's birthday,HATE,,ENGLISH
multi3hate_en_251,251_en.jpg,How exciting I just met <sep> Our 12 year old daughter's husband to be,HATE,,ENGLISH
multi3hate_de_224,224_de.jpg,Wenn sie Omar fragen... <sep> Du bist VEGETARIER?!,HATE,,OTHER
multi3hate_hi_084,84_hi.jpg,लेकिन मेरा ड्रीमकैचर टैटू <sep> मूल संस्कृति का सम्मान करता है!,HATE,,HINDI
multi3hate_de_218,218_de.jpg,"ich bin so froh, dass wir Kinder haben <sep> zum Explodieren",HATE,,OTHER
multi3hate_en_247,247_en.jpg,A Priest ! <sep> Hide the children !,HATE,,ENGLISH
multi3hate_de_155,155_de.jpg,"Überraschung! <sep> Geoff von Montag bis Freitag, aber Georgia am Wochenende",HATE,,OTHER
harmeme_covid_memes_18,covid_memes_18.png,Bernie or Elizabeth? Be informed.Compare them on the issues that matter. Issue: Who makes the dankest memes?,HARASSMENT,,ENGLISH
harmeme_covid_memes_20,covid_memes_20.png,best candidate for JA 2020 joe biden Kamala harris Bernie sanders TikTok @eliguthrie,HARASSMENT,,ENGLISH
harmeme_covid_memes_56,covid_memes_56.png,BREAKING NEWS! EL CH AND MANNEQUINS THEN HE BOUGHT LINGERIE FOR NEWS AWOMAN WHO WAS SEEN OUTSIDE THE STORE WEARING A MAN WEARING A DONALD TRUMP MASK WENT INTO A VICTORIA SECRET STORE OLGED FEMALE CUSTOMERS HAN A MEIANIA TRUMP MASKWHO WASWAITING FOR HIM TO COME OUT SAM WE HAVE THE SURVEILLANCE imgfip.com FILM AT 11 Ron Burgundy Meme - Imgflip ANNEL S TEAM,HARASSMENT,,ENGLISH
harmeme_covid_memes_60,covid_memes_60.png,MASK TRUMP TRUMP DEN CE Help your child find the right Halloween costume,HARASSMENT,,ENGLISH
harmeme_covid_memes_333,covid_memes_333.png,Actual footage of Jared Leto returning from his 12 day meditation retreat and learning about coronavirus adan tore Ca The p Lhed etend en,HARASSMENT,,ENGLISH
harmeme_covid_memes_454,covid_memes_454.png,Chelsea Clinton @ChelseaClinton President Trump has left the U.S. dangerously underprepared to face a public health crisis like a #coronavirus outbreak. @devisridhar and I explain how via @CNN Lars Printzén @LarsPrintzen Feb 25 Replying to pChelseaClinton @devisridhar and @CNN So far more people in the US have died trying to testify against you mother than has died from Corona Virus.,HARASSMENT,,ENGLISH
harmeme_covid_memes_479,covid_memes_479.png,Does that coviD bill include 10% for the BIG GUY?,HARASSMENT,,ENGLISH
harmeme_covid_memes_493,covid_memes_493.png,BARACK OBAMA PRESENTS A MEDAL TO HIMSELF. FOR CREATING JOBS DURING THE TRUMP ADMINISTRATION,HARASSMENT,,ENGLISH
harmeme_covid_memes_600,covid_memes_600.png,This is Hob. He voted for Trump. This is Bob's friend Sally. Sally voted for Clinton. Botre Satlyare stilt frienda-beenese-Bob-and-Sallyare-both-adulte. Bettke Botramt Sally.,HARASSMENT,,ENGLISH
harmeme_covid_memes_609,covid_memes_609.png,"What do Donald Trump and a Pumpkin have in Common? They re Orange on the outside, Hollow on the Inside and should be tossed out in early November.",HARASSMENT,,ENGLISH
harmeme_covid_memes_622,covid_memes_622.png,Occupy Danocrats a at 12 DREAKNG: Barack Cbaria andoruas Jos lidan for president wtt RALLIANT speech Folon Cetuny Desnouta ler reare. BREAKING: Barack Obama endorses Joe Biden for president Joe Biden for Presideht of the United States. K Corers a sras. 2a Vies O comment A Shere,HARASSMENT,,ENGLISH
harmeme_covid_memes_671,covid_memes_671.png,having a bad day? just remember that time obama lost it when he saw a baby dressed as the pope,HARASSMENT,,ENGLISH
harmeme_covid_memes_685,covid_memes_685.png,LIVE AITE HOU C-SPAN CORONAVIRUS RESPONSE,HARASSMENT,,ENGLISH
harmeme_covid_memes_722,covid_memes_722.png,"HECHEVS THE WHITE HC WASHINGTON NIK NEWS SPECIAL REPORT LIVE WHITE HOUSE BRIEFING FROM CORONAVIRUS TASK FORCE FOR LATEST UPDATES, GO TO NBCNEWS.COM/CORONAVIRUS",HARASSMENT,,ENGLISH
harmeme_covid_memes_731,covid_memes_731.png,17h - 0 Lighten up! WHY BIDEN NO GET VIRUS?,HARASSMENT,,ENGLISH
harmeme_covid_memes_783,covid_memes_783.png,"Steve King 999 ACCORDING TO CNN, IT TOOK OBAMA ""MLLIONS INFECTED AND OVER 1,000 DEATHS"" TO DECLARE THE HINI FLU A HEALTH EMERGENCY POINTOSA UNDER PRESIDENTTRUMP CORONAVIRUS WAS DECLARED A HEALTH EMERGENCY AND PUBLIC SAFETY MEASURES WERE IN PLACE BEFORE A SINGLE U.S. DEATH O0CCURRED 260 Cermeres K Shares",HARASSMENT,,ENGLISH
harmeme_covid_memes_791,covid_memes_791.png,when you've been hiding a zombie bite and can feel yourself starting to turn but you don't want to tell your group de wfauft.,HARASSMENT,,ENGLISH
harmeme_covid_memes_795,covid_memes_795.png,"Obama: ""Whispers"" put the laser pointer away or give it to me. ML DOCD",HARASSMENT,,ENGLISH
harmeme_covid_memes_828,covid_memes_828.png,"James Woods e @RealJames. 13 Aug v This is our last stand, folks. And here's your last defender. If they take him down, America is gone forever. Vote for @realDonald Trump like your life depends on it. 24K 13 76.2K 174K",HARASSMENT,,ENGLISH
harmeme_covid_memes_842,covid_memes_842.png,"ACCORDING TO CNN, ITOCY B.M ""MLLIONS INFECTED AND VE 1, OU LEATHS"" TO DECLARE THE H1. 11 FLU AEAZTH EMERGENCY NG TURNIN : PÕII TU. A UNDER PRESIDENT TRUMP CORONAVIRUS WAS DECLARED A HEALTH EMERGENCY AND PUBLIC SAFETY MEASURES WERE IN PLACE BEFORE A SINGLE U.S. DEATH OCCURRED",HARASSMENT,,ENGLISH
harmeme_covid_memes_871,covid_memes_871.png,THE BRITISH SING'GOD SAVE OUR QUEEN THE QUEEN: LIVES 93 YEARS THE BRITISH: was not expecting that.,HARASSMENT,,ENGLISH
harmeme_covid_memes_1289,covid_memes_1289.png,nimo enimsaden - Oct 20 Unseen footage of Boris Johnson offering £8 per head to Andy Burnham mcan bonel lockdown Andy What could it cost? 10 pounds ta 3 O 34,HARASSMENT,,ENGLISH
harmeme_covid_memes_1504,covid_memes_1504.png,"Trung: ""says the viras is uka Covid I know more about wind than yourdo. and I took that peraonaly Cape y e pa nd aa",HARASSMENT,,ENGLISH
harmeme_covid_memes_136,covid_memes_136.png,Whole world to Putin: *Putin Vaccine Well done putinsimso proud of you Vaccine Vaccine,HARASSMENT,,ENGLISH
harmeme_covid_memes_1888,covid_memes_1888.png,"futuristic caveman @uturisticcavet 10h Boris Johnson's reaction to covid-19 seifisolating Ojust feel that, yknow, ""if itaint broke, don't fix it"". And even if it is broke, just ignore it and maybe it'l be sort of.. okay. GIF",HARASSMENT,,ENGLISH
harmeme_covid_memes_2114,covid_memes_2114.png,"Just because thousands of FALSE independent Doctors are saying that Hydrocyhloroquine cures all CV-19 patients, It is not valid until we have a major study done. As soon as the CV-19 Vaceine is manufactured it must be immediately delivered to health care professionals world wide for immediate human injection.:Proper studies can be performed later",HARASSMENT,,ENGLISH
harmeme_covid_memes_2209,covid_memes_2209.png,John Fugelsang @JohnFugelsang Well I'm not surprised Trump tested positive for Covid - the guy's in 5 major risk groups! 1) He's elderly 2) He's obese 3) He's got a public sector job 4) He's a person of color 5) He's poor. #PrayForTrump to #WearADamnMask,HARASSMENT,,ENGLISH
harmeme_covid_memes_2255,covid_memes_2255.png,THIS IS DONALD TRUMP'S FACE UNDER HIS MASK imgtip.com,HARASSMENT,,ENGLISH
harmeme_covid_memes_2265,covid_memes_2265.png,"I HAPPEN TO THINK FAUCI'S A GREAT GUY. ON THE OTHER HAND, HE CHANGED HIS MIND ABOUT MASKSI BUT WHEN YOU THINK ABOUT IT, VOTERS MIGHT LIKE A NICE MASK... WELL REASONED",HARASSMENT,,ENGLISH
harmeme_covid_memes_177,covid_memes_177.png,ITOOK THE LIBERTY OF BULLSHITTIN YAL 习近筆 ANDYOU SAY.RIAR RIAR PANTS ON FIRE!,HARASSMENT,,ENGLISH
harmeme_covid_memes_2394,covid_memes_2394.png,IMPEACHES USA,HARASSMENT,,ENGLISH
harmeme_covid_memes_2526,covid_memes_2526.png,"Folks programmed by the media ""wear a mask selfish freedom lover!"" ""trump is not my president!""",HARASSMENT,,ENGLISH
harmeme_covid_memes_2527,covid_memes_2527.png,Were in nur tin to deteat the w s and rny peopie say tat ict veera tace k whes you tance There k nolody o Paiote me your vesitent YEAH THIS IS BIG GRAIN TIME,HARASSMENT,,ENGLISH
harmeme_covid_memes_22,covid_memes_22.png,"Steve King ... 4 hrs · O ACCORDING TO CNN, IT TOOK OBAMA ""MLLIONS INFECTED AND OVER 1,000 DEATHS"" TO DECLARE THE HIN1 FLU A HEALTH EMERGENCY TURNING PÕINT USA UNDER PRESIDENT TRUMP CORONAVIRUS WAS DECLARED A HEALTH EMERGENCY AND PUBLIC SAFETY MEASURES WERE IN PLACE BEFORE A SINGLE U.S. DEATH OCCURRED 1.6K 269 Comments 1K Shares",HARASSMENT,,ENGLISH
harmeme_covid_memes_24,covid_memes_24.png,"***** ""Donald Trump TRUMP what you see is incompetent, on your lawn KEEP AMERICA GREAT! delusional, and ***** the most dishonest man in history. He is VERY deeply ***** RACIST disturbed. UNFIT is what I see on your lawn LIVES HERE such an important film- Everyone needs to see it ***** before the election!"" - GEORGE CONWAY OCCUPY DEMOCRATS",HARASSMENT,,ENGLISH
harmeme_covid_memes_58,covid_memes_58.png,"r/MurderedByWords Trumputin is something I ship OC 1 6 9 1 6 1 Dr. Anthony Fauci unveils a mask that could save millions of lives Politics Pics & Gifs HOUSE 1 16.4k I 726 1 Share A Award Y BEST COMMENTS ▼ 香2Awards Why doesn't he just wear the ball gag he uses with Putin? 1 538 11 Share O Award I hate /r/murderedbywords with a burning passion. ""HAHA tRuMp= gAy fOr PuTIN.""",HARASSMENT,,ENGLISH
harmeme_covid_memes_192,covid_memes_192.png,Say hello to the 46th president: Doe Exotic,HARASSMENT,,ENGLISH
harmeme_covid_memes_112,covid_memes_112.png,TAKING CORONAVIRUS SERIOUSLY USTENING TO PUBLIC HEALTH EXPERTS GOLF AND CAMPAIGN RALLIES,HARASSMENT,,ENGLISH
harmeme_covid_memes_143,covid_memes_143.png,This Trump mask looks like Hitler from the back,HARASSMENT,,ENGLISH
harmeme_covid_memes_145,covid_memes_145.png,"When Trump said, ""I wear a mask. I don't wear a mask like him...every time you see him, he's got a mask. He could be speaking 200ft away from me and he shows up with the biggest mask you've ever seen.""",HARASSMENT,,ENGLISH
harmeme_covid_memes_149,covid_memes_149.png,"TRUMP TRIED TO GET AWAY WITH ONLY WEARING HIS MASK WHEN THE PRESS WASNT AROUND. SOMEONE FROM TMZ WAS AROUND, THOUGH.",HARASSMENT,,ENGLISH
harmeme_covid_memes_151,covid_memes_151.png,"""MASKSP I DON'T THINK IM GOING TO BE DOING IT IT WOULD SEND THE WRONG MESSAGE IT MAKES YOU LOOK LIKE A WIMP. THE VIRUS IS JUST GONNA DISAPPEAR."" 100,000 DEAD PEOPLE LATER IAM ALL FOR MASKS. ALWAYS HAVE BEEN, WEAR THEM ALL THE TIME-ILIKE IT.""",HARASSMENT,,ENGLISH
harmeme_covid_memes_152,covid_memes_152.png,TRUMP Trump finally removes his human mask and reveals his hideously deformed alien form,HARASSMENT,,ENGLISH
harmeme_covid_memes_153,covid_memes_153.png,Joe Meakin X So you'll be boycotting them now? IAM PRO OXYGEN SWEET BEAUTIFUL OXYGEN NHIBERALS M 20. itter for Android,HARASSMENT,,ENGLISH
harmeme_covid_memes_154,covid_memes_154.png,"TRUMP: look at this Hillary mask, it's hidecus! just like her sou-- AIDE: ""whispers in ear TRUMP: this mask is beautiful, breathtaking.",HARASSMENT,,ENGLISH
harmeme_covid_memes_245,covid_memes_245.png,AM I THE ONLY ONE AROUND HERE THAT THINKS WHO DIRECTOR-GENERAL TEDROS ADHANOM GHEBREYESUS SHOULD BE CHARGED WITH MANSLAUGHTER,HARASSMENT,,ENGLISH
harmeme_covid_memes_155,covid_memes_155.png,HOUSE Dr. Fauci unveils a mask that could save millions of lives!,HARASSMENT,,ENGLISH
harmeme_covid_memes_156,covid_memes_156.png,"He's been wearing one this whole time ""It's like wearing nothing at all."" $1999 TRUMP EAC",HARASSMENT,,ENGLISH
harmeme_covid_memes_157,covid_memes_157.png,Trump had been advised by his staff to wear a mask they weren't nearly specific enough. Ca D,HARASSMENT,,ENGLISH
harmeme_covid_memes_162,covid_memes_162.png,"WORK FROM HOME' MEMES Your manager when the work which takes 15 minutes has not been submitted from more than an hour because the employee is on work from home SO DAYA, KUCH TOH GARDBAD HAI REDIT: @GANDALFDGREY/ UNSPLASH (REPRESENTATIVE IMAGE)",HARASSMENT,,ENGLISH
harmeme_covid_memes_187,covid_memes_187.png,Corona Virus China Virus MEME WARS imgflip.com,HARASSMENT,,ENGLISH
harmeme_covid_memes_203,covid_memes_203.png,Whole world is blaming chinese for eatinganything and spreading Corona. Bear Grylls STARECAT.COM,HARASSMENT,,ENGLISH
harmeme_covid_memes_208,covid_memes_208.png,CHINA YOU'RE FIRED! VIRUS meme-generator.com,HARASSMENT,,ENGLISH
harmeme_covid_memes_277,covid_memes_277.png,"LET ME BE CLEAR. I IGNED THE MEDICAL APPLIANCE TAX BILL THAT FORCED COMPANIES TO OUTSOURCE MANUFACTORING OF MASKS, GOWNS, GLOVES AND VENTILAORS TO CHINA, EUROPE AND RUSSIA TO AVOID THE TAX.",HARASSMENT,,ENGLISH
harmeme_covid_memes_290,covid_memes_290.png,Leonesvile Qeneosch TrumpHasCovid Trump: we'll get through this together Americans,HARASSMENT,,ENGLISH
harmeme_covid_memes_303,covid_memes_303.png,"Detirae desiraes Trump: ""says the virus is fake Covid: and I took that personally",HARASSMENT,,ENGLISH
harmeme_covid_memes_305,covid_memes_305.png,THERE IS A MUCH MORE SINISTER REASON WHY CHINA LET THE VIRUS GO AND WITHHELD INFORMATION. AS PELOSI SAID.CHINA PREFERS BIDEN TO WIN THE ELECTION. WHERE'S HUNTER? WILL HUNTER BE SUICIDED LIKE EPSTEIN? ndio.com,HARASSMENT,,ENGLISH
harmeme_covid_memes_351,covid_memes_351.png,Republican Party of Rock County Lighten up WHY BIDEN NO GET VIRUS? HE SNIFF EVERYONE D 20 1 Comment - 6 Shares Comment A share,HARASSMENT,,ENGLISH
harmeme_covid_memes_393,covid_memes_393.png,CAN'T KEEP VIRUSES OUT OF WINDOWS 10 WANTS HIS COMPANY TO DEVELOP THE VACCINE FOR THE WUHAN VIRUS,HARASSMENT,,ENGLISH
harmeme_covid_memes_396,covid_memes_396.png,"DEMOCRATS, IT IS PRESIDENT TRUMP'S FAULT FOR THE SPREAD OF THE CORONA VIRUS! HI, I AM XI JINPING, COMMUNIST LEADER OF CHINA! I HID THE OUTBREAK OF THE VIRUS AND CENSORED THE INFORMATION IN THE WORLD'S MOST POPULATED COUNTRY!",HARASSMENT,,ENGLISH
harmeme_covid_memes_426,covid_memes_426.png,HOME » INTERNATIONAAL » CHINA SPENT THE CRUCIAL FIRST DAYS OF THE WUHAN CORONAVIRUS OUTBREAK ARREST China spent the crucial first days of the Wuhan coronavirus outbreak arresting people who posted about it online and threatening journalists Ashley Collman O 24 Jan 2020 f FACEBOOK in LINKEDIN TWITTER WHATSAPP EMAIL PRINT Start tackling the problem immediately OR draw 25,HARASSMENT,,ENGLISH
harmeme_covid_memes_411,covid_memes_411.png,"Skype Bil Gates Co Chair, Bl & Melinda Gates Foundation LIVE do Thour ago I believe him. This man's been dealing with viruse since Windows 95 wes",HARASSMENT,,ENGLISH
harmeme_covid_memes_434,covid_memes_434.png,"""God Does Not Want Us Wearing Masks. I you have a mask on, it means you actually don't trust God. You don't have falth."" - GOP Activist DeAnna Lorraine BUT YOU'RE THE SAME PEOPLE WHO NEED A RIFLE TO PICK UP GROCERIES.",HARASSMENT,,ENGLISH
harmeme_covid_memes_439,covid_memes_439.png,NBC NEWS J.S. HO NONE OF US WERE PREPARED FOR THE CORONA VIRUS UNUM BECAUSE IT IS ALL DONALD TRUMP'S FAULT imgflip.com HOU Hồ,HARASSMENT,,ENGLISH
harmeme_covid_memes_452,covid_memes_452.png,You know damn well that Tom Hanks caught Coronavirus from Jenny,HARASSMENT,,ENGLISH
harmeme_covid_memes_512,covid_memes_512.png,"ACCORDING TO CHN ITcY B. Mh ""MLLIONS INFECTED AND VE 1, 0J LEATHS"" TO DECLARE THE H11 FLU IH EMERGENCY NG TURNIN POI FU UNDER PRESIDENT TRUMP CORONAVIRUS WAS DECLARED A HEALTH EMERGENCY AND PUBLIC SAFETY MEASURES WERE IN PLACE BEFORE A SINGLE U.S. DEATH OCCURRED",HARASSMENT,,ENGLISH
harmeme_covid_memes_554,covid_memes_554.png,"BREAKING Trump not allowed into Scotland to escape Biden inauguration, Scotland's First Minister says. ""Coming to play golf is not what I would consider to be an essential purpose,"" Sturgeon said, alluding to COVID travel restrictions. Reports indicated Trump may have planned an imminent Scotland trip. Ruin Donnie's day! Spread the word! CALL TO ACTIVISM-",HARASSMENT,,ENGLISH
harmeme_covid_memes_558,covid_memes_558.png,XI JINPING GUILTY OF CRIMES AGAINST HUMANITY AND ALSO LOOKING LIKE HE NEEDS A STRONG LAXATIVE,HARASSMENT,,ENGLISH
harmeme_covid_memes_509,covid_memes_509.png,"Con Price Trump got the whole 2020 experience Got covid, got fred, got evicted",HARASSMENT,,ENGLISH
harmeme_covid_memes_571,covid_memes_571.png,"12000 DIED OF HIN1 IN 2009 UNDER OBAMA WITH 275000 HOSPITALIZE President: Barak Obama Vice President: Joe Biden Senator: Bernie Sanders HINI Virus (Swine Flu) USA Cases: 60.8MILION USA Hospitalizations: 257,000 USA Deaths: 11,690 (1,180 children) Panic Level: Everybody is chill President: Donald Trump Corona Virus (covid 19) DO YOU RECALL THE MEDIA BLAMING OBAMA AS THEY ARE PRESIDENT TRUMP ABOUT 26 DEATHS FROM CORONA VIRUS USA Cases: 446 Cases USA Deaths: 19 Panic Level: MASS HYSTERIA Man",HARASSMENT,,ENGLISH
harmeme_covid_memes_575,covid_memes_575.png,HEY DID YOU GUYS NEED ANOTHER ROUND OF STIMULUS CHECKS TO HELP DUT? THAT WOULD BE GREAT SINCE SD MANY OF US ARE STRUGGLING RIGHT NOW THANK YOU So MUCH HAHA FUCK YOU LOL VOTE FOR ME FIAST THEN WELL TALK ABOUT IT AFTER I WIN THE ELECTION,HARASSMENT,,ENGLISH
harmeme_covid_memes_546,covid_memes_546.png,I'M GETTING OPINION. ONOOIS V FROM MY GUT. COVE-19 ADVICE OnvEGRANUNDOom,HARASSMENT,,ENGLISH
harmeme_covid_memes_549,covid_memes_549.png,This is Boris. Boris didn't wash his hands DONT BE LIKE BORIS,HARASSMENT,,ENGLISH
harmeme_covid_memes_552,covid_memes_552.png,FEBRUARY 20TH MARCH 17TH THE DEMOCRATS ARE POLITICIZING THE CORONAVIRUS. THIS IS THEIR New HOAX rve ALWAYS Known THIS IS REAL THIS IS A PANDEMIC.,HARASSMENT,,ENGLISH
harmeme_covid_memes_563,covid_memes_563.png,WASH YOUR HANDS LIKE YOU JUST SHOOK HANDS WITH SCOTT MORRISON,HARASSMENT,,ENGLISH
harmeme_covid_memes_595,covid_memes_595.png,peradise is in my hands eseventeTumaler Trump :I have COVID Twitter:,HARASSMENT,,ENGLISH
harmeme_covid_memes_611,covid_memes_611.png,MY TOAST GOT BURNT THIS MORNING THANKS OBAMA,HARASSMENT,,ENGLISH
harmeme_covid_memes_758,covid_memes_758.png,Dad says He's not you're spying us online your dad,HARASSMENT,,ENGLISH
harmeme_covid_memes_616,covid_memes_616.png,NONE OF US WERE PREPARED FOR THE CORONA VIRUS J.S. BECAUSE IT IS ALL DONALD TRUMP'S FAULT HOU,HARASSMENT,,ENGLISH
harmeme_covid_memes_619,covid_memes_619.png,WHEN YOU'RE THE DOCTOR BUT HC THE VILLAGE IDIOT IS GIVING MEDICAL ADVICE makeamemeorg,HARASSMENT,,ENGLISH
harmeme_covid_memes_635,covid_memes_635.png,A WALL TO KEEP AMERICASAFE? THAT SHOULD DO IT,HARASSMENT,,ENGLISH
harmeme_covid_memes_801,covid_memes_801.png,DEMON POSSESSION DOESN'T ALWAYS LOOK LIKE THIS. IT CAN ALSO LOOK LIKE THIS,HARASSMENT,,ENGLISH
harmeme_covid_memes_730,covid_memes_730.png,HIN1 Virus COVID 19 - U.S. CASES - - US. CASES - 60.8 MILLION (dete an) - PANIC LEVEL - Norrniv 9 - PANIC LEVEL- ZERO MASS IHYSTERIA - CHINA BLAMED- TRUMP BLAMED - Whieh of thene prenident perea37 MIL paur e Wahan labut,HARASSMENT,,ENGLISH
harmeme_covid_memes_1461,covid_memes_1461.png,"Trump: ""Covid-19 is a hoax"" Friend Requesta Covid-19: Will you shut up man.",HARASSMENT,,ENGLISH
harmeme_covid_memes_786,covid_memes_786.png,ANYTHING BAD THAT EVER HAPPENED? THAT WAS MY OPPONENTS ANYTHING GOOD THAT EVER HAPPENED? THAT WAS ME,HARASSMENT,,ENGLISH
harmeme_covid_memes_809,covid_memes_809.png,I didn't mention you said 14 April which year,HARASSMENT,,ENGLISH
harmeme_covid_memes_859,covid_memes_859.png,PUTTING PENCE INCHARGE OF CORONAVIRUS IS TRRESPONSIBLE BECAUSE HE LITERALLYDOES NOT BELIEVEINSCIENCE STATUS LELEE AntiVirus UNLIKE ME WHO HAS MODERN SOLUTIONS TO MODERN PROBLEMS,HARASSMENT,,ENGLISH
harmeme_covid_memes_909,covid_memes_909.png,"IndieWire @indiewire Indeie Pattinson's 'Batman' Will Be 'So Raw' and 'Not Sanitized, Says Cast Member Peter Sarsgaard IMPAIGN Robby Slowik e @RobbySlowik The last thing the world wants right now is raw, unsanitized bat.",HARASSMENT,,ENGLISH
harmeme_covid_memes_933,covid_memes_933.png,DAILY INGTON SOCIAL DISTANCING SHOW CARANNAVIRUS TRUMP'S BEST WORDS: CORONAVIRUS EDITION,HARASSMENT,,ENGLISH
harmeme_covid_memes_1016,covid_memes_1016.png,God: I made Eve for you and these animals so you wouldn't be alone Adam: And who is that in the lake God: I don't know. She was there when I got here,HARASSMENT,,ENGLISH
harmeme_covid_memes_1032,covid_memes_1032.png,ONE WEEK AFTER THE ELECTION AND WE ALREADY HAVE A VACCINE FOR COVID-19,HARASSMENT,,ENGLISH
harmeme_covid_memes_1103,covid_memes_1103.png,"Because his daughter was cold, Mexican Druglord Pablo Escobar once lit $2 million dollars on fire to keep her warm Rakesh Prasad My father would light ME on fire to keep his 2 Milion Dollars wanm. Like Reply",HARASSMENT,,ENGLISH
harmeme_covid_memes_1178,covid_memes_1178.png,Tesht No Gabriella. Tas in take the Coronavirus seriousy,HARASSMENT,,ENGLISH
harmeme_covid_memes_1183,covid_memes_1183.png,"Just a reminder that when Rob Schneider was quarantined with SARS he wrote The Hot Chick rosanne cash @rosannecash- 12h Just a reminder that when Shakespeare was quarantined because of the plague, he wrote King Lear.",HARASSMENT,,ENGLISH
harmeme_covid_memes_1195,covid_memes_1195.png,Texas LIVE 19:45 BREAKING NEWS Chuck Norris has been exposed to Coronavirus (COVID-19) The virus is now in quarantine for 14 days,HARASSMENT,,ENGLISH
harmeme_covid_memes_1231,covid_memes_1231.png,I didn't mention which year You said the quarantine will be over on 14 April,HARASSMENT,,ENGLISH
harmeme_covid_memes_1238,covid_memes_1238.png,FEAR OF CORONA IS ON THE DECLINE RELEASE THE MURDER HORNETS,HARASSMENT,,ENGLISH
harmeme_covid_memes_1375,covid_memes_1375.png,Breaking News: Diego Maradona tested positive for almost everything except Covid-19. 18:2,HARASSMENT,,ENGLISH
harmeme_covid_memes_1390,covid_memes_1390.png,Everyone is making memes about you and your age You can make memes about them when they're getting old rade with meratic,HARASSMENT,,ENGLISH
harmeme_covid_memes_1395,covid_memes_1395.png,Jehovah's Witnesses knowing that everyone's gonna be home: Eoredpanda.com,HARASSMENT,,ENGLISH
harmeme_covid_memes_1396,covid_memes_1396.png,"Thakur is Safe from CoronaVirus. No hands, No handshake, No touching Nose.",HARASSMENT,,ENGLISH
harmeme_covid_memes_1405,covid_memes_1405.png,CHUCK NORRIS BUILT THE HOSPITAL HE WAS BORN IN,HARASSMENT,,ENGLISH
harmeme_covid_memes_1412,covid_memes_1412.png,"CORONAVIRUS IF YOU COME TO THE USA, YOU'LL HAVE TO SURVIVE CHUCK NORRIS Grogfiip. com",HARASSMENT,,ENGLISH
harmeme_covid_memes_1419,covid_memes_1419.png,Shaan Rasul Keswani Visual Storyteller March 20 at 5:46 PM Oh great more bad news! When you open another COVID-19 MASSMAIL from President Tim Killeen and Chancellor Jones TAM READY TO GET HURT AGÅIN.,HARASSMENT,,ENGLISH
harmeme_covid_memes_1797,covid_memes_1797.png,"IF PROPERLY FITTED, ONE MASK CAN SAVE MANY THOUSANDS OF LIVES Dr. Fauci XESH HE WH WASE",HARASSMENT,,ENGLISH
harmeme_covid_memes_1427,covid_memes_1427.png,"Boris Johnson's #Coronavirus policy. Some of you may die, the Corona Virus . We're meant to die from dimate change but it's a sacrifice l'm willing to make Aussie Stuff for Aussies sloane @skipper working from home isn't that bad",HARASSMENT,,ENGLISH
harmeme_covid_memes_1433,covid_memes_1433.png,"Coronavirus: *infects Tom Hanks* adam.the.creator • Following The Covid-19 Vaccine Competition Everyone: adam.the.creator o Oh hell naw, ok enough is enough fuck this virus 1w drgrayfang I gotta pee 1w 36 likes Reply View replies (2) daviddoesbigmeme Wait till it gets Danny DeVito 1w 391 likes Reply View replies (37) Fadam the creator eliastheodorou O Now We Riot!! Liked by drgrayfang and others MARCH 11 Add a comment.. Post",HARASSMENT,,ENGLISH
harmeme_covid_memes_1803,covid_memes_1803.png,Hairdressers are closed. But we try to manage,HARASSMENT,,ENGLISH
harmeme_covid_memes_1467,covid_memes_1467.png,He thinks this is the ANCNEWS SPECIAL REPORT LIVE PRESIDENT TRUMP DECLARES NATIONAL EMERGENCY AVAVA AVAVAV Mak Allen,HARASSMENT,,ENGLISH
harmeme_covid_memes_1478,covid_memes_1478.png,Chai pe Charcha wih NaMo Cough Syrup with Kejriwal,HARASSMENT,,ENGLISH
harmeme_covid_memes_1505,covid_memes_1505.png,BECAME UNEMPLOYED BEFORE COVID-19,HARASSMENT,,ENGLISH
harmeme_covid_memes_1521,covid_memes_1521.png,OneGingerPele esbout First member of the Covid Marshalls revealed,HARASSMENT,,ENGLISH
harmeme_covid_memes_1544,covid_memes_1544.png,Wash your hands like you're washing Jason Mamoa,HARASSMENT,,ENGLISH
harmeme_covid_memes_1582,covid_memes_1582.png,"Prime Minister @narendramodi will address the nation at 10 AM on 14th April 2020. m edi And, here. we. go. The IndianEXPRESS",HARASSMENT,,ENGLISH
harmeme_covid_memes_1617,covid_memes_1617.png,ACTUAL PICTURE OF PATRICK MAHOMES WAITING FOR CORONAVIRUS TO GET A DOUBLE DIGIT LEAD BEFORE HE SAVES ALL OF KANSAS CITY.,HARASSMENT,,ENGLISH
harmeme_covid_memes_1626,covid_memes_1626.png,COVID19: 28 DAYS LATER WHERE THE HELL IS EVERYONE?,HARASSMENT,,ENGLISH
harmeme_covid_memes_1628,covid_memes_1628.png,"When you're 93 and fricking immortal but your son, 71, tests positive for Córonavirus SHAME",HARASSMENT,,ENGLISH
harmeme_covid_memes_2161,covid_memes_2161.png,"""MASKS? I DONT THINK I'M GOING TO BE DOING IT IT WOULD SEND THE WRONG MESSAGE IT MAKES YOU LOOK LIKE A WIMP. THE VIRUS IS JUST GONNA DISAPPEAR."" %3D 100,000 DEAD PEOPLE LATER IAM ALL FOR MASKS. ALWAYS HAVE BEEN. WEAR THEM ALL THE TIME-ILIKE IT."" imgfilplcom",HARASSMENT,,ENGLISH
harmeme_covid_memes_2162,covid_memes_2162.png,TRUMP FINALLY PUT ON A MASK BECAUSE HIS MASTER MADE HIM imgflip.com,HARASSMENT,,ENGLISH
harmeme_covid_memes_2165,covid_memes_2165.png,ONLY AN IDIOT WOULD REFUSE TO WEARA MASK LOOKAT ME!,HARASSMENT,,ENGLISH
harmeme_covid_memes_2187,covid_memes_2187.png,JOE BIDEN IS CRITICIZING TRUMP FOR NOT WEARING A MASK. MAYBE IF BIDEN HAD BEEN SOCIAL DISTANCING FROM WOMEN AND LITTLE GIRLS INSTEAD OF SNIFFING AND KISSING THEM TARA READE WOULDNTBEBREATHING DOWN HIS NECK.,HARASSMENT,,ENGLISH
harmeme_covid_memes_1642,covid_memes_1642.png,BE POSITIVE TODAY! Collection Of Trump Has Covid MEMES IT IS WHAT IT IS,HARASSMENT,,ENGLISH
harmeme_covid_memes_1645,covid_memes_1645.png,Trump Dr. Fauci COVID-19 A. Cuoma,HARASSMENT,,ENGLISH
harmeme_covid_memes_2189,covid_memes_2189.png,WEAR A MASK IN PUBLIC! SELFISH ASSHOLE!,HARASSMENT,,ENGLISH
harmeme_covid_memes_2202,covid_memes_2202.png,"Dr. Fauci graduated 1st in his class at Cornell Medical School, served under 6 presidents, and has received numerous awards and honors. Meanwhile, Trump paid someone to take his SATS, and suggested injecting disenfectant as coronavirus treatment. I choose to believe Fauci.",HARASSMENT,,ENGLISH
harmeme_covid_memes_2238,covid_memes_2238.png,"donaldrumpr Pollow 10h I had to... Porn hub Fte Raat Dewninat Orange Man Fucks Entire Democratie Party 117,122 vews",HARASSMENT,,ENGLISH
harmeme_covid_memes_2245,covid_memes_2245.png,I'M A TRAITOR,HARASSMENT,,ENGLISH
harmeme_covid_memes_1663,covid_memes_1663.png,"Dezirae & derire20 Trump: ""says the virus is fake Covid: and I took that personally 1243 AM- Oet 2 2020. Twiner for Phane",HARASSMENT,,ENGLISH
harmeme_covid_memes_2280,covid_memes_2280.png,THEWOR DS MOST. DANGER US VIRUS PUTS ON E MASK,HARASSMENT,,ENGLISH
harmeme_covid_memes_2288,covid_memes_2288.png,"TRUST ME IF I'MELECTED, WE'LL GO TO WAR",HARASSMENT,,ENGLISH
harmeme_covid_memes_2424,covid_memes_2424.png,"TRUMP ON NORTH KOREA MURDERING AN AMERICAN STUDENT: ""Kim Jong-un denies it and I believe him."" TRUMP ON SAUDI ARABIA MURDERING AN AMERICAN JOURNALIST: ""The Saudi Crowm Prince denies it and I believe him."" TRUMP ON RUSSIA ATTACKING OUR DEMOCRACY: ""Putin denies it and I believe him."" TRUMP ON OUR INTELLIGENCE AGENCIES WHO SAY ALL OF THESE DICTATORS ARE LYING: ""Our intelligence is fake news and shouldn't be trusted!""",HARASSMENT,,ENGLISH
harmeme_covid_memes_2435,covid_memes_2435.png,I don't need a facemask because I only talk out my ass,HARASSMENT,,ENGLISH
harmeme_covid_memes_2445,covid_memes_2445.png,"TRUMP WOREA MASK! MEANWHILE, HIS BUDDY PUTIN PAID TALIBAN FIGHTERS TO KILL AMERICANS TRUMP DIDNT EVEN WEAR THE MASK BIGHT",HARASSMENT,,ENGLISH
harmeme_covid_memes_2448,covid_memes_2448.png,"Obama: Did you replace all the toiletries with travel size bottles? Biden: He's got tiny hands Barack, I want him to feel welcome here Pn 20",HARASSMENT,,ENGLISH
harmeme_covid_memes_1828,covid_memes_1828.png,Do Not Try This Ał Home,HARASSMENT,,ENGLISH
harmeme_covid_memes_1869,covid_memes_1869.png,Armani Oristoryotrmani Biden after hearing trump got covid then realizing he was the stage with him 2 days ago 12-44 AM Oot 2 2020 Twimer for IPhene,HARASSMENT,,ENGLISH
harmeme_covid_memes_1870,covid_memes_1870.png,"bydevumm THE WAY K.L RAHUL IS PERFORMING ANY GIVEN ROLE, I WONT BE SURPRISED IF HE IS THE ONE TO FIND THE CURE OF CORONAVIRUS a v",HARASSMENT,,ENGLISH
harmeme_covid_memes_1885,covid_memes_1885.png,the Corona Virus . We're meant to die from dimate change Aussie Stuff for Aussies Twer,HARASSMENT,,ENGLISH
harmeme_covid_memes_2472,covid_memes_2472.png,TRUMP WEARS A FACE MASK,HARASSMENT,,ENGLISH
harmeme_covid_memes_1918,covid_memes_1918.png,CHUCK NORRIS HAS BEEN EXPOSED TO THE CORONAVIRUS KAN THE VIRUS IS NOW IN QUARANTINE FOR THE NEXT TWO WEEKS,HARASSMENT,,ENGLISH
harmeme_covid_memes_2498,covid_memes_2498.png,TRUMP FINALLY PUT ON A MASK BECAUSE HIS MASTER MADE HIM,HARASSMENT,,ENGLISH
harmeme_covid_memes_1923,covid_memes_1923.png,the entire state of KY governor andy beshear,HARASSMENT,,ENGLISH
harmeme_covid_memes_1939,covid_memes_1939.png,"SASHANK KR SHIRa umkhhar ""Corona"" has proven that bigger problem is not lieracy, it is stupidiny of inerate people.",HARASSMENT,,ENGLISH
harmeme_covid_memes_1977,covid_memes_1977.png,"Oheybi me @ COVID when trump recovers because he has access to the wery best medical care I was rooting for you, wo were all rooting for you! How dare you?! 107 AM Oet 2, 2020 Twier Web App",HARASSMENT,,ENGLISH
harmeme_covid_memes_1985,covid_memes_1985.png,WHEN SOMEONE SAYS BULKHEAD WALL President Trump Travel Memes THE GUY SELLING CREDIT CARDS AT THE AIRPORT,HARASSMENT,,ENGLISH
harmeme_covid_memes_2538,covid_memes_2538.png,THAT'S WHAT I D0. I LIE AND I TWEET THINGS,HARASSMENT,,ENGLISH
harmeme_covid_memes_2553,covid_memes_2553.png,PAYS NO TAXES WEARS NO MASK HAS NO CONSCIENCE,HARASSMENT,,ENGLISH
harmeme_covid_memes_2564,covid_memes_2564.png,"COVID19 STRONGLYDENIED INFECTING ME BESIDES, IT SAYSİM BRILLIANT FOR TELLING PEOPLE NOT TO WEAR MASKS.",HARASSMENT,,ENGLISH
harmeme_covid_memes_2565,covid_memes_2565.png,"YO FE to DACK VIES- RATIOR 10 +22 One protester even stuck a Trump mask to the wall, giving him a toothbrush mustache, the same style worn by Adolf Hitler, and writing inside a speech bubble: 1 like scat sex'",HARASSMENT,,ENGLISH
harmeme_covid_memes_2575,covid_memes_2575.png,YOU DON'T WANTA MASK? TAKE THIS TIME Tr ESCENT?,HARASSMENT,,ENGLISH
harmeme_covid_memes_2975,covid_memes_2975.png,"Okilled 3000 New Yorkers during 911 Hold my beer. Ikilled 30,000 New Yorkers AMERICAN CRISIS and wrote a book! LEADERSHIP LESSONS FROM THE COVID-19 PANDEMIC ANDREW CUOMO ON SALE OCTOBER 13, 2020 imgflip.com",HARASSMENT,,ENGLISH
harmeme_covid_memes_2063,covid_memes_2063.png,"NBC NEWS NOW He +hinks +his is +he Corona covrona- ""Extra virus RESINATET UNIT EAL e NBC NEWS SPECIAL REPORT LIVE PRESIDENT TRUMP DECLARES NATIONAL EMERGENCY NBC NEWS VAVA Mark Allen @MarkAll14843373 STATE",HARASSMENT,,ENGLISH
harmeme_covid_memes_2076,covid_memes_2076.png,People Who Invented Vaccine MPOKYPATVP ABTOHOMHOT ECTIVERINE Puin Who Only Announced Vaceine,HARASSMENT,,ENGLISH
harmeme_covid_memes_3087,covid_memes_3087.png,"MORE KIDS DIED WITH MY VIRUS. WIN ME FLU 60.8 MILLION CASES MY MEDIA CODDLED ME LIKE A LITTLE BABY. 18.306 DEATHS CNN SAID 1,700 DEATHS BEFORE I ID ANYTHING . NOTHING!",HARASSMENT,,ENGLISH
harmeme_covid_memes_2094,covid_memes_2094.png,"LIVE BREAKING NEWS PUTIN HAS ASKED COVID19 TO STOP Virus after entering Russia: We were bad, but now we re good",HARASSMENT,,ENGLISH
harmeme_covid_memes_3100,covid_memes_3100.png,"Hello, My Name Is Adam Schiff I'm The Chairman Of The House Intelligence Committee. I Was Receiving Briefings About What Was Going On In China In Regards To The Wuhan Virus, But Chose To Ignore Them So I Could Concentrate On Impeaching President Trump For Crimes I Made Up.",HARASSMENT,,ENGLISH
harmeme_covid_memes_2142,covid_memes_2142.png,Whole world to Putin: *Putin Vaccine Well done putin. i'm so proud of you Vaccine Vaccine,HARASSMENT,,ENGLISH
harmeme_covid_memes_2147,covid_memes_2147.png,LP LP LP LP LP LP LP LP LP LP LP LP trump roasting biden for LP LP LP LP covid 19 wearing mask LP LP LP LP,HARASSMENT,,ENGLISH
harmeme_covid_memes_2149,covid_memes_2149.png,"JadedKushner - Supernatural Wisdom-PARODY @JarradKushner Choose your fighter. 6:02 PM Jul 11, 2020 · Twitter for iPad © JarradKushner/Twitter >",HARASSMENT,,ENGLISH
harmeme_covid_memes_2152,covid_memes_2152.png,"TRUMP SAYS HE WON'T WEAR A FACE MASK, DESPITE THE CDC'S RECOMMENDATION GUESS HE THINKS IT WOULD MAKE HIM LOOK STUPID imgflip.com",HARASSMENT,,ENGLISH
harmeme_covid_memes_2155,covid_memes_2155.png,"""IWONT WEAR A MASK, I HAVE TO MEET KINGS AND QUEENS AND DICTATORS"" MAYBE THE KING OF NAURU imgflip.com",HARASSMENT,,ENGLISH
harmeme_covid_memes_2156,covid_memes_2156.png,WHAT DONALD TRUMP LOOKS LIKE UNDER HIS MASK,HARASSMENT,,ENGLISH
harmeme_covid_memes_2157,covid_memes_2157.png,"TRUMP TRIED TO GET AWAY WITH ONLY WEARING HIS MASK WHEN THE PRESS WASN'T AROUND. SOMEONE FROM TMZ WAS AROUND, THOUGH. imgflip.com",HARASSMENT,,ENGLISH
harmeme_covid_memes_2159,covid_memes_2159.png,TRUMP WORE A MASK! ATH WE HATE MASKS NOW! imgflip.com,HARASSMENT,,ENGLISH
harmeme_covid_memes_2160,covid_memes_2160.png,"I DON'T ALWAYS WEAR A MASK TRUM P INT ERSI TY YOUARE BIG LOSERS BLEACH BUT WHEN I DO, I MAKE SURE 'IT'S LIES' AND NOT THE KINDA OF MASK THAT CAN PROTECT OTHERS FROM CORONAVIRUS imgflip.com",HARASSMENT,,ENGLISH
harmeme_covid_memes_2163,covid_memes_2163.png,"instituted among Mon, deriving the verned That Form any e end the Righ People te a y such Koaly MASK RIGHT HERE Ma deriving the Sernment form,a lence, as I HAVE A over instituted among any Form e ends, it is the Rigie Pecple to al verned, That vrnment, lay such form as IDON'T WEAR Tover A MASK LĪKE HIM ence, G truth tlesilent. that al nen e crtdyual that they are endend by thi Gater with ertein unaoe Rhu, th Llrty and the pnit Gernnonte re inatituted emeng Mon. there are structive efthe end iti A e ar Instituto r layiny ita fundetion en pe in aurh firman te then ahllom lyt Happanan. hudenc infol wil EVERY TIME I SEE HIM HE'S GOT A MASK WORn trutha to kl/ evident. that all mon a creutid oyual that they are LI Liny and the punnit of Hoprinan - istituti Gen layiny ita feom ndetion HE SHOWS UP WITH THE BIGGEST MASKI HAVE EVER SEEN COVID-19 POSITIVE imgflip.com",HARASSMENT,,ENGLISH
harmeme_covid_memes_2164,covid_memes_2164.png,I'M AMERICA'S RECKONING,HARASSMENT,,ENGLISH
harmeme_covid_memes_2167,covid_memes_2167.png,Republicans when Trump returned to the White House and then proceeded to make a speech where he took off a mask in some kind of statement I'm somehow embarrassed and proud of you at the same time.FOX,HARASSMENT,,ENGLISH
harmeme_covid_memes_2168,covid_memes_2168.png,Quarantined William LeGate @williamlegate The real reason Trump doesn't want to wear a face mask: (via @HoodlumRIP) 8:34 AM · 4/4/20 · Twitter for iPhone,HARASSMENT,,ENGLISH
harmeme_covid_memes_3190,covid_memes_3190.png,Impeachment Failed Release the virus,HARASSMENT,,ENGLISH
harmeme_covid_memes_2169,covid_memes_2169.png,"THINK ABOUT THIS: DONALD TRUMP, WHO AVOIDED THE MILITARY DRAFT 5 TIMES, SAID ON WEDNESDAY THAT AMERICANS WHO DON'T ""WANT TO FIGHT FOR OUR COUNTRY"" CAN LEAVE.",HARASSMENT,,ENGLISH
harmeme_covid_memes_2170,covid_memes_2170.png,The only mask Trump will wear,HARASSMENT,,ENGLISH
harmeme_covid_memes_3325,covid_memes_3325.png,Youlobe wuhantchinahwuhanvinus XI Arping waa fimed drycoughing today. 1.OK ren The Supreme Leader is dead.,HARASSMENT,,ENGLISH
harmeme_covid_memes_2171,covid_memes_2171.png,"Trump: ""Biden, you always got that big ass mask on when I see you Corona: ...and I took that personally",HARASSMENT,,ENGLISH
harmeme_covid_memes_2172,covid_memes_2172.png,"O Nicole O @queencolee Getting on Twitter to see that Trump AND Melania caught COVID GIF GIFULMINATION.COM 12:00 PM Oct 2, 2020 O 1 4 See the latest COVID-19 information on Twitter",HARASSMENT,,ENGLISH
harmeme_covid_memes_2173,covid_memes_2173.png,"ashley seashore Oeashore @GretaThunberg will probably win a Nobel one of these days but in the meantime here's a meme. I would roast you, but I'm an environmentalist so l'm opposed to burning trash.",HARASSMENT,,ENGLISH
harmeme_covid_memes_2174,covid_memes_2174.png,The. Guardian Eminem criticises non-mask wearers on new rap track 1 day ago AP Associated Press Trump wears mask in public for first time during pandemic 4 hours ago Coincidence I THINK NOT,HARASSMENT,,ENGLISH
harmeme_covid_memes_2175,covid_memes_2175.png,"He's been wearing one this whole time ""It's like wearing nothing at all."" $1999 TRUMP FACE MAS K adam.the.cre",HARASSMENT,,ENGLISH
harmeme_covid_memes_2176,covid_memes_2176.png,HOUSE WA Dr. Fauci unveils a mask that could save millions of lives!,HARASSMENT,,ENGLISH
harmeme_covid_memes_2178,covid_memes_2178.png,Trump said this mask will protect me from Covid-19 meme-arsenalru,HARASSMENT,,ENGLISH
harmeme_covid_memes_2179,covid_memes_2179.png,"I LOVE IT WHEN WE'RE IN BED AND HE SAYS ""PUT THE DONALD TRUMP MASK ON""",HARASSMENT,,ENGLISH
harmeme_covid_memes_2180,covid_memes_2180.png,Glad to see that Spirit Halloween has masks to help you dress as Trump AND Hillary! Tshuon SERIAL KIR CowN DAIN aincaraluineR17 Iranm.co,HARASSMENT,,ENGLISH
harmeme_covid_memes_2181,covid_memes_2181.png,WHAT DONALD TRUMP LOOKS LIKE UNDER HIS MASK,HARASSMENT,,ENGLISH
harmeme_covid_memes_2182,covid_memes_2182.png,Donald Trump wears a face mask in public for the first time A he dumb vuS deriers,HARASSMENT,,ENGLISH
harmeme_covid_memes_2183,covid_memes_2183.png,CAFEDOTCOM Donald Trump straight up looks exactly like the moon from Majora's Mask.,HARASSMENT,,ENGLISH
harmeme_covid_memes_2184,covid_memes_2184.png,"NoelCaslerComedy @CaslerNoel Trump wears lifts in his shoes, a girdle, Depends, a fake tan and a dead ferret on his head while standing like a drunk centaur as he tours the Ford Factory. But he won't wear a mask because he thinks it would make him look stupid.",HARASSMENT,,ENGLISH
harmeme_covid_memes_2,covid_memes_2.png,... DISBANDING PANDEMIC TEAM CALLING COVID19 A HOAX DOWNPLAYING SEVERITY THE HEALTH OF THE ENTIRE US POPULATION TRUMP ADMINISTRATION (adultswim.com) WHY WOULD CHINA DO THIS? tatultswim.com),HARASSMENT,,ENGLISH
harmeme_covid_memes_2185,covid_memes_2185.png,MASKS ARENT FOR YOUR PROTECTION THEY'RE A SIGN OF YOUR SUBMISSION,HARASSMENT,,ENGLISH
harmeme_covid_memes_2188,covid_memes_2188.png,"TRUMP SAID, LOOK, I HAVE MY MASK RIGHT HERE IN MY POCKET le Ai y THE MASK WORKED WELL, HIS POCKET TESTED NEGATIVE FOR COVID-19 nplip.com",HARASSMENT,,ENGLISH
harmeme_covid_memes_2190,covid_memes_2190.png,Donald Trump ol moon from The Legend of Zelda: Majora's Mask lookin' ass.,HARASSMENT,,ENGLISH
harmeme_covid_memes_2193,covid_memes_2193.png,"AUSE Oh, will you quit whining about it already? I'm wearing a mask. vou happy now?",HARASSMENT,,ENGLISH
harmeme_covid_memes_2200,covid_memes_2200.png,willitv Tant I HAVE A MASK RIGHT HERE I DONT WEAR A MASK LIKE HIM EVERY TIME I SEE HIM HE'S GOT A MASK HE SHOWS UP WITH THE BIGGEST MASKI HAVE EVER SEEN COVID-19 POSITIVE,HARASSMENT,,ENGLISH
harmeme_covid_memes_2201,covid_memes_2201.png,TRUMP SUPPORTERS WON'T BE CONVINCED BECAUSE THEY ONLY SUPPORT HIM WHEN HE SAYS WHAT THEY ALREADY BELIEVE,HARASSMENT,,ENGLISH
harmeme_covid_memes_2206,covid_memes_2206.png,TRUMP MASKS SELLING OUT Donald Trump's win has sparked an unlikely boom in Japan: Trump masks. They're helping to lighten the mood.,HARASSMENT,,ENGLISH
harmeme_covid_memes_2208,covid_memes_2208.png,VP PENCE ORDERED FLU MASK FOR TRUMP RALLYS mramemeory,HARASSMENT,,ENGLISH
harmeme_covid_memes_2212,covid_memes_2212.png,"If The Mask Fits... CEES O.K, O.K., I wear the maskt don toma Bramhal caton.)",HARASSMENT,,ENGLISH
harmeme_covid_memes_2225,covid_memes_2225.png,"Karl Ke enda YOU SAY YOU AREA PATRIOT THE FACT YOU WON'T WEAR A MASK TO SAVE AMERICAN LIVES DETERMINES THAT IS A LIE, L2000-Termer noid",HARASSMENT,,ENGLISH
harmeme_covid_memes_2226,covid_memes_2226.png,"THINK ABOUT THIS: DONALD TRUMP, WHO AVOIDED THE MILITARY DRAFT 5 TIMES, SAID ON WEDNESDAY THAT AMERICANS WHO DON'T ""WANT TO FIGHT FOR OUR COUNTRY"" CAN LEAVE.",HARASSMENT,,ENGLISH
harmeme_covid_memes_2229,covid_memes_2229.png,SHT HUGE HEDZ CRY BABY MASK Trump masks are pretty popular at the Halloween stores this уear.,HARASSMENT,,ENGLISH
harmeme_covid_memes_2230,covid_memes_2230.png,"THROUGHOUT MY LIFE, MY TWO GREATEST ASSETS HAVE BEEN MENTAL STABILITY AND BEING, LIKE, REALLY SMART",HARASSMENT,,ENGLISH
harmeme_covid_memes_2232,covid_memes_2232.png,EXECUTIVE ORDER WATCH MORE BASEBAL,HARASSMENT,,ENGLISH
harmeme_covid_memes_2234,covid_memes_2234.png,"Hunterdon Uncensored ... 23 Can you believe this man!? Trump is GREAT for setting an example and NOT wearing a mask these days. If Jesus were here today, he'd not wear a mask either. ASIADNECOM Pope wears mask, warns against political exploitation of coronavirus Jesus wouldnt wear a mask stunning",HARASSMENT,,ENGLISH
harmeme_covid_memes_2235,covid_memes_2235.png,TRUMP 2020 D TASKS MASKS,HARASSMENT,,ENGLISH
harmeme_covid_memes_2240,covid_memes_2240.png,"Donald J. Trump OrealDonaldTrump Ivanka Trump @lvankaTrump ""disrespecting our Country & our Flag"" ""Patriots"" Posted in oPolticalHunor by ubGFUCKThEworldos reddir",HARASSMENT,,ENGLISH
harmeme_covid_memes_2241,covid_memes_2241.png,"THE BEST THING ABOUT TRUMP IS THE WORST THING ABOUT TRUMP, HE'S SO INCREDIBLY TERRIBLE HE DOESNT WEAR A MASK LIKE MOST POLITICIANS DO. THIS MAKES IT SO THAT MOST PEOPLE, THE ONES WHO HAVENT DRANK THE TRUMP-AID, CAN NOT ONLY SEE HIM FOR WHO HE IS, BUT THAT THE WHOLE DAMN SYSTEM IS CORRUPTED AND NEEDS A SERIOUS OVERHAUL.",HARASSMENT,,ENGLISH
harmeme_covid_memes_2248,covid_memes_2248.png,CAMERA OFF AND IT'S WEEKEND! MASK OFF MAYBE THIS IS WHY TRUMP DOES NOT BOTHER WITH MASKS? mg,HARASSMENT,,ENGLISH
harmeme_covid_memes_2251,covid_memes_2251.png,Hi-Ho Virus! AWAY!,HARASSMENT,,ENGLISH
harmeme_covid_memes_2252,covid_memes_2252.png,This Trump mask looks like Hitler from the back,HARASSMENT,,ENGLISH
harmeme_covid_memes_2256,covid_memes_2256.png,"LONE RANGER: Muthafucka how?? TRUMP: I hod a mesk on. I sort of liked the way I looked, OK. I thought it was OK It was a dark black mask, and I thought it looked OK. It looked like the Lene Ranger FOM TRUMP TO PAN MONE HANE SEEN ME WEARING A MASK DOW 25,833 39",HARASSMENT,,ENGLISH
harmeme_covid_memes_2258,covid_memes_2258.png,DONALD TRUMP WALL COP,HARASSMENT,,ENGLISH
harmeme_covid_memes_2267,covid_memes_2267.png,Very realistic Trump mask seen at Bayside near Port Miami,HARASSMENT,,ENGLISH
harmeme_covid_memes_2268,covid_memes_2268.png,HEY YOU GUYS!,HARASSMENT,,ENGLISH
harmeme_covid_memes_2269,covid_memes_2269.png,Chuck Norris started wearing a mask I think we can start to PANIC !,HARASSMENT,,ENGLISH
harmeme_covid_memes_2272,covid_memes_2272.png,"act tv IF THE CORONAVIRUS HAD BEEN A POTENTIAL WITNESS IN HIS IMPEACHMENT TRIAL, MAYBE DONALD TRUMP WOULD HAVE DONE MORE TO STOP IT.",HARASSMENT,,ENGLISH
harmeme_covid_memes_2274,covid_memes_2274.png,"A MASKED CAREER CRIMINAL IS SEEN ENTERING A VETERANS HOSPITAL CUTLERY COUNTED AFTERWARDS, NONE STOLEN.",HARASSMENT,,ENGLISH
harmeme_covid_memes_2275,covid_memes_2275.png,Donald trump doesn't have the credentials to be pr- DONALD J TRUMP INDUCTED INTO THE GAMING HALL OF FAME A Dude Payday 2 finally has th Trump mask. Fuckin lit -Seth,HARASSMENT,,ENGLISH
harmeme_covid_memes_2276,covid_memes_2276.png,KNOW WHO WEARS MASKS? BANDITS. AND HERESAPIC OF TRUMP ROBBING DEMOCRATS OF A 2020 WIN,HARASSMENT,,ENGLISH
harmeme_covid_memes_2279,covid_memes_2279.png,"HERMANGAIN.WHATWEGONNA DOR NJECT HIM WITH THEWUHAN FLU tellechual Duck Web te Repyng toHEHemanCan Pay Taunp games, win Trump prions Herman Cain @THEHermanCain Masks will not be mandatory for the event, which will be attended by President Trump. PEOPLE ARE FED UP!",HARASSMENT,,ENGLISH
harmeme_covid_memes_3870,covid_memes_3870.png,"Donald J. Tru. Tonight, GFLOTUS and i tested positive for COVID-19. We will begin our quarantine and recovery process immediately. We wil get through Dct 2, 2020 this TOGETHER TRUMP'S GOTTA GO00000 Gisitrealysin BUT.ITS A HOAX AND WILL MAGICALLY DISAPPEAR! CAN YOU SAY.CLOROX? 621 AM Oct 2, 2020 O 1.3K O 81 people are Tweelin",HARASSMENT,,ENGLISH
harmeme_covid_memes_2281,covid_memes_2281.png,"No, No, Eric.there's isn't any coronavirus face mask shortage. fake news, fake news.yours is in the mail.",HARASSMENT,,ENGLISH
harmeme_covid_memes_4081,covid_memes_4081.png,LAS VEGAS MAYOR WANTS TO REOPEN SAYS DEATH IS A PART OF LIFE ab13 IF THEY DIE THEY DIE,HARASSMENT,,ENGLISH
harmeme_covid_memes_2282,covid_memes_2282.png,VIRUS RESEARCH BREAKTHROUGH MASKS PROTECT AGAINST MORON-73,HARASSMENT,,ENGLISH
harmeme_covid_memes_4134,covid_memes_4134.png,DR. FAUCI ANNOUNCES A NEW MASK THAT WILL SAVE THOUSANDS OF LIVES,HARASSMENT,,ENGLISH
harmeme_covid_memes_2283,covid_memes_2283.png,QANON CONSPIRATORS BECAUSE TRUMP DIDN'T SUPPORT FACE MASKS TRUMP PUBLICLY SUPPORTS WEARING MASKS THEEN SYBOL OF TYAY QANON CONSPIRATORS THINKING REALITY RESPONSE TO TRUMP ITS REVERSE PSYCHOLOGY SUPPORTING FACE MASKS CRUX. TRUMP FINALLY WEARS THE DEMOCRATS ARE GOING TO SAY MASKS ARE BAD NOW FACE MASK IN PUBLIC,HARASSMENT,,ENGLISH
harmeme_covid_memes_2284,covid_memes_2284.png,"GUESS I SHOULD HV WORN A MASK WHO FARTED, WAS IT YOU?",HARASSMENT,,ENGLISH
harmeme_covid_memes_2285,covid_memes_2285.png,YOU DON'T HAVE TO BE A BRAIN SURGEON TO WEAR A MASK,HARASSMENT,,ENGLISH
harmeme_covid_memes_2286,covid_memes_2286.png,"Eight long years we hoped for change, and finally we got it First Lady Melania Trump makes even a mask look better than it should!",HARASSMENT,,ENGLISH
harmeme_covid_memes_2289,covid_memes_2289.png,DON'T LIKE TO WEARA MASK GOVA Red Kidney Bea Frijoles Colorado GOVA PREMUEM TRUMP HAS THE SOLUTION,HARASSMENT,,ENGLISH
harmeme_covid_memes_2292,covid_memes_2292.png,"THE MASK FITS EVERONE, THEY SAID Recy AGA IT WILL COVER YOUR WHOLE FACE THEY SAID Anonymous troops roll out to attack Donald Trump: The Donald",HARASSMENT,,ENGLISH
harmeme_covid_memes_2294,covid_memes_2294.png,Inspirational Quote Tear off the mask. Your face is glorious. Rumi,HARASSMENT,,ENGLISH
harmeme_covid_memes_2296,covid_memes_2296.png,"Trump: Can I get past Biden: What's the password Trump: I don't know Biden: Losers says what Trump: What Obama: JOE 45, 173 0609 AM l 20",HARASSMENT,,ENGLISH
harmeme_covid_memes_2297,covid_memes_2297.png,DON'T LET COVID TAKE OVER YOUR LIVES! DONT LET COVID TAKE YOUR LIFE! WEAR A DAMN MASK!,HARASSMENT,,ENGLISH
harmeme_covid_memes_2299,covid_memes_2299.png,This Trump mask looks like Hitler from the back,HARASSMENT,,ENGLISH
harmeme_covid_memes_2300,covid_memes_2300.png,323 MILLION PEOPLE IN THE US AND THEY BRING IT DOWN TO THIS,HARASSMENT,,ENGLISH
harmeme_covid_memes_2302,covid_memes_2302.png,"SEE, CRY-BABY? THAT DID NOT HURT THAT MUCH!",HARASSMENT,,ENGLISH
harmeme_covid_memes_2303,covid_memes_2303.png,Bright Star Lyrics Or gazing on the new soft fallen mask John Keats,HARASSMENT,,ENGLISH
harmeme_covid_memes_2304,covid_memes_2304.png,"Dorald 1. Trump O abonalatrunp - Jul waeUnted nour efort to detat the nesble China Vina and many people ay that a i Fatriotie to wer atace ma wen yoa ay acanos. There nobody more Panionic than re 11 DAYS LATER WELL THAT DIDNT LAST LONG NO MASK, NO SOCIAL DISTANCING. JUST MORE LIES",HARASSMENT,,ENGLISH
harmeme_covid_memes_2305,covid_memes_2305.png,MAGic Eci A Sheteh scmy DONALD TRUMP'S NEW SOCIAL MEDIA PLATFORM,HARASSMENT,,ENGLISH
harmeme_covid_memes_2306,covid_memes_2306.png,Trump Announces CDC Mask Guidelines But Says He Probably Won't Follow Them,HARASSMENT,,ENGLISH
harmeme_covid_memes_2310,covid_memes_2310.png,"In Home Alone 2, Trump tells Macaulay Culkin to get the fuck out of his hotel unless he can find himself an N95 mask and practice better social distancing.",HARASSMENT,,ENGLISH
harmeme_covid_memes_4213,covid_memes_4213.png,"meg slay, sec of antita Greameglay Trump's doctors prescribing hydroxychloroquine and disinfectant for Covid-19. HTrumpHasCovid helth 0G AM Oct 2, 2000 Teitter for Android",HARASSMENT,,ENGLISH
harmeme_covid_memes_2312,covid_memes_2312.png,"M NADLER CHAIRMAN Jerry Nadler introduces bill to denouce Trump for not wearing a mask. In related news, Nadler says his eyebrows and forehead have tested negative for COVID-19",HARASSMENT,,ENGLISH
harmeme_covid_memes_2314,covid_memes_2314.png,ACCUSES TRUMP OF A PHOTO-OP PHONVBASTARDS,HARASSMENT,,ENGLISH
harmeme_covid_memes_2315,covid_memes_2315.png,ALL MAJOR REPUBLICAN FIGURES FROM COAST TO COAST NOW WANT YOU TO WEAR MASKS FOX W WITH ONE EXCEPTION. FIGURES. BURG,HARASSMENT,,ENGLISH
harmeme_covid_memes_2317,covid_memes_2317.png,TRUMP FACE MASK GOGGLES,HARASSMENT,,ENGLISH
harmeme_covid_memes_2318,covid_memes_2318.png,VOTE FOR ME AND HONE OF THE TOP ONE-TENTH OF 1% RICHEST PEOPLE IN THE COUNTRYWILL BE HARMEDI,HARASSMENT,,ENGLISH
harmeme_covid_memes_2319,covid_memes_2319.png,"HAPPY BIRTHDAY AND BELIEVE ME, NO ONE CAN WISH YOU A BETTER HAPPY BIRTHDAY THAN ME",HARASSMENT,,ENGLISH
harmeme_covid_memes_2320,covid_memes_2320.png,You stole my COVID-19 face mask! You weren't using it! Zahra te.com,HARASSMENT,,ENGLISH
harmeme_covid_memes_2321,covid_memes_2321.png,CAN'T LOSE THE COUNTRY'S NEXT ELECTION IF THERE IS NO COUNTRY,HARASSMENT,,ENGLISH
harmeme_covid_memes_2322,covid_memes_2322.png,Wear a Mask and MINE and Save Your ASS,HARASSMENT,,ENGLISH
harmeme_covid_memes_2324,covid_memes_2324.png,"The Electoral College electing Trump is unfair! Says the party that used ""super delegates"" to select Hillary.",HARASSMENT,,ENGLISH
harmeme_covid_memes_2326,covid_memes_2326.png,"TRUMP 2020-DONATE TO OUR CAMPAIGN, GET THIS MASK SHOW YOUR PRIDE BY WEARING IT IT PUBLIC",HARASSMENT,,ENGLISH
harmeme_covid_memes_2328,covid_memes_2328.png,"""Can't you see Trump's a liar?"" Trump supporter: I can't see fuckin' shit outta this thing.",HARASSMENT,,ENGLISH
harmeme_covid_memes_2329,covid_memes_2329.png,IF TRUMP HAD SLAPPED HIS FACE ON MASK WOULD THE CORONAVIRUS BE OVER BY NOW ngico,HARASSMENT,,ENGLISH
harmeme_covid_memes_2330,covid_memes_2330.png,TRUMP FINALLY WEARS A MASK makeemeorg,HARASSMENT,,ENGLISH
harmeme_covid_memes_2332,covid_memes_2332.png,And the Darwin Award (Honorable Mention) goes to: This Joker No Morals No Mask ingfio.com,HARASSMENT,,ENGLISH
harmeme_covid_memes_2333,covid_memes_2333.png,Trump: say make America Great Again! Baby: whatever helps you mask your racist agenda carrot face Trump: what Baby: goo goo ga ga? HONE RUMP ENTIAL AKER This baby woke af Fake Baby Memes,HARASSMENT,,ENGLISH
harmeme_covid_memes_2335,covid_memes_2335.png,MAYBE IF HE HADN'T TESTED HE WOULDN'T HAVE IT,HARASSMENT,,ENGLISH
harmeme_covid_memes_2336,covid_memes_2336.png,REGENERON TRUMPS HAVING TO TAKE IT IN THE BUM BECAUSE HE WOULDNT WEAR HIS MASK,HARASSMENT,,ENGLISH
harmeme_covid_memes_2337,covid_memes_2337.png,Donald J. Trump @realDonaldTrunp Fuck it mask off Great song,HARASSMENT,,ENGLISH
harmeme_covid_memes_2339,covid_memes_2339.png,ving per the vern comes sple nd to NO NEED TO WEAR A MASK WHEN YOUR WIFE CAN WEAR OÑE FOR YOU.,HARASSMENT,,ENGLISH
harmeme_covid_memes_2340,covid_memes_2340.png,"TRUMP DOESN'T WANT TO WEAR A MASK BECAUSE HE THINKS HE'LL LOOK FOOLISH IT'S WAY TOO LATE, DIPSH'T",HARASSMENT,,ENGLISH
harmeme_covid_memes_2342,covid_memes_2342.png,HE DOESNT WANT HIS SPRAY-ON TANTO RUB OFF ON IT I GUARANTEE IT Ever wonder why Trump never wears a mask?,HARASSMENT,,ENGLISH
harmeme_covid_memes_2344,covid_memes_2344.png,GOOD THING TRUMP DEREGULATED THINGS I MIGHT GET RE-ELECTED,HARASSMENT,,ENGLISH
harmeme_covid_memes_2346,covid_memes_2346.png,"MAKE AMERICA GREAT AGAIN BY SPREADING COVID SERIOUSLY, YOU HAD ONE JOB.",HARASSMENT,,ENGLISH
harmeme_covid_memes_2349,covid_memes_2349.png,hengyytoy.en.alibaba.com The Frog Pepe Latex Comic Meme Frog Trump Mask Prom Masks Prom Masks .,HARASSMENT,,ENGLISH
harmeme_covid_memes_2350,covid_memes_2350.png,MAKE AMERICA GREAT AGAIN PA LOCK HIM UP!,HARASSMENT,,ENGLISH
harmeme_covid_memes_2371,covid_memes_2371.png,"DAINT WEARING NO SISSY MASK! TRUMP SAYS IT'S ""NOT PRESIDENTIAL"". makeameme.cg",HARASSMENT,,ENGLISH
harmeme_covid_memes_2372,covid_memes_2372.png,NOVEMBER 3.2020. EVICTION NOTICE IS COMING,HARASSMENT,,ENGLISH
harmeme_covid_memes_2373,covid_memes_2373.png,NEWS REPORTERS KEEP ASKING TRUMP WHY HE DOESN'T ISSUE A FEDERAL MASK MANDATE HAS IT OCCURED TO ANY OF THESE REPORTERS THATA FEDERAL MASK MANDATE REQUIRES FEDERAL POLICING TO ENFORCE THE MANDATEP,HARASSMENT,,ENGLISH
harmeme_covid_memes_2374,covid_memes_2374.png,"Biden: These memes are just an illusory escape from the public's feelings of utter powerlessness and uncertainty right now Obama: Joe. 2.171 3,796 tat AM",HARASSMENT,,ENGLISH
harmeme_covid_memes_2375,covid_memes_2375.png,STOPWHINING. TRUMP IS CLINICALLY INSANE AND THE PRESS SEES THE TRUTH.,HARASSMENT,,ENGLISH
harmeme_covid_memes_2378,covid_memes_2378.png,I HAVE A MASK RIGHT HERE I WEAR A MASK WHEN NEEDED,HARASSMENT,,ENGLISH
harmeme_covid_memes_2380,covid_memes_2380.png,BLINDED BY THE RIGHT REVVED UP LIKE A DEUCE,HARASSMENT,,ENGLISH
harmeme_covid_memes_2381,covid_memes_2381.png,Breaking News: Trump agrees to heed CDC advice and wear a mask.,HARASSMENT,,ENGLISH
harmeme_covid_memes_2382,covid_memes_2382.png,GAG ORDER I FIND YOUR LACK OF GAFFES DISTURBING,HARASSMENT,,ENGLISH
harmeme_covid_memes_2383,covid_memes_2383.png,THIS IS DONALD TRUMP UNDER HIS MASK makeamemearg,HARASSMENT,,ENGLISH
harmeme_covid_memes_2385,covid_memes_2385.png,Remember when Trump made fun of my giant mask Then he said don't talk to me about smart,HARASSMENT,,ENGLISH
harmeme_covid_memes_2390,covid_memes_2390.png,I'M AMERICA'S RECKONING,HARASSMENT,,ENGLISH
harmeme_covid_memes_2392,covid_memes_2392.png,"THE WI ""WEAR A MASK WHETHER YOU LIKE IT OR NOT IT'S ABOUT PATRIOTISM"" SILVIEW.media",HARASSMENT,,ENGLISH
harmeme_covid_memes_2396,covid_memes_2396.png,This Trump mask looks like hitler from the back Runny.co,HARASSMENT,,ENGLISH
harmeme_covid_memes_2397,covid_memes_2397.png,Gazzillion Ear Lyrics Wear a mask like yo off the Gong Show MF DOOM,HARASSMENT,,ENGLISH
harmeme_covid_memes_2406,covid_memes_2406.png,ITOLD YOU TO WEAR A DAMN MASK!,HARASSMENT,,ENGLISH
harmeme_covid_memes_2407,covid_memes_2407.png,I DON'T NEED A MASK 曲 THE E HOUSE THE WHITE HOUSE WASHINGTON I TALK OUT OF MY ASS,HARASSMENT,,ENGLISH
harmeme_covid_memes_2411,covid_memes_2411.png,"musiC FBAND 'How do you do, fellow kids?",HARASSMENT,,ENGLISH
harmeme_covid_memes_2412,covid_memes_2412.png,no. biden wear a ma- wears one ngtia.com,HARASSMENT,,ENGLISH
harmeme_covid_memes_2413,covid_memes_2413.png,"TRUMP, CAREFULLY CLOSING THE STALL DOOR AFTER THE HORSES ESCAPED.",HARASSMENT,,ENGLISH
harmeme_covid_memes_2417,covid_memes_2417.png,SEPERATED AT BIRTH,HARASSMENT,,ENGLISH
harmeme_covid_memes_2423,covid_memes_2423.png,"TRUMP -2020- KEEP AMERICA GREAT IF WE ALL START WEARING THIS MASK, I WONDER HOW LONG BEFORE THE ""EXPERTS ""SAY WE NO LONGER NEED THEM?",HARASSMENT,,ENGLISH
harmeme_covid_memes_2434,covid_memes_2434.png,trump roasting biden for cóvid wearing mask cov 19,HARASSMENT,,ENGLISH
harmeme_covid_memes_2440,covid_memes_2440.png,When you clean the area so good that the only trash left is you Shit in the streets,HARASSMENT,,ENGLISH
harmeme_covid_memes_2443,covid_memes_2443.png,"TRUMP ITS JUSTA FLU, NOTHING TO WORRY ABOUT. TRUMP: MASKS ARE INEFFECTIVE TRUMP: HYDROKYCHLOROQUINE AND INIECTING DISINFECTANTS WILL CURE THE VIRUSI ALSO (STILL REFUSE TO WEARA MASK TRUMPGETS TESTED POSITIVE FOR COVID LARMA ISAB bom",HARASSMENT,,ENGLISH
harmeme_covid_memes_2447,covid_memes_2447.png,DID YOU KNOW THAT DARTH VADER HATES TRUMP? HE WEARS A MASK.,HARASSMENT,,ENGLISH
harmeme_covid_memes_2453,covid_memes_2453.png,"""MANY PEOPLE SAY-THAT IS IS PATRIOTIC TO WEAR A MASK WHEN YOU CAN'T SOCIALLY DISTANCE"" ""THERE IS NOBODY, MORE PATRIOTIC THAN ME, YOUR FAVORITE PRESIDENT!"" well take it Maint much, but but",HARASSMENT,,ENGLISH
harmeme_covid_memes_2455,covid_memes_2455.png,Trump Finally Takes Off his Mask in Des Moines,HARASSMENT,,ENGLISH
harmeme_covid_memes_2459,covid_memes_2459.png,Trump not using mask Brazílian president not taking the vaccine because he doesn't want to turn into an alligator,HARASSMENT,,ENGLISH
harmeme_covid_memes_2461,covid_memes_2461.png,SO PRIVATE BUSINESS HAVE BANNED PRESIDENT TRUMP! AT AGAIN DAMN I HATE CAPITALISM!,HARASSMENT,,ENGLISH
harmeme_covid_memes_2462,covid_memes_2462.png,"DON'T LISTEN TO DONALD, I DON'T. LISTEN TO THE DOCTORS, I DO. WEAR A MASK, WASH CHANDS OFTEN, AND KEEPASAFE SOCIAL DISTÁNCE BE BESTI in o",HARASSMENT,,ENGLISH
harmeme_covid_memes_2464,covid_memes_2464.png,DO YOU WANNA BUILD A WALL?,HARASSMENT,,ENGLISH
harmeme_covid_memes_2465,covid_memes_2465.png,IM NOTWEARING A MASK FOR MY PROTECTION AND I'M DEFINITELY NOT WEARING A MASK FOR YOUR PROTECTION!,HARASSMENT,,ENGLISH
harmeme_covid_memes_2474,covid_memes_2474.png,"Sorry, Not Sorry UnmincedWords",HARASSMENT,,ENGLISH
harmeme_covid_memes_2476,covid_memes_2476.png,"""An act of modern piracy': A mask shipment from 3M bound for Germany was reportedly diverted to the US THE WHITE HOUSE Aye aye captain trump",HARASSMENT,,ENGLISH
harmeme_covid_memes_2477,covid_memes_2477.png,WALKS IN THE STREETS WITH A DONALD TRUMP MASK ON INTERNATIONAL WOMEN'S DAY Bad Luck Brian Meme - Imgflip,HARASSMENT,,ENGLISH
harmeme_covid_memes_2478,covid_memes_2478.png,"TRUMP ""STOP TRYING TO MAKE FACE MASKS HAPPEN, CAUSE ITS NOT GOING TO HAPPEN",HARASSMENT,,ENGLISH
harmeme_covid_memes_2482,covid_memes_2482.png,Donald J. Trun PRO LIFE! VOTE 48 4K Donald J. Trump MASSIVE REGULATION CUTS VOTE 82K Donald J. Trump O SPACE FORCE. VOoTE! 270K Donald J. Trump DEST VA EVER 91% APPE,HARASSMENT,,ENGLISH
harmeme_covid_memes_2484,covid_memes_2484.png,"THANK YOU, MR. PRESIDENT, FOR WEARING YOUR MASK IN 20",HARASSMENT,,ENGLISH
harmeme_covid_memes_2485,covid_memes_2485.png,HOW TRUMP SUPPORTERS PUT ON FACE MASKS WHICH EXPLAINS WHY THEY HATE THEM,HARASSMENT,,ENGLISH
harmeme_covid_memes_2486,covid_memes_2486.png,WEAR A MASK WEAR A MASK,HARASSMENT,,ENGLISH
harmeme_covid_memes_2487,covid_memes_2487.png,Johnny Depp ripping off his trump mask,HARASSMENT,,ENGLISH
harmeme_covid_memes_2489,covid_memes_2489.png,ANIKAN FETCH ME MY TRUMP MASK ND E A THANK YO WRIT NOTE TO VLADI,HARASSMENT,,ENGLISH
harmeme_covid_memes_2490,covid_memes_2490.png,WHEN BIDEN WINS THE ELECTION AND TAKES OFF HIS MASK SURPRISE!,HARASSMENT,,ENGLISH
harmeme_covid_memes_2491,covid_memes_2491.png,"O Nicole o eaurencolee Getting on Twitter to see that Trump AND Melania caught COID 12:00 PM Cet 2, 2020 O1 $ See the latest COVID-19 information on Twitter",HARASSMENT,,ENGLISH
harmeme_covid_memes_2492,covid_memes_2492.png,"Biden: Ok here's the plan: have you seen Home Alone Obama: Joe, no Biden: Just one booby trap Obama: Joe 908 2.023",HARASSMENT,,ENGLISH
harmeme_covid_memes_2496,covid_memes_2496.png,WHAT IF THE REAL REASON PRESIDENT TRUMP DOESN'T WEARA FACE MASK IS BECAUSE HE KNOWS THAT COVID-19 WAS A BOTCHED 2019 FLU SHOT THAT IS KILLING THOUSANDS WORLDWIDE AND PRESIDENT TRUMP IS A AN ANTIVAXXER.,HARASSMENT,,ENGLISH
harmeme_covid_memes_2499,covid_memes_2499.png,"I DON'T ALWAYS WEAR 'A MASK TRUMP VERSITRY LEACH BUT WHEN I DO, I MAKE SURE 'ITS LIES' AND NOT THE KINDA OF MASK THAT CAN PROTECT QTHERS FROM CORONAVIRUS",HARASSMENT,,ENGLISH
harmeme_covid_memes_2501,covid_memes_2501.png,"Eily randwin eciupg The White House praising Trump's mask wearing is like a parent praising their potty training toddler. ""Donny wore a mask ""Now, can Donny make a boom boom in the potty?"" Brad Parscale e @parscale #AmericaFirst",HARASSMENT,,ENGLISH
harmeme_covid_memes_2502,covid_memes_2502.png,"THE J"" IN DONALD J. TRUMP STANDS FOR JENIUS.",HARASSMENT,,ENGLISH
harmeme_covid_memes_2506,covid_memes_2506.png,WELL IGOT COVID STILL NOT WEARINGA FACE MASK mas,HARASSMENT,,ENGLISH
harmeme_covid_memes_2507,covid_memes_2507.png,Tom WEAR A MASK Wiliams temwidanil Thank you Jonathan Swan for giving us such great meme material,HARASSMENT,,ENGLISH
harmeme_covid_memes_2508,covid_memes_2508.png,WHO WORE IT BEST ?,HARASSMENT,,ENGLISH
harmeme_covid_memes_2509,covid_memes_2509.png,THE COMMISSION ON PRESIDENTIAL DEBATES ANNOUNCES THAT MASKS WILL BE MANDATORY AT THE NEXT TWO DEBATES.,HARASSMENT,,ENGLISH
harmeme_covid_memes_2512,covid_memes_2512.png,Trump has been advised by his staff to wear a mask,HARASSMENT,,ENGLISH
harmeme_covid_memes_2514,covid_memes_2514.png,YOU'RE NOW AT ODDS WITH TRUMP ON THIS CONGRATULATIONS,HARASSMENT,,ENGLISH
harmeme_covid_memes_2515,covid_memes_2515.png,"Then he asked why Joe, a private citizen, didn't declare a mask mandate",HARASSMENT,,ENGLISH
harmeme_covid_memes_2516,covid_memes_2516.png,CHINA CREATED THIS VIRUS IN A LAB. WAKE UP YOU SHEEPI ALSO COVID-19 IS A HOAX! F'CK WEARING A MASK YOU SHEEP,HARASSMENT,,ENGLISH
harmeme_covid_memes_2520,covid_memes_2520.png,"When they told Trump to wear mask for the CDC photograph, they weren't nearly specific enough.",HARASSMENT,,ENGLISH
harmeme_covid_memes_2521,covid_memes_2521.png,"WHATEVER YOU ARE, BE A GOOD ONE. IF NOT NOW, WHEN? IF NOT US, WHO? YOUR VOICE CAN INJECT YOURSELVES CHANGE THE WORLD WITH DISINFECTANT",HARASSMENT,,ENGLISH
harmeme_covid_memes_2522,covid_memes_2522.png,Trump has been advised by his staff to wear a mask boredpanda.com,HARASSMENT,,ENGLISH
harmeme_covid_memes_2523,covid_memes_2523.png,I'M NOT WEARING A MASK FOR MY PROTECTION COUNDI AND I'M DEFINITELY NOT WEARING A MASK FOR YOUR PROTECTION!,HARASSMENT,,ENGLISH
harmeme_covid_memes_2525,covid_memes_2525.png,Donald J. Trump O @realDo. 34m STOP THE COUNT! 101.1K t7 128K 183.3K The fuck did I do!?,HARASSMENT,,ENGLISH
harmeme_covid_memes_2528,covid_memes_2528.png,CANADA AUSTRALIA GERMANY FRANCE MEANWHILE IN AMERICA,HARASSMENT,,ENGLISH
harmeme_covid_memes_2531,covid_memes_2531.png,"LIVE CAMPNIGN RALLY IN SARASOTA, FLORIDA UMP Sarasota Fairgrounds UMP PENCE ROAD rO TH WHITE HOUSE CSPAN Test TRUMP s80a2 Sarasotaa, Florida",HARASSMENT,,ENGLISH
harmeme_covid_memes_2533,covid_memes_2533.png,Trump mask looks like Hitler if you flip it around,HARASSMENT,,ENGLISH
harmeme_covid_memes_2535,covid_memes_2535.png,"CHRIS WALLACE CRITICIZES TRUMP FAMILY FOR NOT WEARING MASKS, THE 'LESSON' IS 'WEAR THE DAMN MÁSK LIVE Vox PRESIDENT TRUMP TESTS POSITIVE FOR COVID-19 NEWS mrcV",HARASSMENT,,ENGLISH
harmeme_covid_memes_2536,covid_memes_2536.png,"Biden caught red-handed Lusing a teleprompter HIS HARIS FLORIDA BID HAR FLORIDA BID HARR ""Ok, I lost that line.""",HARASSMENT,,ENGLISH
harmeme_covid_memes_2541,covid_memes_2541.png,"MASKS ARE A MIND CONTROL DEVICE FROM THE SOCIALIST,COMUNIST,OBAMAIST AND MUSLIMIST.",HARASSMENT,,ENGLISH
harmeme_covid_memes_2542,covid_memes_2542.png,TELL ME AGAIN HOW FACE MASKS ARE JUST A POLITICAL MOVEMENT AGAINST TRUMP. COVID-19 A HOAX YOU SAY mghocom,HARASSMENT,,ENGLISH
harmeme_covid_memes_2543,covid_memes_2543.png,JESUS WOULDWEARA MASK DONALD TRUMP IS NOT JESUS,HARASSMENT,,ENGLISH
harmeme_covid_memes_2548,covid_memes_2548.png,Brandon Potts 18h ở Walking to her car from dollar store. Was knocked out for wearing a Trump mask,HARASSMENT,,ENGLISH
harmeme_covid_memes_2549,covid_memes_2549.png,"IF YOU NEED TO LEAVE THE HOUSE TO GET GROCERIES, FUCK TRUMP THIS MASK WILL DECREASE YOUR CHANCES OF GETTING COVID-19 FROM A VIRUS DENIER.",HARASSMENT,,ENGLISH
harmeme_covid_memes_2551,covid_memes_2551.png,TRUMPTARD FACE MASKS,HARASSMENT,,ENGLISH
harmeme_covid_memes_2554,covid_memes_2554.png,MAKE AMERICA HATE AGAIN TRUMPSTERS CAN FINALLY WEAR THEIR MASKS IN PUBLIC!,HARASSMENT,,ENGLISH
harmeme_covid_memes_2555,covid_memes_2555.png,THE WHITE IHOU AT THIS POINT I WOULD FEEL SAFER IF THE CORONAVIRUS GAV PRESS CONFERENCE ABOUT HOV IT'S GOING TO SAVE US FROM TRUMP.,HARASSMENT,,ENGLISH
harmeme_covid_memes_2556,covid_memes_2556.png,"I BET IF YOU TELL TRUMP THAT IF HIS SUPPORTERS DONT WEAR MASKS THEY WILL BE TOO SICK OR DEAD AND UNABLE TO VOTE FOR HIM, HE WOULD PASS A MASK LAW",HARASSMENT,,ENGLISH
harmeme_covid_memes_2558,covid_memes_2558.png,WEAR A MASK PRESIDENT DUMBASS,HARASSMENT,,ENGLISH
harmeme_covid_memes_2559,covid_memes_2559.png,"For the indecisive voter, Ipresent to you, ""Clump",HARASSMENT,,ENGLISH
harmeme_covid_memes_2561,covid_memes_2561.png,HEY TRUMPIYOU CAN TAKE OFF YOUR MASK NOW,HARASSMENT,,ENGLISH
harmeme_covid_memes_2562,covid_memes_2562.png,"REFUSES TO WEAR A MASK. TRUM CAUSE IT MAKES HER LOOK ""SILLY!",HARASSMENT,,ENGLISH
harmeme_covid_memes_2563,covid_memes_2563.png,"TRUMP SAYS HE WON'T WEAR A FACE MASK, DESPITE THE CDC'S RECOMMENDATION GUESS HE THINKS IT WOULD MAKE HIM LOOK STUPID",HARASSMENT,,ENGLISH
harmeme_covid_memes_2571,covid_memes_2571.png,Trump said this mask will protect me from Covid-19,HARASSMENT,,ENGLISH
harmeme_covid_memes_2572,covid_memes_2572.png,"Trump You don't tug on Supermon's cope; You don't spit in the wind; You don't pull the mosk off the ole Long Ranger; and, You don't mess oround with John AMERICANGA NEWSX Jordan y Leland Shouldn't have dissed a war hero, draft dodger. [LK] Follow us American News X",HARASSMENT,,ENGLISH
harmeme_covid_memes_2573,covid_memes_2573.png,Ziwe Follow comedy and tragedy 12:58 PM - 24 May 2017 + 23 117 v 457,HARASSMENT,,ENGLISH
harmeme_covid_memes_2577,covid_memes_2577.png,The reason Trump agreed to wear a mask,HARASSMENT,,ENGLISH
harmeme_covid_memes_2579,covid_memes_2579.png,"213,000 Americans died because Donald Trump refused to be honest with the American people.",HARASSMENT,,ENGLISH
harmeme_covid_memes_2581,covid_memes_2581.png,WAAAAAAAAAHHHHHI I DON'T WANNA WEAR A MASK!,HARASSMENT,,ENGLISH
harmeme_covid_memes_2585,covid_memes_2585.png,EHong Man That derivi VI the Riah the I have a mask right here!,HARASSMENT,,ENGLISH
harmeme_covid_memes_2586,covid_memes_2586.png,"""Ill order you a Trump mask so you can make her cum for once.""",HARASSMENT,,ENGLISH
harmeme_covid_memes_2587,covid_memes_2587.png,"PLEASE PACK MY RALLY'S AND SUPPORT BACK TO WORK PROTESTS! REMEMBER, NO MASKS, NO GLOVES AND HUG AND KISS YOUR FELLOW PROTESTERS! makeameme.org",HARASSMENT,,ENGLISH
harmeme_covid_memes_2588,covid_memes_2588.png,"WE HAD THE LOWEST BLACK UNEMPLOYMENT NUMBERS IN HISTORY. NO JOE, THAT WAS TRUMP. WE CREATED OPPORTUNITY ZONES IN COMMUNITIES WITH HIGH LEVELS OF POVERTY. NO JOE, THAT WAS TRUMP WE RESTORED AND INCREASED FUNDING TO HISTORICAL BLACK COLLEGES AND UNIVERSITIES. NO JOE, THAT WAS TRUMP. WE REFORMED THE CRIME BILL I WROTE AND SPONSORED IN 1994. NO JOE, THAT WAS TRUMP. MAN, THAT GUY IS A RACIST. icnoflip.com A TrumpArea.comO",HARASSMENT,,ENGLISH
harmeme_covid_memes_2589,covid_memes_2589.png,"When they told Trump to wear a mask for the CDC photograph, they weren't nearly specific enough.",HARASSMENT,,ENGLISH
harmeme_covid_memes_2590,covid_memes_2590.png,"Go Ahead Trump, Don't Wear a Mask! meme-generator.com",HARASSMENT,,ENGLISH
harmeme_covid_memes_2591,covid_memes_2591.png,@dezirae29 Trump: *says the virus is fake* Covid: I know more about wind than you do. ..and I took that personally Corporate needs you to find the differences between this picture and this picture.,HARASSMENT,,ENGLISH
harmeme_covid_memes_2592,covid_memes_2592.png,"Donald Trump Jr. O June 30 at 5:35 PM : •.. Solid point. This is what virologist wear to protect themselves from a virus. Don't worry, though. Your bandana probably works, too.",HARASSMENT,,ENGLISH
harmeme_covid_memes_2593,covid_memes_2593.png,Trump: doesn't wear mask COVID-19:,HARASSMENT,,ENGLISH
harmeme_covid_memes_2594,covid_memes_2594.png,"THE CDC WANTS YOU TO WEAR A MASK IN PUBLIC. IT'S NOT ABOUT THE VIRUS, THEY'RE JUST TIRED OF LOOKING AT YOUR UGLY FACE. makeameme.org",HARASSMENT,,ENGLISH
harmeme_covid_memes_2595,covid_memes_2595.png,THIS IS DONALD TRUMP @_thebles UNDER HIS MASK makeameme.org,HARASSMENT,,ENGLISH
harmeme_covid_memes_2596,covid_memes_2596.png,trump roasting biden for covid wearing mask cov 19,HARASSMENT,,ENGLISH
harmeme_covid_memes_2597,covid_memes_2597.png,TRUMP FACE MASK GOGGLES makeameme.org,HARASSMENT,,ENGLISH
harmeme_covid_memes_2598,covid_memes_2598.png,"TRUMP FINALLYWEARS A MASK ""makeameme:org",HARASSMENT,,ENGLISH
harmeme_covid_memes_2599,covid_memes_2599.png,"nigrants, deport immigro ld a wall, never tax the",HARASSMENT,,ENGLISH
harmeme_covid_memes_2600,covid_memes_2600.png,Trump had been advised by his staff to wear a mask they weren't nearly specific enough. Calm Dog,HARASSMENT,,ENGLISH
harmeme_covid_memes_2601,covid_memes_2601.png,YOU WEAR A MASK! YOU WEAR A MASK! IM NOT WEARINGA MASK makeameme.org,HARASSMENT,,ENGLISH
harmeme_covid_memes_2602,covid_memes_2602.png,My sunburnt ass Literally anyone trying to offer me sunscreen,HARASSMENT,,ENGLISH
harmeme_covid_memes_2806,covid_memes_2806.png,Government: Work from home Government: Work from home Donald Trump: Homeless People: A,HARASSMENT,,ENGLISH
harmeme_covid_memes_3033,covid_memes_3033.png,Wash your hands like you're washing Jason Mamoa,HARASSMENT,,ENGLISH
harmeme_covid_memes_3106,covid_memes_3106.png,"""MY FELLOW AMERICANS, CAN YOU SPARE A SQUARE?"" A FUTURE TO BELIEVE IN BERNIE: 'WE MUST SEIZE THE MEANS OF TOILET PAPER PRODUCTION",HARASSMENT,,ENGLISH
harmeme_covid_memes_3260,covid_memes_3260.png,Percy Altright SAorignlercy Boris Johnson policy gathering pace #Coronavirusoutbreak BorisResign GIF,HARASSMENT,,ENGLISH
harmeme_covid_memes_3274,covid_memes_3274.png,2020 WUHAN VIRUS PANDEMIC THANK GOD I LOST! makeameme.org,HARASSMENT,,ENGLISH
harmeme_covid_memes_3277,covid_memes_3277.png,STAY TUNED BECAUSE AFTER THE BREAK WORLD NEWS WE SPEAK WITH LEADING VIRUS EXPERT KAREN FROM FACEBOOK,HARASSMENT,,ENGLISH
harmeme_covid_memes_3279,covid_memes_3279.png,"THIS QUACK, AN ARCHITECT OF OBAMA CARE. RECKONS THE CORONA VIRUS SHUTDOWN WILL GO ON FOR AT LEAST 18 MONTHS MORE. HE DOES NOT REALISE THAT HIM AND HIS KIND WILL NOT BE ON THIS EARTH THAT LONG. AND WE CANT WAIT FOR 75% UNEMPLOYMENT.",HARASSMENT,,ENGLISH
harmeme_covid_memes_3302,covid_memes_3302.png,"China officials knew of coronavirus in December, ordered cover-up, report says WORLD OWES CHINA ""GRATITUDE AND RESPECT FOR CORONAVIRUS RESPONSE",HARASSMENT,,ENGLISH
harmeme_covid_memes_14,covid_memes_14.png,TAKING CORONAVIRUS SERIOUSLY& ISTENING TO PUBLIC HEALTH EXPERTS GOLF AND CAMPAIGN RALLIES PAID FOR BY AB PAC. NOT AUTHORIZED BY ANY CANDIDATE OR CANDIDATE'S CAMPAIGN COMMITTEE. imgflip .com,HARASSMENT,,ENGLISH
harmeme_covid_memes_3408,covid_memes_3408.png,CHUCK NORRIS HAS BEEN EXPOSED TO THE CORONAVIRUS MAN THE VIRUS IS NOW IN QUARANTINE FOR THE NEXT TWO WEEKS,HARASSMENT,,ENGLISH
harmeme_covid_memes_3413,covid_memes_3413.png,Shaan Rasul Keswani Vissal Storyteller March 20 at PM On great more bad news When you open another COVID-19 MASSMAIL from President Tim Killeen and Chancellor Jones AM READY TO GET HURT AGÅIN.,HARASSMENT,,ENGLISH
harmeme_covid_memes_3429,covid_memes_3429.png,PUTTING PENCEINCHARGEOF CORONAVIRUSIS TRRESPONSIBLE BECAUSBHE LITERALLYDOES NOT BELIEVBINSCIENCE STATUS LELE UNLIKE ME WHO HAS MODERN SOLUTIONS TO MODERN PROBLEMS,HARASSMENT,,ENGLISH
harmeme_covid_memes_3486,covid_memes_3486.png,Sagar Osagarcasm Nov 2 Me I want to open a new account SBl employee: What's your name? Me Harshad Mallya Sal employee:,HARASSMENT,,ENGLISH
harmeme_covid_memes_3616,covid_memes_3616.png,m Sama you may dhe the Corona Virus. Were meant to die from dlimate change,HARASSMENT,,ENGLISH
harmeme_covid_memes_3628,covid_memes_3628.png,CHUCK NORRIS HAS BEEN EXPOSED TO THE CORONAVIRUS MAN THE VIRUS IS NOW IN QUARANTINE FOR THE NEXT TWO WEEKS,HARASSMENT,,ENGLISH
harmeme_covid_memes_3653,covid_memes_3653.png,"HOW TO KILL THE CORONOVIRUS. Hey Hillary, I hear the Coronavirus is going to testify against you.",HARASSMENT,,ENGLISH
harmeme_covid_memes_3670,covid_memes_3670.png,"DONT WORRY, AMERave to stay in youe hosett ME: Fuck you Ineed some dic Covid 19 Memes CORONAVIRUS IS NOTHING COMPARED TO WINDMILL CANCER! Quates Hus",HARASSMENT,,ENGLISH
harmeme_covid_memes_3678,covid_memes_3678.png,I WANTYOU TO DIE for our ECONOMY OPEN AMERICA TODAY!,HARASSMENT,,ENGLISH
harmeme_covid_memes_3689,covid_memes_3689.png,TRUMP AND HIS FOLLOWERS DEMANDED THAT WE OPEN AMERICA BACK UP IN THE MIDDLE OF A PANDEMIC COVID-19 MEMES AND NOW THE SECOND WAVE OF COVID-19 IS COMING!,HARASSMENT,,ENGLISH
harmeme_covid_memes_3705,covid_memes_3705.png,LUKASO LARAEO3 -IN THE MORNING- 1051,HARASSMENT,,ENGLISH
harmeme_covid_memes_3708,covid_memes_3708.png,Imagine Lee Hsien Loong trying to hold in a normal cough during his COVID-19 address tonight SGAG,HARASSMENT,,ENGLISH
harmeme_covid_memes_3711,covid_memes_3711.png,I killed Saddam Hussein I killed Osama Bin Laden I killed Qassem Soleimani Iklled the world's economy Cand we created/ and shipped Covid-191,HARASSMENT,,ENGLISH
harmeme_covid_memes_3719,covid_memes_3719.png,WEVE GOT NO FOOD WEVE GOT NO JOBS ANGEL MORONI'S TRUMPET IS FALLING OFF!,HARASSMENT,,ENGLISH
harmeme_covid_memes_3727,covid_memes_3727.png,"FINALLY GETS A DATE AFTER 6 MONTHS, WITH A HOT ASIAN WOMAN. COVID 19 OUTBREAK 3 MILES DOWN THE ROAD.",HARASSMENT,,ENGLISH
harmeme_covid_memes_3833,covid_memes_3833.png,"DID HE REALLYSAY ""INJECT A DISINFECTANT""",HARASSMENT,,ENGLISH
harmeme_covid_memes_3839,covid_memes_3839.png,NEVER TRAVEL WITH TOM HANKS his ship got hijacked his plane crashed he got stuck at airport stranded on an island AND NOW HAS COVID-19,HARASSMENT,,ENGLISH
harmeme_covid_memes_3851,covid_memes_3851.png,"TFW the October Surprise is the doctor saying, ""Sorry, sir, but you've tested positive for coronavirus""",HARASSMENT,,ENGLISH
harmeme_covid_memes_3852,covid_memes_3852.png,Sco KAREN AND THE GİRLS DURING COVID-19 KAPWING,HARASSMENT,,ENGLISH
harmeme_covid_memes_4235,covid_memes_4235.png,"DiscussingFim 'Home Alone 2: Lost In New York' star Donald Trump has tested positive for COVID-19. (Source: @roaiDonaldTrump) T4Z AM Oct 2, 2000 - Twiter lor Pens 10.4K Retweets 1.SK Ouate Tweets 4GK Lkes",HARASSMENT,,ENGLISH
harmeme_covid_memes_4287,covid_memes_4287.png,Dan Za This is an opportunity for President Trump to test out his new revolutionary treatments for COVID-19. StrumplasCovid ped,HARASSMENT,,ENGLISH
harmeme_covid_memes_4294,covid_memes_4294.png,"elle spooky era DAZIDEUPHORIA *trump saying covid is a hoax"" trump after testing positive for covid: # TrurmpHasCovid So that was a fucking lre. 1251 AM-Oct 2, 2000- Twitter for Phone",HARASSMENT,,ENGLISH
harmeme_covid_memes_4300,covid_memes_4300.png,CHUCK NORRIS HAS BEEN EXPOSED TO THE CORONAVIRUS MAN THE VIRUS IS NOW IN QUARANTINE FOR THE NEXT TWO WEEKS,HARASSMENT,,ENGLISH
harmeme_covid_memes_4357,covid_memes_4357.png,"emissthugger Trump tested positive for Covid-19 and I am pretty sure the Simpson's have never lieda#TrumpHasCovid 12:52 AM Det 2, 2020 Twitter for IPhone",HARASSMENT,,ENGLISH
harmeme_covid_memes_4417,covid_memes_4417.png,khou.cem HINI Virus COVID 19 EiS. CASES US CASES 6oS MILAJON 6 MILLION - PANIC LEVEL- ZERO - PANICLENEA.- MASS HYSTIRIA CINA BLAMED- TRUMP BLAMED-,HARASSMENT,,ENGLISH
harmeme_covid_memes_4462,covid_memes_4462.png,DONALD TRUMP CURRENT COVID-19 PANDEMIC TIGER KING PARDON,HARASSMENT,,ENGLISH
harmeme_covid_memes_4516,covid_memes_4516.png,"Colin Snoka Trump after receiving his Covid diagnosis: El Arroys WELL, WELL, WELL, IF IT ISN'T THE CONSEQUENCES OF MY OWN ACTIONS 134 AM-Oc2, 1000 Twer ter Phon",HARASSMENT,,ENGLISH
harmeme_covid_memes_4526,covid_memes_4526.png,TChalaHDR Trump: Covid is a Democratic Hoax Covid:,HARASSMENT,,ENGLISH
harmeme_covid_memes_5079,covid_memes_5079.png,MODI JI RIGHT NOW SUMMER IS COMING AND IAM STRUCK IN INDIA.,HARASSMENT,,ENGLISH
harmeme_covid_memes_5219,covid_memes_5219.png,When You Can't Go To Different Countries Anymore.,HARASSMENT,,ENGLISH
harmeme_covid_memes_5395,covid_memes_5395.png,Spent a week without leaving India.,HARASSMENT,,ENGLISH
