id,image,caption,label,severity,language
multioff_train_0001,LJ3r8Gy.jpg.png,"OFFICIAL BERNIE SANDERS DRINKING GAME ! Every time The Bernster mentions a free government program , chug somebody else 's beer !",SAFE,UNAVAILABLE,ENGLISH
multioff_train_0002,qDnIIHA.png,2:28 PM THIS IS A WALL INSIDE A NAZI GAS CHAMBER dwebs WHEN A DEMOCRAT MENTIONS GUN CONTROL REMEMBER THIS PICTURE,OFFENSIVE,UNAVAILABLE,ENGLISH
multioff_train_0003,1JQk5NF.png,o shit waddup ! BERNIE SANDERS COM,OFFENSIVE,UNAVAILABLE,ENGLISH
multioff_train_0004,iMMNq.png,`` MITT ROMNEY IS THE WORST REPUBLICAN IN THE COUNTRY TO PUTUP AGAINST BARACK OBAMA . '' ENDORSE MITT ROMNEY,SAFE,UNAVAILABLE,ENGLISH
multioff_train_0005,jAi3iI1.png,"Anonymous ( ID : duqdA1io a 08/05/16 ( Fri ) 16:32:48 No . 84231555 84231620 84231654 84231659 84231689 84231698 2 84231735 > > 84231790 > > 84231867 > > 84231910 > 84232021 > > 84232120 > > 84232180 > > 84232228 84232342 84232377 84232671 84232765 > > 84232970 File : image jpg ( 92 KB , 740x547 ) repeating digits and I will pass away before getting to witness a Trump vs Hillary debate",SAFE,UNAVAILABLE,ENGLISH
multioff_train_0006,0WBXRH9.png,"kle watching the dem debate HELL YEAH , BERNIE ! Why is Hillary avoiding the questions ? Stahp HILLARY Fucking stop . I SWEAR TO FUCKING GOD HILLARY ANSWER THE GOD DAMN QUESTION STOP AVOIDING THE TOPIC AND ACTUALLY HAVE A FUCKING DEBATE ALI",OFFENSIVE,UNAVAILABLE,ENGLISH
multioff_train_0007,oEGSd01.png,TRUMP ISANASSHOLE AND HILLARY ISALIAR IIWISHICOULD VOTE FOR THAT NEGROAGAIN,OFFENSIVE,UNAVAILABLE,ENGLISH
multioff_train_0008,RfpjmXp.png,"`` WE DO N'T HAVE A COP PROBLEM IN AMERICA . ARE THERE PROBLEM COPS ? SURE , BUT BLACK AMERICA DOES NOT HAVE A COP PROBLEM . THE COPS DO MORE IN OUR NEIGHBORHOOD THAN THEY DO IN ANY OTHER NEIGHBORHOOD WE HAVE A LIBERAL DEMOCRAT PROBLEM KEVIN JACKSON",OFFENSIVE,UNAVAILABLE,ENGLISH
multioff_train_0009,uDbb5Gk.png,Bernie or Hillary ? Be informed . Compare them on the issues that matter . Issue : here come dat boi o shit *Here comes that boy . waddup obvi plant,SAFE,UNAVAILABLE,ENGLISH
multioff_train_0010,Z1VeVXi.png,WHO RUN WORLD2 VY PARK Milk the Cow Podcast Like Page Yesterday at 8:40am . BeyoncÌ© pays the sweatshop workers who make her lvypark range 44 pence an hour and in the same breath preaches empowerment .,OFFENSIVE,UNAVAILABLE,ENGLISH
multioff_train_0011,pvCTAHi.png,"Republican 1988 , Reform Party 1999 Democrat 2004 , Republican 2009 Independent 2011 , Populist 2016 , Americans Love/Hate him Traditional Marriage 3 , Divorced 2 , Anti-immigration , Marries an Immigrant Hates Muslims , Helps Rich Muslims Loves China , Stocks in China Buy His Books and Get Rich . NEXT PRESIDENT OF CHINA and USA MAKE TRUMP RICH AGAIN",OFFENSIVE,UNAVAILABLE,ENGLISH
multioff_train_0012,wzOK4S3.png,Give a man a fish and you feed him for a day Teach a man to fish and you feed him for a lifetime . Promise a man someone else 's fish each day and you create a lifelong Democrat voter . facebo Go To RightAlerts.com For Breaking News Without The Liberal Bias,OFFENSIVE,UNAVAILABLE,ENGLISH
multioff_train_0013,Q29wRyg.png,BERT ERNIE BERNIE,SAFE,UNAVAILABLE,ENGLISH
multioff_train_0014,2aiRLNR.png,Bernie or Be informed . Compare them on the issues that matter . Pepe `` I love the sad frog ! '' rares,OFFENSIVE,UNAVAILABLE,ENGLISH
multioff_train_0015,5YMQ6wi.png,VOTE GREEN BERNIE ANGRY !,SAFE,UNAVAILABLE,ENGLISH
multioff_train_0016,DBSMGfC.png,800 PM ET BREAKING NEWS CLINTON-TRUMP DEBATE BEGINS MOMENTARILY ON CNN LIVE ON CNN,SAFE,UNAVAILABLE,ENGLISH
multioff_train_0017,vbrzXLV.png,Why does Mike Pence always look like he 's about to introduce legislation to outlaw the X Men,OFFENSIVE,UNAVAILABLE,ENGLISH
multioff_train_0018,Rqzw9Co.png,IF YOU COULD PLEASE NOT ELECT TRUMP AS YOUR PRESIDENT THAT 'D BE GREAT made on inngur,OFFENSIVE,UNAVAILABLE,ENGLISH
multioff_train_0019,KMa8L39.png,Campaign Manager : `` We need more millennial votes . '' Trump : `` Say no more fam,OFFENSIVE,UNAVAILABLE,ENGLISH
multioff_train_0020,bCuLRM2.png,BERNIE HOWL WILL YOU APPEAL TO CHRISTIANS ? l'MASOCIALISTLEW WHOWANTS MONEY LENDERS TO BE HELD ACCOUNTABLE FORTHEIRCRIMESEDL,SAFE,UNAVAILABLE,ENGLISH
multioff_train_0021,uluP5WP.png,"In the news Bernie Sanders Wins Connecticut 's Democratic Primary Huffington Post 1 hour ago Bernie Sanders ( l-Vt. ) has won Connecticut 's Democratic Futur TORELIEVEIN primary , giving his campaign a Hillary Clinton Defeats Bernie Sanders In Maryland Primary Huffington Post 2 hours ago Bernie Sanders Plays The Literal Trump Card Huffington Post 7 hours ago More news for `` huffington post '' `` bernie sanders '' connecticut Hillary Clinton Wins Connecticut 's Democratic Primary Huffi . www.huffingtonpost.com/ ... /hillary-clinton-connecti The Huffington Post 2 mins ago Bernie Sanders ( l-Vt. ) was hoping to score an upset in the Nutmeg State , which has something of a history of backing more liberal candidates .",SAFE,UNAVAILABLE,ENGLISH
multioff_train_0022,2siNIoX.png,EITHER HILLARY IS INNOCENT OR YOU CA N'T TRUST A REPUBLICAN TO HEAD UP THE FBI GOP SUPPORTERS MIGHT WANT TO SIT THIS ONE OUT on inngur,SAFE,UNAVAILABLE,ENGLISH
multioff_train_0023,i1KC0aU.png,le acid . FEEL THE BERN Do you support Sanders 2016 sir ? FEEL THE BERN FEEL THE AHHHHHHHHHHHHH ! IT BERNS BERN,OFFENSIVE,UNAVAILABLE,ENGLISH
multioff_train_0024,2Qo03El.png,"please dont watch/try to converse w/ me if you are/believe in any of the following : anti-sjw anti feminism anti self-diagnosis homophobic/transphobic/etc believe in any form of reverse oppression tru scum/transmedicalist anti other kin/fictionkin or disagree with nounself/neopronouns ( im not otherkin myself but i have friends who are are and i will fight anyone who harasses them > :0 ) ship anything incestous , pedophilic , a large age gap , or abusive agree with donald trump/want him for president ( ya need bernie sanders )",SAFE,UNAVAILABLE,ENGLISH
multioff_train_0025,Bq3Oe2TIAAAUgik.jpg,"10:47 PM AT & T en.m.wikipedia.org ey playing for the United States in May 2013 Personal information Clinton That Man Mama Dempsey March 9 , 1983 ( age 31 ) 11 rth irth Nacogdoches , Texas , United States 1.85 m ( 6 ft 1 in ) 2 ] Forward , Attacking Midfielder osition Club information Seattle Sounders FC am Youth career Dallas Texans",OFFENSIVE,UNAVAILABLE,ENGLISH
multioff_train_0026,ugTPNMd.png,"K Notes October 31 , 2016 at 12:40 PM Dear Huma Psst . Just wanted to let you know l think climate change is fake . Also , women should be punished for abortions . Plus , Mexicans are rapists and criminals , and Muslims ( all of them ) should be treated like terrorists . Oh , and get this : I have n't paid taxes in years . Like , almost no taxes at all . Alright , got ta run , Tim Kaine wants to chat about how conversion therapy is good . And when we 're done , I 'm gon na grab him by the cock , which I 'm allowed to do because I 'm famous . You 're a 4 at best Hillary P. S. What day do l have to be in court for my child rape thing again ?",SAFE,UNAVAILABLE,ENGLISH
multioff_train_0027,0vqvDs5.png,"Manny Loko Jimenez This offends me as a vegan transgender atheist German engineer who vapes organic decaffeinated compressed soy breast milk on the regular and a person Who does Indian naked crossfit yoga five times per week l 'm also a male feminist and identity myself as a Rastafarian Apache helicopter who serves only to one master my Chihuahua Which I . Helped Cross the border of Mexico plus l hate Donald Trump.My dog also walks me , if you find that weird you 're a arrogant ignorant homophobic globaphobic sexist Sun at 6:40 PM Like I 758 Reply",SAFE,UNAVAILABLE,ENGLISH
multioff_train_0028,ewKXYvk.png,TELL ME AGAIN HOW MEGYN KELLY IS AHELPLESS VICTIM TO DONALD TRUMPS MYSOGYNY AND NEEDS ARE SYMPATHY,SAFE,UNAVAILABLE,ENGLISH
multioff_train_0029,BuTZiB-IAAIO3am.png,Monica Loves CLINTON-DIY # Fantasy FootballTeamNames ( CONFLRT.com,SAFE,UNAVAILABLE,ENGLISH
multioff_train_0030,fW7CAvO.png,ITS SIMPLE BERNIE HILLARY TRUMP,SAFE,UNAVAILABLE,ENGLISH
multioff_train_0031,KIiW0Lw.png,"Ya Boi Bernie Apr 30 at 6:48pm B oh noe ! if you come upon this image while scrolling you have been visited by DAT BOI BERNIE ! Comment `` o shit waddup '' in 42069 seconds and you will be blessed with student loan forgiveness , or else you will be doomed to suffer at the hands of the yuge corporashuns and smoke only mids forever o shi Wadd",OFFENSIVE,UNAVAILABLE,ENGLISH
multioff_train_0032,CboHZesW8AACcdP.jpg,"Bernie or Hilla Be informed , Compare em on the issues that matter issue : Real Nigga Hours Smash dat muthafuckin like button ! ! !",OFFENSIVE,UNAVAILABLE,ENGLISH
multioff_train_0033,dZVtSfm.png,Alton Sterling : Father of 3 sentenced to immediate death by law enforcement after selling CDs outside a gas station . America Hillary Clinton : Carelessly allows Int ' l access to Top Secret Government info with no consequence from law enforcement .,SAFE,UNAVAILABLE,ENGLISH
multioff_train_0034,IVgSveX.png,Clever bot Dank memes . Hi mc donald . Dank memes . Just do it . Dank memes . Ok . share ! Dank Memes think about it think for me thoughts so far,SAFE,UNAVAILABLE,ENGLISH
multioff_train_0035,mVjzFQY.png,I SIGN UP ON REPUBLICAN EMAIL LISTS ASO I CAN MARK THEM AS SPAM made on imgur,SAFE,UNAVAILABLE,ENGLISH
multioff_train_0036,0nF9BpI.png,GMA on Safari : Army GMA on Safari : Mus Robach 's Amazing J See Moments From In Depth : Extreme Weather Strikes Deadly Storms in the Snow Squalls Trigge West Massive 40-Car Pile- Good Morning America Rewind Analysis of the Presidential Candidate Marco Rubio Reacts Republican Presiden,OFFENSIVE,UNAVAILABLE,ENGLISH
multioff_train_0037,Nbo6iZU.png,"IF TRUMP LOSES Illegals will pour into our country . Our borders will be unsecured . China will put us further in debt . ISIS will not be destroyed and will thrive . The Constitution will no longer exist ! Our economy will NEVER ever recover . Radical Mslm will take control and destroy our Way of life . Our Vets will die shamelessly . No matter where you or your family go , you wo n't be safe . America will no longer exist ! Vote Donald Trump !",OFFENSIVE,UNAVAILABLE,ENGLISH
multioff_train_0038,KZoud4R.png,O 4G 28 % 7:51 Top Tweet from your timeline HEINHE CIMBED LEERS 0:07 I CNN CNN 12h Is Gary Johnson the answer for voters looking for an alternative ? # LibTownHall airs at 9p ET Cnn.it/ 397 View Tweet 466,SAFE,UNAVAILABLE,ENGLISH
multioff_train_0039,m85k7GR.png,DEPARTMENT OF JUSTICE BLOCKS INVESTIGATION OF CLINTON ADMINISTRATION GOES AROUND THEM AND STARTS INVESTIGATION ANYWAY made on imgur,SAFE,UNAVAILABLE,ENGLISH
multioff_train_0040,LEMUxIr.png,TRUMP SAYS FUCK ALL YOU BERNIE SANDERS 20 SOMETHINGS WHY DONT YOU GET YOUR ASS AOUT THERE AND FUCKING WORK LIKE WE ALL DID AND STOP ASKING FOR FREE SHIT.. ! ! !,OFFENSIVE,UNAVAILABLE,ENGLISH
multioff_train_0041,9gSRNmP.png,"Give a man a fish , and he eats for a day . Give a man a welfare check , a free cellphone , food stamps section 8 housing , a six-pack of beer , a crack pipe , and some Air Jordon 's , and he 'll vote Democrat the rest of his life",OFFENSIVE,UNAVAILABLE,ENGLISH
multioff_train_0042,5oT4c6d.png,HUNTER PENCE FRANCISC GATHER PENCE,SAFE,UNAVAILABLE,ENGLISH
multioff_train_0043,l6SOQGq.png,Bernie or Hillary ? Be informed . Compare them on the issues that matter . Issue : MEXICAN FOOD `` Have you tried the chicken `` The complexity of flavors and spices and biscuit taco at Taco Bell ? It 's a great way to reward regional diversity of mole sauce puts Mexican yourself after Crossfit ! '' cooking on par with the world 's other great cuisines,OFFENSIVE,UNAVAILABLE,ENGLISH
multioff_train_0044,1Yj5Kns.png,"73 % 1:01 PM K +1 559-376-7017 Great , thanks ! If you can , please bring a friend or two Have a great day ! 12:52 PM You too thank you 12:53 PM Thanks 12:57 PM FEEL THE BERN YOU WILL 1:00 PM 0/160 Add text",SAFE,UNAVAILABLE,ENGLISH
multioff_train_0045,CaQrRikUYAA3VrV.jpg,Bernie or Hillary ? Be informed . Compare them on the issues that matter Issue Paul Blart `` I love Paul Blart `` Paul Blart there should be sucks a third movie '',SAFE,UNAVAILABLE,ENGLISH
multioff_train_0046,zs6maXI.png,Bernie 2016 SHERROD BRO,SAFE,UNAVAILABLE,ENGLISH
multioff_train_0047,UzN2sz1.png,"IF YOU RE A BERNIE SUPPORTER WHO WANTS TO VOTE FOR TRUMP , YOU HAVE FOUR OPTIONS : DONT VOTE 2 . VOTE FOR ANY THIRD PARTY CANDIDATE 3- VOTE FOR TRUMP HIMSELF 4 . STAB YOURSELF IN THE EYEBALL . HAPPY HUNTING !",OFFENSIVE,UNAVAILABLE,ENGLISH
multioff_train_0048,zl617iP.png,WONDER WHATSUP WITH MY FAVORITE FIRSTILADY HILLARY CLINTON AND MY FAVORITE BUSINESSMAN ANDTV PERSONALITY KURT COBAIN,SAFE,UNAVAILABLE,ENGLISH
multioff_train_0049,YGkNITr.png,"nou can not help men permanently by TRUMP PENCE doing for them what they could 2016 and should do for themselves The stronges eason forthe people to retain the rightio keep and beararmsis , asalast resort , to protectthemselves against tyrannyingovernment . OCT IN GOD WE TRUST 16 DONALD TRUMP FOR PRESIDENT 2016 IN NEWS OVER AMILLON COPS OUR STREETS TODAI",SAFE,UNAVAILABLE,ENGLISH
multioff_train_0050,C0JFBbU.png,MYTH : Only Uneducated White Males support Donald Trump HIGH ENERGY ( i.sli.mg ) 24 1310 N submitted 3 hours ago by consolewars to /r/The Donald 103 comments share save hide report TRUMP,OFFENSIVE,UNAVAILABLE,ENGLISH
multioff_train_0051,oKD3FG3.png,HERE COME JOHNSON 2016 FACEBOOK REASONABLE PEOPLE FOR GARY JOHNSON,SAFE,UNAVAILABLE,ENGLISH
multioff_train_0052,nlzn1IN.png,"Sorry , not when it 's a government spy tool and a distraction to the `` greater '' public from everything the government is trying to hide . I 'd prefer to know about events that Could possibly destroy our World Like the US sent troops to Putin Or Bernie teamed up with Clinton Or what 's happening in lsrael and their leaders dictatorship Oops ... too political for most minds .",SAFE,UNAVAILABLE,ENGLISH
multioff_train_0053,qv6y9xq.png,"Native American Bernie Sanders Supporters are n't calling themselves `` Indian Berns , '' they re doing It wrong . TJ Wharry @ twharry",OFFENSIVE,UNAVAILABLE,ENGLISH
multioff_train_0054,YIi9Bga.png,"TRUMP-PENCE TRUMPETS '' YES THE `` TRUMP OF GOD ( 1Corinthians 15:51 ) & ( 1Thessalonians 4:16 ) October 2nd , sunset JerUSAlem time , begins Hebrew Year 5777 ! ! ! HUNDREDS OF SIGNS FOR THE FIRST TIME EVER AN UNPRECEDENTED EPIC CONVERGENCE EXAMPLE : muslim turks take JerUSAlem in 1517 and lose it to General Allenby EXACTLY as predicted 8 Jubilees later on the first day of Hanukkah in 1917 . Then the NEXT Jubilee is the `` Six DAY WAR '' in 1967 . EXACT ! Wow , already the next Jubilee is here ! Be Rapture Ready or as Jesus Warns us plainly , you will remain here for the Tribulation which will be `` the worst time that ever was or ever will be '' Think of it..just one EMP and lights out ... no food no water no transportation.. riots ... fires ... oh and hundreds of nuclear storage pools overheat and nuclear fires everywhere just like F US-hima ! 9 SEE Hundreds of Proofs at my Facebook page U DoD ) Like Reply 1 41 mins",OFFENSIVE,UNAVAILABLE,ENGLISH
multioff_train_0055,eP24hnr.png,"Bernie Bernie Sanders e @ BernieSanders Let 's say it loud and clear : women control their bodies , not the government . arizonagunguy Let 's say it loud and clear gun owners control their guns , not the government diesel fumesniffer Everyone say it with me . Adults control their healthcare , not the government . your uncle dave Let 's say it loud and clear : Wage earners control their money . not the government . liberty bill Let 's say it loud and clear the market coordinates time with interest , not the government . redbloodedamerica Let 's say it oud and clear : private companies and consumers control the market , not the government",OFFENSIVE,UNAVAILABLE,ENGLISH
multioff_train_0056,risXjE4.png,"Hillary Clinton Folgen @ HillaryClinton made . Delete your account . Donald J. Trump @ realDonald Trump Obama just endorsed Crooked Hillary He wants four more years of Obama-but nobody else does ! 6 Ubersetzung anzeigen RETWEETS GEFALLT 5.527 5.363 08:27 9 . Juni 2016 t 5,5 Tisd . 5,4 Tsd .",OFFENSIVE,UNAVAILABLE,ENGLISH
multioff_train_0057,fkpqfLB.png,IFA VOTE FOR ANYONE BUT TRUMP IS A VOTE FOR HILLARY THEN A VOTE FOR ANYONE BUT HILLARY IS A VOTE FOR TRUMP,SAFE,UNAVAILABLE,ENGLISH
multioff_train_0058,fsgozVS.png,"11:29 PM 3 % 29 % 8:53 PM 11 % 28:24 PM 8 % , 8:04 PM 20 % 12:08 AM 26 % 11:19 PM 39 % 10:40 PM 23 9:38 PM 7:19 PM 10m , 6:28 PM 13m 6:15 PM 5:53 PM me : hate liberals them : so what are you , a republican ? -oldmin",OFFENSIVE,UNAVAILABLE,ENGLISH
multioff_train_0059,OhXur08.png,"Wow ! Cold It was so cold this morning , I actually saw a Democrat with his hands in his own pockets .",SAFE,UNAVAILABLE,ENGLISH
multioff_train_0060,ztdf8dZ.png,Shares Y C are SCORE ! One Pence Two Pence Three pence Four Four Pence Three Rence Trump Pence,SAFE,UNAVAILABLE,ENGLISH
multioff_train_0061,sbWUiil.png,Bernie or Hillary ? Be informed . Compare them on the issues that matter Issue : Soccer Emirate obvious plant,SAFE,UNAVAILABLE,ENGLISH
multioff_train_0062,aK7Mzo4.png,ENOUGH VOTE CLINTON VS TRUMP,OFFENSIVE,UNAVAILABLE,ENGLISH
multioff_train_0063,WBYOXcj.png,TRUMP AGREES WITH BREXIT AND THINKS IT 'S FANTASTIC ! THIS CA N'T BE A GOOD THING,SAFE,UNAVAILABLE,ENGLISH
multioff_train_0064,zOImoh5.png,"THE REAL DONALD TRUMP ? Did you know : Donald Trump sheltered Jennifer Hudson rent-free after her family was murdered . Donald Trump sued the city of Palm Beach when he bought a segregated club , Mar A Lago , to open it to Jews & Blacks . Donald Trump paid to ensure a Mexican American boy would graduate from college when he saw a news story about his terminally ill mom . Donald Trump dispatched his plane to fly a sick Jewish boy for special care when he heard no airline would accommodate his medical equipment . Donald Trump sent t10,000 to hero bus driver Darnell Barton after seeing a news story about how he saved a woman from jumping off a bridge . Donald Trump gave the job of constructing Trump Tower to Barbara Res , making her the 1st woman in history to build a skyscraper .",SAFE,UNAVAILABLE,ENGLISH
multioff_train_0065,6jA3QAb.png,"82 % 1:54 PM Posts 4 hrs So last night my house house was robbed . To make it all the worse the victims were my children and their First Amendment rights . They had begged me to put a Trump sign out front of our house , which l was reluctant to do because of reasons such as this . The sign was stolen . It 's sad to see our country come to such a state . # ThoushaltNotSteal # MakeAmericaGreatAgain # Trump2016 TRUMP MAKEAMERICA GREAT AGAIN ! Like Share Comment CO Write a comment",SAFE,UNAVAILABLE,ENGLISH
multioff_train_0066,otfhxeo.png,Hillary Clinton Ben Ghazi 2016,SAFE,UNAVAILABLE,ENGLISH
multioff_train_0067,A5t5Zkf.png,what happens if Jill Stein does n't win the elections ? '' Plan B . Plan b ? me,SAFE,UNAVAILABLE,ENGLISH
multioff_train_0068,rDy2M4O.png,Like Page 21 hrs NOW WHY WOULDANORGANDATION CREATEDBYDEMOCRATS THE GOP . BEGINS TO UNE Up BEHIND THE PRESUMPTIVE NOMINEE VOTE REPUBLICAN ? 2.9k reactions 85 Comments 1.2k Shares I Like Comment Share and 2.9k others Top comments Write a comment,OFFENSIVE,UNAVAILABLE,ENGLISH
multioff_train_0069,Pn18AKw.png,"Donald Trump talks like real men talk . Real men talk dirty Women expect it . Here in Alaska we do , anyway We like our men tough . Sweet talk is for weak- wristed liberals . Sarah Palin , 10/11/16",SAFE,UNAVAILABLE,ENGLISH
multioff_train_0070,EIehYa1.png,FEDS ARRESTED AVETERAN FOR SUPPORTING DONALD TRUMP Veterans US,SAFE,UNAVAILABLE,ENGLISH
multioff_train_0071,X2dmDrp.png,"`` Chelsea Clinton steps out of college and her parents get her a job paying $ 900,000.00 per year . Now her mom goes around the country speaking out against `` White Privilege '' . Think about that for awhile",SAFE,UNAVAILABLE,ENGLISH
multioff_train_0072,MhnioLP.png,WE SHOULD BUILD THE WALL AROUND DONALD TRUMP made on imgur,OFFENSIVE,UNAVAILABLE,ENGLISH
multioff_train_0073,PAEZU3T.png,GB Tube You Search Donald Trump e LIKE and SHAREll IThis is a Live Broadcast from Golden St LIV,OFFENSIVE,UNAVAILABLE,ENGLISH
multioff_train_0074,nNYop46.png,BEING A REPUBLICAN OR DEMOCRAT WASTING TIME AND ENERGY,SAFE,UNAVAILABLE,ENGLISH
multioff_train_0075,wkkA7rU.png,One out of three Trump supporters An spell the word `` burn '' as `` bern '' !,OFFENSIVE,UNAVAILABLE,ENGLISH
multioff_train_0076,X7mEejq.jpg.png,Aw look how cute Oh no I 'm voting Democrat this election cycle . It 's retarded .,SAFE,UNAVAILABLE,ENGLISH
multioff_train_0077,TqFVPVE.png,"Bernie Sanders Legendary Creature Human Champion O ) Death touch , Double Strike , Evolve , Exalted , Fear , First Strike , Flash , Flying , Haste , Hexproof , Indestructible , Lifelink , Shadow , Trample , Unblockable , Undying , Vigilance Soulbound ( B ernie Sanders enters the battlefield with X +1/+1 counters , wherex is the number of hi campaign contributors ) 20/20 ) MTG Cardsmith http : d/mtgeardsmith.com/",SAFE,UNAVAILABLE,ENGLISH
multioff_train_0078,qHS51uj.png,"ituted anten deriving their an ect , le te alter c it is the ach princ vent Donald TRUMP Sniffing MONTAGE PRESIDENTIAL DEBATE 2016",SAFE,UNAVAILABLE,ENGLISH
multioff_train_0079,CuXk-UQWYAAs43F.jpg,@ NFL Memes Narrowing 318 million people down to Donald Trump & Hillary Clinton for President is like narrowing the entire NFL down to having to pick between Ryan Fitzpatrick & Blaine Gabbert for your fantasy team,SAFE,UNAVAILABLE,ENGLISH
multioff_train_0080,MfHuFve.png,"Here 's the man who threw tomatoes at Donald Trump last night . Andrew Alemao . # iacaucus icp-c.com/2051bQi Endy Ramirez Andrew you are officially a Mexican in the eyes of all my Mexicans you can do and act like we do . you want to come thru our cook outs ? come thru they get popping Beers Carne Asada , Girls dancing all that shit , when our mom 's or abuelas make tamales or posole you sir will be invited Mi casa su casa , You are no longer Andrew you are Andres welcome to our family fucker",SAFE,UNAVAILABLE,ENGLISH
multioff_train_0081,1DY6I9Q.png,IF YOU SEE THIS IMAGE WHILE SCROLLING YOU HAVE BEEN VISITED BY THE GARY JOHNSON OF LIBERTY blessed entrepreneurship and legal weed will come to you but only if you comment `` do n't tread on me '',OFFENSIVE,UNAVAILABLE,ENGLISH
multioff_train_0082,s9Z2Han.png,1 hr f Donald Trump becomes President l am leaving America and moving to Hawaiis Like Comment Share,OFFENSIVE,UNAVAILABLE,ENGLISH
multioff_train_0083,orV6OVk.png,YOU THE TERM COMMUNISTTO DESCRIBE BERNIE SANDERS OURLIEDETECTORTEST DETERMINED YOU NEED FREE COLLECE,OFFENSIVE,UNAVAILABLE,ENGLISH
multioff_train_0084,kxA5NIk.png,"Bernie or Hilla Be informed . Compare them on the issues that matter . Tupac Issue : I prefer `` You know it 's funny when it rains it pours . a SUPERpac They got money for wars , but ca n't feed the poor . ''",SAFE,UNAVAILABLE,ENGLISH
multioff_train_0085,0UQh5Eo.png,"TEXAS PRESIDENTIAL POLL PUBLIC POLICY POLLING If the election was today , who would you vote for ? 44 % DONALD TRUMP ( R ) 38 % HILLARY CLINTON ( D ) HARAMBE THE GORILLA 2 % JILL STEIN ( G ) FOX4 5:54 76",SAFE,UNAVAILABLE,ENGLISH
multioff_train_0086,k7472hu.png,"bernie-it-down 489 points 18 hrs Meat without the taste of fear and suffering just wo n't be the same gadafgadaf 116 points 15 hrs You ca n't forget about the cramped , unsanitary conditions it was raised in bernie-it-down 54 points 15 hrs That is extra flavor that will also be missed Natty light Murica 34 points 14 hrs Sweet sweet marinade of vile conditions and impending doom eamantite 3 points . 6 hrs I dip mine in honey mustard !",SAFE,UNAVAILABLE,ENGLISH
multioff_train_0087,N26emlc.png,ere ma Saur etitusinvictuS when you feel the Bern but Hillary wins the primaries The garbage will do There has never been a better representation of how feel about the current democratic nomination process .,SAFE,UNAVAILABLE,ENGLISH
multioff_train_0088,SiKwS84.png,"re : Hahahahha from Trum sent 46 minutes ago Typical , lying democrat . Proving once again , that you all lie . You ca n't help it . Enjoy the cancer , I enjoy my next beer that much more knowing you 'll be dead sooner than me . permalink report b user mark unread reply",SAFE,UNAVAILABLE,ENGLISH
multioff_train_0089,VwfCCk1.png,"3 WIVES , 4 BANKRUPTCIES , 5 TIME ORAFT DODGER CREATES FAKE UNIVERSITLOUTSOURCES JOBS TO MEXICO AND CHINA HIRES 200 UNDOcUMENTED POLISH WORKERS , RIPS THEM OFF WANTS TOUSECOURUSTOSILENCE MEDIA . THINKS TED CRUTS FATHER KILLED JFK IS THE REPUBLICAN PRESUMPTIVE CANDIDATE",OFFENSIVE,UNAVAILABLE,ENGLISH
multioff_train_0090,V9SBG1K.png,"37 % 12:08 AM Search Pablo Reyes December 26 , 2015 B Call me crazy but in 2016 Hillary Clinton will be the first female president , the world will go crazy over the death of a gorilla , Prince will die , Muhammad Ali will die , Kimbo Slice will die , Donald Trump will die . The USA will experience the worst mass shooting I 'm not trying to scare anyone , but you 'll remember my name .",SAFE,UNAVAILABLE,ENGLISH
multioff_train_0091,QTNlTQo.png,"COMMONWEEALTH OF VIRGINIA OFFICIAL BALLOT County of Fairfax MOCRATIC PARTY PRESIDENTIAL PRIMARY Tuesday , March 1 , 2016 ESTADO DE VIRGINIA PAPELETA OFICIAL Condado de Fairfax A PRESIDENCIAL DEL PARTIDO DEMOCRAT A Martes , 1 de marzo 2016 President ( Vote for only one ) Presidente ( Votar por solamente uno ) Hillary Clinton Martin J. O'Malley Bernie Sanders",SAFE,UNAVAILABLE,ENGLISH
multioff_train_0092,zq7bXGu.png,"`` GARY JOHNSON , ICANNOTAFFORD THE THERAPISTIKNOWINEED ANDOVERALL FEELASIFI HAVE NO FUTURE . IAM JUST ANOTHER POOR PERSON BEINGSOUEELEDOUTANDLEFUUODRY BY THE ULTRA-RICH , WHAT HOPECAN YOU GIVE METHATTHECOUNTRYBEINGFISCALLY CONSERVATIVE IS GOING TO HELP ME AND MY FAMILY REACH THAT AMERICAN DREAM UPWARD MOBILITY `` THE BEST CHANCE YOUHAVE TO REACH THE AMERICAN DREAM IS THROUGH ENTREPRENEURSHIP INDIVIDUAL FREEDOM AND LIBERTY WILL BETTERALLOWYOUTO DOTHAT CREATE YOUR OWN JOB DO N'T BE A VICTIM . TAKE CONTROLOFYOUR OWN FUTURE ! H or net",OFFENSIVE,UNAVAILABLE,ENGLISH
multioff_train_0093,mSA9fTA.png,Tim Tebow Denies Report He 's 20 Speaking at Donald Trump 's Republican Convention ( bleacherreport.com ) 17 comments politics Republican National Convention Speakers list revealed : Trumps barely famous friends set to take the stage in Cleveland Delegates will be treated to an array of riveting speakers like soap opera star Antonio Sabato Jr . and Heisman trophy winner Tim Tebow . ( salon.com ) WELCOME,OFFENSIVE,UNAVAILABLE,ENGLISH
multioff_train_0094,ZMaAKc9.png,PRINCE WAS A MUSICAL GENIUS WITH VISION AND INTELLECT FAR BEYOND ANYONES IMAGINATION `` ONE DAY MY BROTHERS AND SISTERS WILL REALIZE THAT DEMOCRATS HAVE MADE US WEAK BY GIVING US THINGS WE WOULD NORMALLY HAVE TO WORK FOR . THAT IS WHY I VOTE REPUBLICAN FOR THEY REALIZE ANYTHING WORTH HAVING IS WORTH WORKING FOR '' PRINCE,SAFE,UNAVAILABLE,ENGLISH
multioff_train_0095,CFa0OLu.png,BARNIE STALIN FEEL THE BERN,SAFE,UNAVAILABLE,ENGLISH
multioff_train_0096,CcFmlzLW8AAxHkM.jpg,Bernie or Hillary ? Be informed . Compare them on the issues that matter . Issue : Losing Bets Pays you `` We never shook up front hands bro '',SAFE,UNAVAILABLE,ENGLISH
multioff_train_0097,yWd3NEB.png,"In Libya Clinton pushed for a war that killed 30,000 people . The rebels ' Killery backed turned out to be Al Qaeda types . When Gaddafy was knife raped in the street , she said , `` We came , we saw , he died , '' and laughed . BERN ? FELT NOW THE",SAFE,UNAVAILABLE,ENGLISH
multioff_train_0098,XwccSUy.png,The `` I feel the Bern '' starter pack Score Credit Excellent Oba L CH WR Uncertain Poor LA FUNNY NEWS MOVIES BOOK r/Politics ANTI HILLARY NTROVERSIAL TOP,SAFE,UNAVAILABLE,ENGLISH
multioff_train_0099,CcmXJPoUcAAkauM.jpg,Donald Trump Pros : Not Hillary Cons : Donald Trump Hillary Clinton Pros : Not Trump Cons : Hillary,SAFE,UNAVAILABLE,ENGLISH
multioff_train_0100,A0wcV4g.png,Obamacare Citizens forced to buy healthcare coverage that Drs and hospitals will not accept . This stupidity has been brought to you by the DEMOCRAT Party,SAFE,UNAVAILABLE,ENGLISH
multioff_train_0101,xYTrJJp.png,CNN CNN CN CNN CN NN CNN CAN Tunintelligible yellin CNN REPUBLICAN PRESIDENTIAL DEBATE LIVE CNN 9:09 PM ET,OFFENSIVE,UNAVAILABLE,ENGLISH
multioff_train_0102,GaL4tca.png,A FUTURE TO BELIE BERN IES ANDERS COM Crowd mistakes small bird for 800 delegates,SAFE,UNAVAILABLE,ENGLISH
multioff_train_0103,KnLJwdq.png,Gorillavid Just watch x Trump Hugs American Fla x This Week in Stupid 0 x Gnhumans Reading Order x G Marvel Infinity Reading O x L Aaron x C fi https : // page 2 E Apps f Facebook YouTube E Mail Ochrome pins reddit Drive O IMgur O School London Music Hall IL League Life RBC Royal Bank Sign OTwitch C Other bookmarks Sister ate all of my red velvet pop tarts while stoned . She wanted to replace them . She thought she ordered one 12 pack ! 128 617 ( i reddituploads.com ) submitted 11 hours ago by [ -11 to /n/trees 77 comments share save hide report [ l+cl,SAFE,UNAVAILABLE,ENGLISH
multioff_train_0104,UK1yqyr.png,TMobile LTE 65 % 8:20 AM 4G VERY HEART TOUCHING ( A BITTER TRUTH ) An old man took his phone to a Repair shop . Repairer told : NOTHING IS WRONG with this phone . Old man with tears in his eyes said : Then why DO N'T my children ever call me with The Quote Fountain and 2 others . Bernie Tobin and 2.8k others 220 Comments Like Share Comment,SAFE,UNAVAILABLE,ENGLISH
multioff_train_0105,wK9e9jg.png,"Bernie or Hillary ? Be informed . Compare them on the issues that matter . Selena Issue : The loss of Selena was unsurmountable I loved J . Lo She would 've been the superstar of this lifetime as she crossed over from the Spanish-language market to mainstream in that movie ! English markets . Her fashion sense , stage presence , dance moves and charisma were like none l 'd seen before . Fuck Yolanda Saldivar .",SAFE,UNAVAILABLE,ENGLISH
multioff_train_0106,RX8t7Jd.png,The I just got into politics a few months ago and did n't pay attention to economics and history in high school starter pack 2016 Bernin ERNIE SANDERS COM 2016 r FEEL THE BERN,SAFE,UNAVAILABLE,ENGLISH
multioff_train_0107,zoIImWJ.png,"I 'm voting for Hillary because I don ' t want Trump to get in He 's bad news and wil cause a lot of people to suffer Causing Libya to fail ? Robbing Haitians of their relief funds ? N Destabilizing Syria and Iraq ? Selling billions of dollars of arms to the Saudis ? haha , they 're not American , that does n't count : P",OFFENSIVE,UNAVAILABLE,ENGLISH
multioff_train_0108,9n1Tjiz.png,"Wun the advent of Donald Trump/Hillary Clinton to join the oligarchy of the American political structure , Donald a demagogue and true ultracrepidarian , and both with a mental scotoma of any gnostic perspective of life , i as an autodidact , offer a solemn adjuration , everyone is in some way my better and in that i LEARN 3 hours ago Like Reply",SAFE,UNAVAILABLE,ENGLISH
multioff_train_0109,lR6IYpG.png,"Ya Bol Bernie Apr 30 at 6:48pm B oh noe ! if you come upon this image while scrolling you have been visited by DAT BOl BERNIE ! Comment `` o shit waddup '' in 42069 seconds and you will be blessed with student loan forgiveness , or else you will be doomed to suffer at the hands of the yuge corporashuns and smoke only mids forever o shi wadd",OFFENSIVE,UNAVAILABLE,ENGLISH
multioff_train_0110,TWjXbPK.png,"TRUMP MAKE GREAT AGA Nato Green at 9 California Republican Party State Convention . April 29 at 3:37pm Burlingame , CA . Me : `` When was America great ? '' Trump supporter : `` Not in my lifetime . '' Me : `` Is there any point in history you know of when you 'd say America was great ? '' Trump guy : `` I ca n't think of one Me : `` So your slogan is really make America great again for the first time ? '' Him : `` yes . '' Me : `` in what specific ways would you like America to be greater than it is ? '' Him : `` that 's too big a question . ca n't answer . '' Me : `` dude it 's your slogan . '' Him : `` well , unity . Prosperity . I 'd like my kid to be able to get a job Me : `` how would Trump help with these things ? '' Him : `` I just think he would . '' And scene ...",OFFENSIVE,UNAVAILABLE,ENGLISH
multioff_train_0111,0JM56ut.png,Diffuser I Like Page 1 hr The latest batch of Wikileaks e-mails show that Tom DeLonge of blink-182 Contacted the government about his UFO research . Former Blink-182 Frontman Tom DeLonge 's UFO Emails to Clinton Campaign Manager Revealed in Wikileaks Dump DIFFUSER . FM galpaladins i have stopped trying to comprehend what 's going on anymore,SAFE,UNAVAILABLE,ENGLISH
multioff_train_0112,ddkILbG.png,24 Take your stinking paws off of me you damn dirty democrat !,OFFENSIVE,UNAVAILABLE,ENGLISH
multioff_train_0113,CkbzAqAUoAUJ311.jpg,WE CANT STOP HERE THIS IS BERN COUNTRY,OFFENSIVE,UNAVAILABLE,ENGLISH
multioff_train_0114,CpGttnLXYAATNHh.jpg,Enter to wi n dinner with Donald Trump,SAFE,UNAVAILABLE,ENGLISH
multioff_train_0115,mYU8r9Y.png,"David Burge Following @ iowahawkblog In 1963 , Martin Luther King was a gun owner on an FBI watch list of the United States Democrats Are Holding a Sit-ln on the House Floor to Demand a Vote o ... Rep. John Lewis and a group of his fellow Democrats took to the House floor late Wednesday morning to stage a sit-in . Their goal ? Pressure Republican l slate.com",OFFENSIVE,UNAVAILABLE,ENGLISH
multioff_train_0116,SWxsby2.png,`` Hillary Clinton is unfit to be President ! '' 4 Weeks Ago `` We must all support Hillary Clinton ! '' Today,SAFE,UNAVAILABLE,ENGLISH
multioff_train_0117,vTulmoz.png,"LIVE PHILADELPHIA R. BERNIE SUPPORTERS AT DNC Dow 18,542.64 . +25.41 CHANGE +0.14 %",OFFENSIVE,UNAVAILABLE,ENGLISH
multioff_train_0118,16vTnwg.png,"I do n't believe that women have any rights , and I think gays should be hanged . No , actually , l 'm a Muslim and those are my religious beliefs . Wow , what a complete 4 primitive asshole you are ! You must be a Republican . Oh ! I 'm sorry ! apologize ! I hope you do n't think I 'm Islamophobic ! ( c ) 2016 Dixon Diaz",OFFENSIVE,UNAVAILABLE,ENGLISH
multioff_train_0119,Ob1Q9v8.png,THE MAJORITY OF YOU ARE GOING TO BE REALLY DISAPPOINTED WHEN TRUMP IS GONE on Inngur,SAFE,UNAVAILABLE,ENGLISH
multioff_train_0120,1YQOnyG.png,"Evansville , Indiana UTUR INDIANA PRIMARY TO E COVERAGE BEGINS IN 5 41 48 SEC AFUTURE TO BELIEVE IN BELL 2016 RACE B SANDERS : l 'M STRONGEST CANDIDATE AGAINST TRUMP CNNI Sen. Bernie Sanders ( D ) Presidential Candidate S & P 22.04 NEWSROOM",SAFE,UNAVAILABLE,ENGLISH
multioff_train_0121,QLQ4taO.png,"Hillary Clinton Retweeted Constance Zimmer @ Constancezimmer Jun 8 My 8 year old said `` See Mom , it 's true , anything is possible . '' # ImWith Her HillaryClinton HILLARY",SAFE,UNAVAILABLE,ENGLISH
multioff_train_0122,CuvsjyLWgAAXnz9.jpg,"Donald J. Trump areal DonaldTrump 2/7/13 Obama can kill Americans at will with drones but waterboarding is not allowed-only in America ! t 1,258 829 M Russell Steinberg @ Russ Steinberg 2/7/13 @ real Donald Trump If you hate America so much you should run for President and fix things 918 t 1,424 Donald J. Trump arealDonald Trump 2/7/13 @ Russ Steinberg Be careful ! t 1,769 1,539",OFFENSIVE,UNAVAILABLE,ENGLISH
multioff_train_0123,95yFB4s.png,S20 SAYS THIS GUY VOTES DEMOCRAT,SAFE,UNAVAILABLE,ENGLISH
multioff_train_0124,BNPocHU.png,ITS TRUE I WACKY OFF EVERY NITE TO A PICTURE OF BERNIE,SAFE,UNAVAILABLE,ENGLISH
multioff_train_0125,puHulqv.png,DEMOCRAT SALSOVOTEDAGAINSTGUN CONTROL TODAY ANDTHE PERSON RESPONSIBLE FORTHENATIONtSBIGGEST MASSSHOOTINGISAREGISTEREDDEMOCRAT BUT THATS NONE OF MY BUSINESS,OFFENSIVE,UNAVAILABLE,ENGLISH
multioff_train_0126,fLxsrjJ.png,MAKE AMERICA GREAT AGAIN HILLARY,OFFENSIVE,UNAVAILABLE,ENGLISH
multioff_train_0127,0P5i3yI.png,"IFTRUMP LOSES Illegals will pour into our country . Our borders will be unsecured . China will put us further in debt . ISIS will not be destroyed and will thrive . The Constitution will no longer exist ! Our economy will NEVER ever recover . Radical Mslm will take control and destroy our way of life . Our Vets will die shamelessly No matter where you or your family go , you wo n't be safe . America will no longer exist ! Vote Donald Trump !",SAFE,UNAVAILABLE,ENGLISH
multioff_train_0128,z5sSuk3.png,TFW you endorse Hillary and now you can chill for the rest of the summer,OFFENSIVE,UNAVAILABLE,ENGLISH
multioff_train_0129,nqfekut.png,Jommen is starting to Feel the Bern,SAFE,UNAVAILABLE,ENGLISH
multioff_train_0130,gaf6LVz.png,1943 Hiroshimna DetrOIt ZO 1 CD Hiroshima Detroit THE LESSON ? It 's easier to come back frorn a nuclear strike than five decades of Democrat control of government . THEHAYRIDE.COM,SAFE,UNAVAILABLE,ENGLISH
multioff_train_0131,6faN492.png,"`` I'MUNDOUBTEDLY A LIBERAL , WHICH MEANS THAT I MIN ALMOST TOTAL AGREEMENT WITH THE EISENHOWER-ERA REPUBLICAN PARTY PLATFORM . '' RACHEL MADDOW AMERICANS AGAINST THE REPUBLICAN PARTY bit.ly stopthegop",OFFENSIVE,UNAVAILABLE,ENGLISH
multioff_train_0132,6L5ohmp.png,BRACE YOURSELF THE REPUBLICAN CONDEMNATIONS OF TRUMP ARE COMING . made on imgur,OFFENSIVE,UNAVAILABLE,ENGLISH
multioff_train_0133,AGGHufY.png,Search Hillary not no better going to take your your freedom and bring in more refugees to destroy this country . Neither may not be good but I want to save my country . And not any one take it from us Muslim have no right to bring their laws here and say take God out of schools the ten commendments away so screw it we the people have the right to save America no more illegals no more refugees no more free tax for non Americans every body pays taxes and no more tax credits for non Americans . Muse come a citizen to work here . Or we all be walking the trail of tears again only worse 2 hours ago Like Reply,SAFE,UNAVAILABLE,ENGLISH
multioff_train_0134,Ar6lu6P.png,"I do n't vote Republican or Democrat . Choosing is a sin , so I always just write in the Lord 's name ! That 's Republican , we count those .",SAFE,UNAVAILABLE,ENGLISH
multioff_train_0135,zKbUmLB.png,Clinton Probe : CNN Sufferiing From `` Premature Exoneration '' Indictment Still Pending VNSRO BULLS TRUTH,SAFE,UNAVAILABLE,ENGLISH
multioff_train_0136,95L0GB6.png,V M F silent WITH DS Donald Trump has broadened his appeal,SAFE,UNAVAILABLE,ENGLISH
multioff_train_0137,h2nKIqJ.png,"GIRIS ! WHEN YOU GET DONE WOONINGONERA PORNOU , ICMULD USEA LITTLE ELPI JUST MOTHER . BERNIE",SAFE,UNAVAILABLE,ENGLISH
multioff_train_0138,VvMdZpV.png,LIBNUTZ Dixon Diaz Hillary 's leaked emails prove she sold weapons to ISIS And told Wall Street bankers that Who cares ? Trump said her public positions are different pussy from her private ones . Dixon Diaz 10/19/2016,SAFE,UNAVAILABLE,ENGLISH
multioff_train_0139,uTYLSi7.png,"home US election 2016 world a all ME US elections 2016 Mike Pence 's plane slides off runway at LaGuardia airport in New York Mike Pence , the Republican vice-presidential nominee , has emerged unscathed after his",SAFE,UNAVAILABLE,ENGLISH
multioff_train_0140,mvfGs4u.png,E Anonymous ( ID : pKvmKDaY ( Sun ) 20:04:07 No.78832917 06/26/16 BE HONEST WHAT WOULD YOU DOP trump tower png 945 KB PNG Well ? Anonymous ( ID HtrXYnkW I i 06/26/16 ( Sun ) 20:04:36 No.78832980 I 'd tell him he 's about to make Liveleak great again,OFFENSIVE,UNAVAILABLE,ENGLISH
multioff_train_0141,VMtdwll.png,BERNIE SANDERSISOUT MOVE ALLYOURKARMATO TORNADOES,SAFE,UNAVAILABLE,ENGLISH
multioff_train_0142,T7sOpjA.png,WHY IAM VOTING FOR TRUMP REPUBLICAN PARTY,OFFENSIVE,UNAVAILABLE,ENGLISH
multioff_train_0143,JYTdhl9.png,oz PENCE,SAFE,UNAVAILABLE,ENGLISH
multioff_train_0144,BScSZDe.png,"FOR PRESIDENT SANDERS MOTO ddas FREE SHIT AT THE ACE HOTELTHEATER LOS ANGELES , CALFORNA FEBRUARY FFTH 2016 BERN ! ELTHE",OFFENSIVE,UNAVAILABLE,ENGLISH
multioff_train_0145,CqMB3fnW8AAsYQp.jpg,Here Come Meet Sakura able Here 4 OUSEKETCH DNBEVER WAS IKENODODN TRUE BERN MIN FALLELAND MASTER RAINER THE GREADELICTRK MIASE . BREAKER MASTER CHARIZARLOS HRST HIS TYPE ERACE WDURSELF GARY NOIMING AY,OFFENSIVE,UNAVAILABLE,ENGLISH
multioff_train_0146,NypZ28n.png,Bernie or Hillar Be informed . Compare them on the issues that matter . Issue : Selling Acid LSD NH 25I-NBOM,SAFE,UNAVAILABLE,ENGLISH
multioff_train_0147,1nSSB9S.png,"Bernie is a communist and will turn this country into a communist state . As for climate change God will allow this planet for long as he needs it to , before he destroys it with fire . Then talk to me about climate change . Oh wait l 'll be in heaven I wo n't care 5 hours ago Like I 147 Reply View 74 previous replies replied",SAFE,UNAVAILABLE,ENGLISH
multioff_train_0148,C5mm2gl.png,when u know Trump bout to be president & u got ta tell ur friends goodbye the worldpolice,OFFENSIVE,UNAVAILABLE,ENGLISH
multioff_train_0149,GYmNXOy.png,"Trump Foreign Policy Masterclass : Donald Explains The lran/Iraq War TRUMP PEN CE Virginia Beach , Vinginla `` Iran and Iraq were very similar militarily They 'd fight fight fight and then they 'd rest . They 'd fight fight fight . And then Saddam Hussein would do the gas . And somebody else would do something else . And they 'd rest . '' Actual Donald Trump quote from his foreign policy town hall meeting in Virginia Beach , VA , 9/6/16 DEMOCRATICUNDERGROUND , COM",OFFENSIVE,UNAVAILABLE,ENGLISH
multioff_train_0150,7Lg5Rd2.png,LTE 55 % 4:55 AM QO The Economist Briefing : The Labour Party Salvaging Jerusalem How Britain 's left got into its crisis-and how it can get out United States Trump and the Alt-Right Pepe and the stormtroopers How Donald Trump ushered a hateful fringe movement into the mainstream,OFFENSIVE,UNAVAILABLE,ENGLISH
multioff_train_0151,nefjbtQ.png,LEAKED PHOTO : Mike Pence grabbing a pussy,OFFENSIVE,UNAVAILABLE,ENGLISH
multioff_train_0152,sOYYbyS.png,# FORKHILLARY HOWTO WATCH HILLARY CLINTON ON TV ENJOYABLY Š_ö,SAFE,UNAVAILABLE,ENGLISH
multioff_train_0153,UTDvvsp.png,BILLIONAIRES CA N'T BUY BERNIE BERN IES ANDERS.COM NOW THIS IS AWKWARD,SAFE,UNAVAILABLE,ENGLISH
multioff_train_0154,s8bBJYS.png,Is Bernie Sanders,SAFE,UNAVAILABLE,ENGLISH
multioff_train_0155,b3N3bmV.png,"Chronic Hoosier @ Chronic Hoosier To everyone around the country just now googling Mike Pence , our sincerest apologies -signed , Indiana 7/14/16 , 9:56 AM 456 RETWEETS 502 LIKES",OFFENSIVE,UNAVAILABLE,ENGLISH
multioff_train_0156,O3KNvgz.png,SUBTOGETIRIDOFTHE SPAM INSTEAD THEY JUST DECIDE TO COMPLAIN ABOUTITBECAUSE THEY DONTLIKE TRUMP BUT THATSNONE OF MY BUSINESS imgflip-com,SAFE,UNAVAILABLE,ENGLISH
multioff_train_0157,COkaPpN.png,"UNNAR Being exempted from the draft , an American college student , future Senator and Presidential candidate Bernie Sanders protests the war in Vietnam . ( University of Chicago , 1963 )",SAFE,UNAVAILABLE,ENGLISH
multioff_train_0158,JU9LSXi.png,"Dad , do we Feel The Bern ? No , son . We have responsibilities and contribute to society",SAFE,UNAVAILABLE,ENGLISH
multioff_train_0159,lPguwLG.png,WE HAVE PROOF THAT TRUMP GAVE A SPEECH OPPOSING NAFTA BEFORE IT WAS PASSED . GET THIS TO THE TOP . LIVE ( i reddit ) Submitted 6 hours ago by Gullo11 O I-1 187 comments source share save unhide give gold report hide all child comments What rule does this break ? No Spamming No Trolling No Racism No Releasing Personal Information O No Vote Manipulation or Brigading,SAFE,UNAVAILABLE,ENGLISH
multioff_train_0160,pdaFFC4.png,Bernie Sanders sat on the bus with Rosa Parks Where was Hillary Clinton ? !,SAFE,UNAVAILABLE,ENGLISH
multioff_train_0161,yZLLqn4.png,HILLARY CLINTON 'S POLICIES FOR BLACK AMERICANS HOME SUMMEDUPIN ONE PICTURE,OFFENSIVE,UNAVAILABLE,ENGLISH
multioff_train_0162,k129f29.png,"6 hrs An atheist , satanist , christian , jew , muslim , democrat , republican , libertarian , homosexual , and heterosexual walk into a bar . They have drinks , talk , and become friends . It 's what happens when you 're not being a douchebag to others 13 1 Comment Like Comment Share",SAFE,UNAVAILABLE,ENGLISH
multioff_train_0163,mVDgP9C.png,201 RU MAKE AMERICA GREAT AGAIN ! www Donald Trump com,SAFE,UNAVAILABLE,ENGLISH
multioff_train_0164,9dArUsU.png,Lizard People of New York 20 hrs `` I am one of the Russian hackers who leaked the Democrat emails . '' `` Are you planning on hacking any of other US politicians ? '' `` Yes . plan to log onto Hillary Clinton 's Facebook page and make her status say 'im gay lol ' and then will comment 'hacked XD . '',SAFE,UNAVAILABLE,ENGLISH
multioff_train_0165,WZ1NLSt.png,REMEMBER WHEN ISIS KILLED76 PEOPLE INCLUDING 24 CHILDREN IN WACOTEXAS OH WAIT NEVERMIND THAT WAS THE LAST CLINTON ADMINISTRATION,OFFENSIVE,UNAVAILABLE,ENGLISH
multioff_train_0166,XniGGU5.png,"James Saint-Francia sirjamesa12 Get you a liberal who can do both Brianna Wu Violence has no place in politics @ Spacekatgal Violence has no place in politics Violence has no place in politics White People To Do List Violence has n 1 . Recognize privilege 2 . Educate self on structul 3 . Amplify black voices 4 . Shut mouth and listen Protesters attack Trump supporters outside San Jose rally 1,058 1,122 Tnump supportars were attackat and one officer was assaultad durin9the pr test 2:09 PM 18 Jun 2015 89",SAFE,UNAVAILABLE,ENGLISH
multioff_train_0167,X0RNiHr.png,"17 hrs Clinton Kaine 2016 : Suck it up , America . Like Comment Share",SAFE,UNAVAILABLE,ENGLISH
multioff_train_0168,YJ1QbDX.png,POSTSABOUTCHELSEA CLINTON GETTING A GOOD JOBSTRAIGHTLOUTOF COLLEGE BECAUSE OF HER PARENTS HELP ANDTHEN COMPLAINING ABOUT WHITE PRIVILEGEL MAKES NEPHEW CEO OF HIS COMPANY STRAIGHT OUTOF COLLEGEL,SAFE,UNAVAILABLE,ENGLISH
multioff_train_0169,DZ2uQ50.png,"I side with Joseph Stalin on most 2016 Presidential Election issues Candidates you side with Joseph Stalin Communist 1000 % Ca on domestic policy , healthcare , social immigration , criminal , foreign policy , education , and science issues . compare answers Bernie Sanders Democratic 89 % on domestic policy , social , healthcare , immigration , foreign policy , criminal , and science issues . compare answers",SAFE,UNAVAILABLE,ENGLISH
multioff_train_0170,SazlDcs.png,You 've felt the Bern ... Now it 's time to ... Feel the Johnson ! Feel The Johnson,SAFE,UNAVAILABLE,ENGLISH
multioff_train_0171,gsH7Gel.png,`` The Pinguists Support Hillary Clinton for president ! It 's the best possible option '' Comrade Pingu,SAFE,UNAVAILABLE,ENGLISH
multioff_train_0172,7eTNqFK.png,"UT 14 hrs No way . Before Her Assassination , Berta Caceres Singled out Hillary Clinton for Backing Honduran Coup Former Secretary of State Hillary Clinton is facing a new round of questions about her handling of the 2009 coup in Honduras that ousted democratically elected . DEMOCRACY NOW ORG Like Comment a Share Not the first , and definitely not the last person that has been terminated by the Killary regime . The Clintons are a modern day global mafia Like Reply 1 hr",OFFENSIVE,UNAVAILABLE,ENGLISH
multioff_train_0173,LH0waGz.png,"A Gary Johnson Super PAC Spent $ 30,000 on `` Internet Web Memes ''",SAFE,UNAVAILABLE,ENGLISH
multioff_train_0174,yJZO4mQ.png,"DISTRESS like us on facebook `` I HAVE VOWED , I WILL NEVER VOTE FOR A DEMOCRAT AGAIN . NO MATTER WHO THEY ARE . I DO N'T CARE IF GOD BECOMES A DEMOCRAT THESE DEMOCRATS ARE COMMUNISTS THIS IS GANGSTERISM . THIS IS CRAZY",OFFENSIVE,UNAVAILABLE,ENGLISH
multioff_train_0175,NpsCjMn.png,SAYS BERNIE SANDERS SUPPORTERS ARE LAZY AND UNEMPLOYED STAYS ON REDDITPOSTING SHITTYMEMESAND BIASED ARTICLESALL DAYEVERYDAY,OFFENSIVE,UNAVAILABLE,ENGLISH
multioff_train_0176,mrjFNGX.png,IFWOUGREWTIREDOFTHE FEEL THE BERN POSTSCLOGGING UPTHEREDDITFRONTPAGETHISPASTYEAR.HAVENO FEAR OVER THENETFOURMONTHSREDDITIS GOING TO FEELTHEJOHNSONRIGUARANTEE IT . Com,SAFE,UNAVAILABLE,ENGLISH
multioff_train_0177,mZmgkws.png,IF DIE IN OFFICE SCREW MY VP . WEEKEND AT BERNIE 'S FOR THE REST OF MY TERM made on imgur,SAFE,UNAVAILABLE,ENGLISH
multioff_train_0178,NDFCXLG.png,TRUU MP www Donald Trump com MAKE AMERICA GREAT AGAIN !,OFFENSIVE,UNAVAILABLE,ENGLISH
multioff_train_0179,AQFwrJx.png,"Isaac NOT Issac Follow @ The FliestPlane When Donald Trump becomes president and you 're walking down the street and hear Aye boy where ya freedom papers ? RETWEETS LIKES 23,868 21,289 5:58 PM 15 Mar 2016",SAFE,UNAVAILABLE,ENGLISH
multioff_train_0180,iAztwx4.png,Donald J. Trump arealDonald Trump Happy # CincoDeMayo ! The best taco bowls are made in Trump Tower Grill . I love Hispanics facebook.com/ DonaldTrumppo .,SAFE,UNAVAILABLE,ENGLISH
multioff_train_0181,KCHMiA2.png,"Bernie or Hillary Be informed . Compare them on the issues that matter . Sleep Issue : `` I 've been a support since the early 90 's . I 'm `` 6 Hours a Night ! '' also partial to High on Fire , and om . ''",SAFE,UNAVAILABLE,ENGLISH
multioff_train_0182,8oKcC3I.png,ANGRY BERNIE SANDERS BE LIKE,SAFE,UNAVAILABLE,ENGLISH
multioff_train_0183,ArmX82G.png,"Q : How will you bring back the American Dream ? `` Look . We can bring the American Dream back . That I will tell you . We 're bringing it back . Okay ? And understand what you 're saying . And I get that from so many people . `` Is the American Dream dead ? '' They are asking me the question , `` Is the American Dream dead ? ' And the American Dream is in trouble . That I can tell you . Okay ? It 's in trouble . But we 're going to get it back and do some real jobs . How about the man with that beautiful red hat ? Stand up ! Stand up ! What a hat ! '' -Donald Trump , Rochester , NHTown Hall , September 17 , 2018",SAFE,UNAVAILABLE,ENGLISH
multioff_train_0184,cljHNxO.png,Bernie or Hillary ? Be informed . Compare them on the issues that matter . Fight Club Issue : Have you heard About Fight Club ?,SAFE,UNAVAILABLE,ENGLISH
multioff_train_0185,AMzup5d.png,Happy Mother 's Day ! The best tampons are dispensed in Trump lower lavoratory I love women ! I I I I I Kotex,SAFE,UNAVAILABLE,ENGLISH
multioff_train_0186,QHHMKB3.png,"wish political debates were run like American Idol , Just so I can hear Ryan Seacrest Say `` To show your support for Bernie Sanders , text Feel The Bern to 367567 '' `` To show your support for Donald Trump , text the N-word to 367567 '' lul seanhyatt sucks",SAFE,UNAVAILABLE,ENGLISH
multioff_train_0187,y898T2X.png,"Boombox IF ALL AMERICANS WERE POOR , DEMOCRAT . By Dixon Diaz AND IF ALL AMERICANS WERE RICH , THEY 'D ALL VOTE REPUBLICAN . with apologies to Aaron McGruder WHICH EXPLAINS THE DEMOCRATIC PARTY 'S STRATEGIES ABOUT POVERTY .",OFFENSIVE,UNAVAILABLE,ENGLISH
multioff_train_0188,mOHGolk.png,"submitted 5 hours ago by let-the-mother-bern to /r/Documentaries 80 comments share save hide report Snails use two brain cells to make 50 1745 Complex decisions , a team of Scientists has found . Researchers at the University of Sussex said one cell told the snail if it was hungry while the other cell told it if food was present Animal Science bbc.com submitted 5 hours ago by Libertatea to /r/science 76 comments share save hide report view more : prev next or try a random subreddit",OFFENSIVE,UNAVAILABLE,ENGLISH
multioff_train_0189,CguD5hk.png,IF CLINTON HAS TO DROPOUT SANDERS IS THE NOMINEE WUZU.SE,SAFE,UNAVAILABLE,ENGLISH
multioff_train_0190,9kZb6UD.png,Donald Trump : The strongest Mexicans will be allowed to stay ... if they survive the annual Hunger Games Hillary Clinton : Hey teens did you check out my new Arthur meme on Instragram ? It 's really checks notes woke ? Gary Johnson : I know we 're in a debate but man am l craving doritos right now Jill Stein : GMOs cause autism,SAFE,UNAVAILABLE,ENGLISH
multioff_train_0191,LE4FyLF.png,THE MARCH S TYRANNY UNI NEXT TIME ILL VOTE REPUBLICAN GARRISON bergarrison.com . UGN NEXT TIME ILL VOTE DEMOCRAT/,OFFENSIVE,UNAVAILABLE,ENGLISH
multioff_train_0192,qERLZTk.png,"As a Virginia m embarrassed that Trump won my state , even if it 's just the Republican Primary . We have the fourth best public school system in the country and we 're blowing it . Like Comment Share and 5 others Theres a fairly good chance some bernie supporter will shoot him if he gets elected . The secret service does n't exactly have the greatest track record Like Reply 30 mins Edited Write a comment ...",SAFE,UNAVAILABLE,ENGLISH
multioff_train_0193,WyNvTye.png,Rosita and the shop assistant look in amazement as Elmo masturbates over the newspapers front page story about Donald Trump winning the presidential election .,SAFE,UNAVAILABLE,ENGLISH
multioff_train_0194,qZ8nvyF.png,STOP TRYING TO MAKE PRESIDENT BERNIE HAPPEN ITS NOT GOING TO HAPPEN img com gflip,SAFE,UNAVAILABLE,ENGLISH
multioff_train_0195,j9AOSo2.png,"score hidden ] 2 minutes ago What do you expect from a nation of sky worshipers ? It 's crazy that people judge me for believing in Bernie , but they have no problem building temples for imaginary saviours . We have a chance to unleash a force of good in this country , and like the story of Jesus , Bernie will rise again in this contest . You do not need church to believe in something . permalink embed save report give gold REPLY score hidden ] a minute ago My goodness . So I see . Permalink embed save parent report give gold REPLY",OFFENSIVE,UNAVAILABLE,ENGLISH
multioff_train_0196,BVzBIgy.png,"... oo Sprint LTE 9:10 AM o 44 % Tweet Liked by and 2 others v ME : anyone but trump GARY JOHNSON : will outlaw schools . JILL STEIN : Crystals are the only technology we need . ME : ok hillary i guess 8/13/16 , 11:11 AM 5,556 RETWEETS 10.5K LIKES Reply to drewtoothpaste Home Notifications Moments Messages Me",SAFE,UNAVAILABLE,ENGLISH
multioff_train_0197,jQsh9vC.png,"Girls ' schools still offering g `` Something special , -head BY LAURA WEERS May alarasitee�__Erts Mivee elm a witler eMewal eat . EAarntae G & kle , sed the Knara be “ ¼Â ra ers of boa Lasses CoBrgetse dekrted tŽãÂteeir winning 9mrEa '' , .derty be ‹Û_�ÛÕrke Fupt.Twa mr an rets nikcer icaN-E Eke pop bat e AlaXL an uhat dw yoŒ_È A ax o : l tte dca damas a.aaacs , aathi The amer ran ofthe wiriang aginral , Albau Iat Caange u eone bfN‹�ÏSasl anesvars ( a ‹âÂ Shan Gea‹ÄÂ ear ele an aringngWM �¢_ex th‹âábwet dletautalng ar.. exaEAk hana hul xfrx ts�µöråÈ�Ü�methlery keroner eur keis , freleEy , was biseaåÇsaaljotal aewsrae and weal work asa erenawe‹â_smet f er eny “ ¥_kale Herve star ere d Twm e arts dvf `` Ane Irtxps enrse de ade haie bern Previrupry . dv b : L Terer whe ethy wer , tree‹â£aL hn many aberts Chehehas tatin ' GL- Ihe ir 's a �Ï¥le Flo aat : `` Soyal Ee pre pigs itthelesertEr79 learns lvaadŽÝãins md b : manis vert ) mentu'- pantinafirlth��ãie a k lad Eatia , bres var",SAFE,UNAVAILABLE,ENGLISH
multioff_train_0198,GbhHJH6.png,FEE Can you describe the individuals who attacke you ? yes officer they were vibrant youths of troubled backgrounds seeking an outlet to express their bottled rage collected from a system which exploits them due to its inherent white racial supremacy BERN,OFFENSIVE,UNAVAILABLE,ENGLISH
multioff_train_0199,BmKzn6gIYAIwC-U.jpg,STILL ABETTERTEAMOWNER EL MEMES THAN DONALD STERLING,SAFE,UNAVAILABLE,ENGLISH
multioff_train_0200,K8v985Z.png,"Which Democratic candidate is best suited to handle terrorism ? None Hillary Clinton Bernie Sanders Martin OMalley 5 % 0 % 10 % 15 % 20 % 25 % 30 % 35 % 40 % 45 % 50 % Source : Reuters/Ipsos Pol . As of December 13 , 2015 l Weekly mean l Sample Size : 2,068 people polled online",SAFE,UNAVAILABLE,ENGLISH
multioff_train_0201,KmlWyX7.png,SHIT REDD SATS Comments related BRIGADED BY D Ah . So this is what will bef eft submit BRIGADED BY DONALD FART SUPPORTERS 234 comments source share save hide report h,OFFENSIVE,UNAVAILABLE,ENGLISH
multioff_train_0202,HUU1Fay.png,FACTS DONT LIEaz . Reagan : 11 mass shootings Bush Sr : 12 mass shootings Clinton : 23 mass shootings Bush Jr : 16 mass shootings Obama : 162 mass shootings,OFFENSIVE,UNAVAILABLE,ENGLISH
multioff_train_0203,hDJHnuW.png,2012 Cao Bernie 2016 GREENPEACE THIS ENDLESS WAR against I 'm next wat the BERNIE SANDERS COM Obama,OFFENSIVE,UNAVAILABLE,ENGLISH
multioff_train_0204,QonIrvr.png,Wi-Fi Wi-Fi networking On Available Wi-Fi networks Clinton email server Secured Linksys02865 Secured 9ZQ33 Secured Bobsiphone Secured Century Link4013 Secured Century Link9748 Secured 3:56,SAFE,UNAVAILABLE,ENGLISH
multioff_train_0205,m4oY5vK.png,"On 1-20-2017 What is the first thing you want Donald to do ? 1 . Arrest Obama & Hillary 2 . Start the wall 3 . Reverse all executive orders 4 . Restore relations with allies 5 . Stop the in flow of immigrants 6 . Start deporting illegal immigrants 7 . Restore Jobs taken away by Obama 8 . Start the VA reform our veterans need 9 . Stop all funding for the BLM , EPA , & TSA 10 . Make Concealed Carry legal without permits ( if you pass a background check , you carry ) 11 . Get the Government out of our schools ( let the parents & teachers govern school curriculum & lunch ) 12 . Rebuild our military Run America like a profitable business !",OFFENSIVE,UNAVAILABLE,ENGLISH
multioff_train_0206,h45acTC.png,Feel The BERN,OFFENSIVE,UNAVAILABLE,ENGLISH
multioff_train_0207,Oa1JNby.png,"5 ( Recent ) worst Mass Murders America , with a Firearm 1 . Ft Hood : Registered Democrat/Muslim . 2 . 2 . Columbine : Too young to vote ; both families were registered Democrats and progressive Iiberals . 3 . Virginia Tech : Wrote hate mail to President Bush and to his staff . 4 , Colorado Theater : Registered Democrati staff worker on the Obama campaign ; occupy Wall Street participant ; progressive liberal . 5 . Connecticut School Shooter : Registered Democrat ; hated Christian All of These Shooters were , Progressive Liberal Democrats Stephen EHughe",SAFE,UNAVAILABLE,ENGLISH
multioff_train_0208,VOFh4qX.png,"School M8 with X and X 23 April at 16:55 In order to be correct l 'm sometimes I 'm politically incorrect . Thats wh intelligent people like what say . You know when your speaking truth because you receive a lot of hate . Thats why Jesus Christ , me , Donald Trump and Martin Luther King are considered controversial . 2 were killed for it . For speaking truth . Like Comment Share View 7 more comments some guy : take a chill pill ! Like Reply 1 Yesterday at 00:12",OFFENSIVE,UNAVAILABLE,ENGLISH
multioff_train_0209,p2ciRYD.png,SOME SAY THE REPUBLICAN CONVENTION IS JUST FOR WHITE PEOPLE BUT THEY RE WRONG . THIS GUY IS ORANGE . made on Tmgu,SAFE,UNAVAILABLE,ENGLISH
multioff_train_0210,qnRUXr8.png,"When the homey running for Prez and you hoping to be the Secretary of Cologne 22h vahab1269 , rentstation , alejandroruizo6 , briangerz , medoxmasr and matthew 2lit like this idiot.cinema Axe Body Spray baby ... . # scottbaio frnc 2016 # trump # democrat frepublican",OFFENSIVE,UNAVAILABLE,ENGLISH
multioff_train_0211,Mmtyp8J.png,"you expect me to give you a handout ? The candy is on the roof If you 're lucky , it might trickle down oh crap , a republican",SAFE,UNAVAILABLE,ENGLISH
multioff_train_0212,uGV2kpi.png,ALL THE REAL RACIST VOTE DEMOCRAT,OFFENSIVE,UNAVAILABLE,ENGLISH
multioff_train_0213,IcRjmu4.png,NOT SURE IF TRUMP 'S PART OF A CONSPIRACY TO ELECT HILLARY OR HILLARY PART OF A CONSPIRACY TO FLECT TRUMP,OFFENSIVE,UNAVAILABLE,ENGLISH
multioff_train_0214,N4EIWJX.png,"Bishop Earl Walker Jackson Sr . has issued a plea for all Christians to leave the Democrat Party Democrats boo 'd God 3 times at 2012 convention ! Democrats support abortion , and place Planned Parenthood clinics in minority neighborhoods . *Democrats reject the Bibical Family structure . *Democrats are openly hostile to those who express their Christian Value *Hillary says we must give up some of our principles *Democrats are hostile toward the display of a cross and public prayer . Democrats have turned their backs on God !",OFFENSIVE,UNAVAILABLE,ENGLISH
multioff_train_0215,QEM6dG2.png,"The Latest From Twitter Follow @ Lindsey Graham SC I think millions of Americans will soon find find the VP candidates Governor Mike Going out on limb here I do n't see this to be the case as well . Pence and Senator Tim Kaine more @ TedCruz in Trump 's Cabinet . https : //t.co/2Mo2C1lo2K palatable than the presidential nominees . Posted July 29 , 2016 Posted July 30 , 2016 Posted July 30 , 2016",SAFE,UNAVAILABLE,ENGLISH
multioff_train_0216,sG2GSpb.png,"me : i hate liberals them : so what are you , a republican ? me : oldmin",OFFENSIVE,UNAVAILABLE,ENGLISH
multioff_train_0217,IpwuEVr.png,Ariel Edwards-Levy @ aedwardslevy 2m stand Bayh for gnus Hillary getty imm HILLARY CLINTON . COM,OFFENSIVE,UNAVAILABLE,ENGLISH
multioff_train_0218,naXRSpK.png,NO DUMPING BY ORDER % United Governor VOTE JOHNSON for President Gary Johnson 2016.com ock9,SAFE,UNAVAILABLE,ENGLISH
multioff_train_0219,qMmIGUr.png,When people ask if you 're a democrat or a republican,SAFE,UNAVAILABLE,ENGLISH
multioff_train_0220,PpxbGZC.png,"Ya Boi Bernie Apr 30 at 6:48pm oh noe ! if you come upon this image while scrolling you have been visited by DAT BOl BERNIE ! Comment `` o shit waddup '' in 42069 seconds and you will be blessed with student loan forgiveness , or else you will be doomed to suffer at the hands of the yuge corporashuns and smoke only mids forever o shi Waddu DAT BOI ROLLIN THROUGH THE PRIMARIES d d d",OFFENSIVE,UNAVAILABLE,ENGLISH
multioff_train_0221,sKiuQVf.png,ooo T-Mobile LTE 6:22 PM 46 % a Hillary Clinton Home Posts Photos Videos Events Abc anything you want even president . Tonight is for you . 413 Comments 2K Shares 17.3K Like Comment Share Marketplace Notifications News Feed More,SAFE,UNAVAILABLE,ENGLISH
multioff_train_0222,O1JHlod.png,WHAT IF BERNIE WON WA BY SUCH A LARGE MARGIN E BECAUSE YOU CANT FUDGE THE NUMBERS OF A PHYSICAL CAUCUS made an imgur,SAFE,UNAVAILABLE,ENGLISH
multioff_train_0223,kUlXoaa.png,"Give a man a fish , and he eats for a day . Give a man a welfare check , a free cellphone , food stamps , section 8 housing , a six-pack of beer , a crack pipe , and some Air Jordon 's , and he 'll vote Democrat the rest of his life .",OFFENSIVE,UNAVAILABLE,ENGLISH
multioff_train_0224,I84r9TR.png,"I do n't believe that women have any rights , and think gays should be hanged . No , actually , l 'm a Muslim and those are my religious beliefs . Wow , what a complete 4 primitive asshole you are ! You must be a Republican . Oh ! I 'm sorry ! I apologize ! I hope you do n't think I 'm Islamophobic ! ( c ) 2016 Dixon Diaz",SAFE,UNAVAILABLE,ENGLISH
multioff_train_0225,Vi4Kjyx.png,"Hey Bernie What 's the difference between Progressivism , Fascism , Liberalism Marxism Communism Socialism . Nazism and the Democrat party ? MU SPELLING !",SAFE,UNAVAILABLE,ENGLISH
multioff_train_0226,2MXmVri.png,WHY THE FUCK DOES THE MEDIA IGNORE GARY JOHNSON BUT ONLY STARTS TALKING ABOUT HIM AFTER HE HAS A TINY MISUNDERSTANDING made on imgur,OFFENSIVE,UNAVAILABLE,ENGLISH
multioff_train_0227,pW6hm0W.png,Anonymous ( ID : FaNLvGay 09/30/16 ( Fri ) 00:23:22 No . 90944787 > be Hillary > be former secretary of state > be wife of former POTUS current POTUS Obango is shilling for her > all living former POTUS are on her side > MSM is shilling for her day and night > a super-villain billionaire is spending his fortune to get her into the oval office > her party did all sorts of crooked shit to get her the nomination an army of idiots are waging a war for her on the internet > even the FBI is setting their asses on fire to save her STILL CA N'T MAINTAIN A LEAD OVER THE ORANGE FACED IDIOT FROM THE APPRENTICE Hillary is probably the worst candidate in history . Why are people even considering her ?,SAFE,UNAVAILABLE,ENGLISH
multioff_train_0228,JvY4wYr.png,I DONT ALLWAYS GO TO WORK ... UK OFCOURSELDO BECAUSE IM NOT A FREELOADING BERNIE SANDERS SUPPORTER,OFFENSIVE,UNAVAILABLE,ENGLISH
multioff_train_0229,9A372Gl.png,BERNIE COLLAPSE VOTING ANYTHING THE CHANGE,OFFENSIVE,UNAVAILABLE,ENGLISH
multioff_train_0230,RgdeucC.png,"Now that Pence willbe flying aroundthe country campaigning for Trump , The Donaldfigured it Wouldbe good to have Penceflyin a planethat saidSomething other than just Trump . Pence received an aircraft from Trump that not only had TrumpPence written on it , ithad a completely different color scheme that vaguely resembles Ar Force One . The aircraft is painted white and blue , just like the what the president flies around in all the time . That is sure to annoy the living daylights out of President Barack Obama and Hillary Clinton . The new plane is pictured below , side-by-side a picture ofAlr Force One for easy comparison P E N C E @ AMERICAN EXCEPTIONALISM",SAFE,UNAVAILABLE,ENGLISH
multioff_train_0231,bHyYl3j.png,Hillary Clinton Donald Trump Trebuchet Said some dumb bullshit Launch a 95 kilogram stone projectile over 300 meters,SAFE,UNAVAILABLE,ENGLISH
multioff_train_0232,3bqSgzm.png,"Bernie or Hillary ? Be informed . Compare them on the issues that matter Issue : Selena The loss of Selena was unsurmountable I loved J . Lo She would 've been the superstar of this lifetime as she crossed over from the Spanish-language market to mainstream in that movie ! English markets . Her fashion sense , stage presence , dance moves and charisma were like none I 'd seen before . Fuck Yolanda Saldivar .",SAFE,UNAVAILABLE,ENGLISH
multioff_train_0233,Qlm1siZ.png,"was tagged in a photo . MOM ! with SON 2 hrs `` Hey , where d you get that sticker ? '' `` I was at a football game and someone 's mom was putting them on everybody . `` Hey , did your school paper endorse Hillary ? '' `` Oh yeah . We did n't even say why . Totally obvious . We just went on to talk about voting and stuff . '' Like Comment Share",SAFE,UNAVAILABLE,ENGLISH
multioff_train_0234,2T7fEop.png,"I like dank memes & I have dangerously low self-esteem Kinda fat , pretty much just looking for hookups . If you get me famous on/r/meirl , I 'll give you a nice , firm handshake 2 Interests Bernie Sanders U.S . Senator Bernie Sanders",SAFE,UNAVAILABLE,ENGLISH
multioff_train_0235,WDSz8Sa.png,RUSSIAN GOVERNMENT CHART VLADIMIR PUTIN DMITRY MEDVEDEV SERGEY SHOGYU SERGEY LAVROV VLADIMIR KOROLEV CUSTODIAN IGOR KOROBOV ASST CUSTODIAN DONALD TRUMP MELANIA TRUMP,OFFENSIVE,UNAVAILABLE,ENGLISH
multioff_train_0236,i0YUj7r.png,"File : bernie sanders gif ( 1.68 MB , 290x246 ) O Anonymous 10/08/16 ( Sat ) 19:50:46 No.31957540 31958450 31958524 be me in high school sweat a lot due to anxiety armpit sweat becomes visible on shirt , feeding into the vicious cycle of anxiety have an idea : armpit tampons tape toilet paper to my armpits and go to school go to the bathroom during lunch to replace them they fell out > at some point either in class or walking in the halls , my armpit tampons fell out do n't know who saw Anonymous 10/08/16 ( Sat ) 19:53:38 No.31957586 File : 1474650621218 jpg ( 204 KB , 900x973 ) > mfw did the same thing except used tampons for my swamp ass",OFFENSIVE,UNAVAILABLE,ENGLISH
multioff_train_0237,3CbPlsi.png,"e in talifrnia Find your polling place Check if you 're registered to vote G Republican primary 6 mins ago Donald Trump won NJ NM , and SD G Democratic primary 6 mins ago Hillary Clinton won the New Jersey primary More results Los Angeles Angels of Anaheim",SAFE,UNAVAILABLE,ENGLISH
multioff_train_0238,te0QdLn.png,THIS IS NOT NOT A REPUBLICAN VS DEMOCRAT ELECTION THIS IS ABOUT PROFFESSIONAL WRESTLING ECLIPSING THE WRITHING LAST GASP OF SANITY # TRAILERPARKUSA # SUICIDEISPAINLESS T R U M P DOUCHE LAND UBER ALLES ! 2016,OFFENSIVE,UNAVAILABLE,ENGLISH
multioff_train_0239,8mROrGY.png,deserttson methlehem Never ask a British person about the price of Freddo 's abithehugslut answered you : whats the price of freddo 's deserttsong OKAY RIGHT SO BASICALLY FREDDO 'S ORIGINALLY COST 5 PENCE THOSE WERE THE GOOD DAYS THE HAPPY DAYS FULL OF JOY AND SUNSHINE AND CHEAP DELICIOUS CHOCOLATY TREATS BUT THEN THE ECONOMY WENT TO HELLAND CADBURY THE CHOCOLATE COMPANY WHO LITERALLY MAKE ALL THE GOOD CHOCOLATE IN ENGLAND WERE LIKE HEY LETS RAISE THE PRICE TO 8 PENCE AND EVERYONE WAS LIKE WE UNDERSTAND TIMES ARE HARD BUT THEN CADBURY RAISED THEM TO 10 PENCE LIKE OKAY DUDES WOH STOP THATS DOUBLE THE ORIGINAL PRICE AND THEN THEY RAISED IT TO 20 PENCE PER FREDDO THAT IS FUCKlNG BULLSHIT ONCE YOU COULD BUY 20 FREDDOS FOR ONE POUND AND NOW YOU CAN ONLY BUY 4 FUCK asked a British person about Freddo 's,SAFE,UNAVAILABLE,ENGLISH
multioff_train_0240,2tuVUzz.png,WOMEN SUPPORT Equal ight BERNE SANDERS LAPOR ' Equal Pay For Equal Work omen Bernie,SAFE,UNAVAILABLE,ENGLISH
multioff_train_0241,zQPb3nD.png,UNITE THE PARTY It 's time for Ted Cruz to drop out NO HILLARY IN NOV LSE,SAFE,UNAVAILABLE,ENGLISH
multioff_train_0242,kixSnlQ.png,OLIGARCHY RIGGING 101 Just direct your animosity at him You 'll have Hillary if and vote for me you do n't vote for me out of fear THIS SETUP IS CALLED `` CONTROLLED OPPOSITION '' A.K.A . MANIPULATING PEOPLE 'S EMOTIONS TO MAKE THEM THINK THEY HAVE A MEANINGFUL CHOICE,SAFE,UNAVAILABLE,ENGLISH
multioff_train_0243,WPnY6NN.png,HILLARY CLINTON DONALD TRUMP DUM : DUMal AND THE DEBATE,OFFENSIVE,UNAVAILABLE,ENGLISH
multioff_train_0244,sG8faWv.png,Cassidy 25 mins Literally where is Clinton getting her polls from ? I 've spoke with dozens of people and have yet to find Clinton supporters # Trump 2016 Comment Like Share,SAFE,UNAVAILABLE,ENGLISH
multioff_train_0245,CVjO3Sz.png,DID YOU KNOW THAT THERE ARE OTHER CANDIDATES OUTSIDE OF THE REPUBLICAN AND DEMOCRAMC PARTIES,OFFENSIVE,UNAVAILABLE,ENGLISH
multioff_train_0246,aXJH7EU.png,BERNIE WO N'T BE ABLE TO GET ANYTHING DONE WITHOUT CONGRESS AND TRUMP WILL TURN THIS COUNTRY INTO NAZI GERMANY ALL ON HISOWN,OFFENSIVE,UNAVAILABLE,ENGLISH
multioff_train_0247,W3jhTxL.png,REPUBLICAN FACEBOOK PAGE ASKED.IF JESUS HAD A GUN WHAT KIND WOULD IT BE IPOSTED THIS AND THEY BANNED ME,OFFENSIVE,UNAVAILABLE,ENGLISH
multioff_train_0248,CdXi98yXEAA33CR.jpg,"Donald Trump Jr . Donald JTrumpJr 1h Ha 5 students when asked why they were protesting could n't even answer . The participation medal/micro aggression generation is pretty sad ! t R , 2,079 3,169 Top Tweet John Legend ajohnlegend . @ Donald JTrumpJr think they were protesting your racist father . This is n't complicated .",SAFE,UNAVAILABLE,ENGLISH
multioff_train_0249,7COAAL3.png,MELANIA TRUMP GIVES ONE SPEECH ABOUTIETHICSAND STANDARDS,SAFE,UNAVAILABLE,ENGLISH
multioff_train_0250,oQWC8Od.png,Bernie Bernie Sanders a Bernie Sanders North Korea is one of the biggest threats we face . Their economic and social policies have created a monstrous dictator we have to stop . 599 705 NORTH KOREA IS EVIL ! SOCIALISM IS THE WORST ! THOSE EVIL ECONOMIC POLICIES CREATED DICTATORS THERE AND IN MANY OTHER COUNTRIES ! DO N'T FORGET TO VOTE FOR SOCIALIST SANDERS IN 2016 ! # FEELTHEBERN BABY !,OFFENSIVE,UNAVAILABLE,ENGLISH
multioff_train_0251,ky2vvAw.png,STATE DRIVER LICENSE DL B12340 LN AMERICA FN S20 CHESTNUT ST PHILADELPHIA PA19106 Doe o7IO4ld 1776 SEXM HAIR EYES COOPVOTERI.D . a Ramireztoons JOHN SMITH CHICAGO RIP DEMOCRAT VOTER I D michaelpramirez com,SAFE,UNAVAILABLE,ENGLISH
multioff_train_0252,V2wUrRj.png,"hillary Clinton 's birthday ALL NEWS SHOPPING IMAGES VIDEOS Hillary Clinton Date of birth October 26 , 1947 ( age 69 years Place of birth Edgewater Hospital , Chicago Spouse : Bill Clinton ( m. 1975 )",SAFE,UNAVAILABLE,ENGLISH
multioff_train_0253,MZQc8jz.png,"May 11 at 9:41 PM I see a lot of Hispanic families as walk on the Swamp Rabbit Trail and around the lake at Furman . I 've noticed something . There are usually 2 or 3 kids in tow , and the moms are either pregnant or pushing a stroller . Hispanic people seem to be pro-life and genuinely devoted to marriage and family . Another thing : most often , the Dad is right there WITH THE FAMILY . This is admirable ! And it also points to the fact that Conservatism ought to be the natural political home for Hispanic people due to our shared values . As Mr. Trump says , `` I love the Hispanics ! ''",OFFENSIVE,UNAVAILABLE,ENGLISH
multioff_train_0254,THX9f3n.png,Donald J. Trump arealDonald Trump 2 hours ago We 've all wondered how Hillary avoided prosecution for her email scheme . Wikileaks may have found the answer . Obama ! nationalreview.com/article/ 4411 15 In reply to 43 seconds ago ankit sharma @ ankit 5566 @ real Donald Trump hindu love trump via Twitter for Android,SAFE,UNAVAILABLE,ENGLISH
multioff_train_0255,NyP2PbK.png,"THE DIFFERENCES BETWEEN A REPUBLICAN AND A DEMOCRAT Donald Trump and Hillary Clinton were walking down the street when they came to a homeless person Donald Trump gave the homeless person his business card and told him to come to his office for a job . He then took $ 20 out of his pocket and gave it to the homeless person Hillary saw this , so when they came to another homeless person , she walked over to the home- less person and gave him directions to the welfare office She then reached into Donald 's pocket and got out $ 20 . She kept $ 15 . for `` administrative fees '' and gave the homeless person $ 5 Now do you understand the difference ?",SAFE,UNAVAILABLE,ENGLISH
multioff_train_0256,fdZpYpb.png,FEEL THE BERN,SAFE,UNAVAILABLE,ENGLISH
multioff_train_0257,D4k0puo.png,r/the donald the donald r/the donald the donald the donald r/the donald the donald the donald r/the donald r/the donald the donald r/the donald,SAFE,UNAVAILABLE,ENGLISH
multioff_train_0258,oqt51kd.png,SO THE DNCWANTSMETO VOTE DEMOCRAT IN THE GENERALELECTION THEN WHYDID THEN CHANGE ME TOINDEPENDENTINTHEPRIMARIES ?,OFFENSIVE,UNAVAILABLE,ENGLISH
multioff_train_0259,qoZxIKO.png,TRUMP PENCE VP DEBATE 1108 18 RS MIN SEC LIVE ON CNN TONIGHT 2016 RACE LIVE ENCE vs. KAINE IN vp DEBATE AT 9pM ET ON cNN CNN NAS 21.2 S ARE ON THE ROLLS THAN REPUBLICANS NUMBER IS A KEY METRIC C NEWSROOM,SAFE,UNAVAILABLE,ENGLISH
multioff_train_0260,f7y8o6x.png,WS VOICE NOTE ebate REPUBLICAN PRESIDENTIAL DEBATE abc NEWS COM,OFFENSIVE,UNAVAILABLE,ENGLISH
multioff_train_0261,BCah7Wz.png,Bernard Bernie Sanders we will win in all the states in America and he will definitely win in Washington DCBernard B Sanders 2016 President Bernard Bernie Sanders 2017 to 2025 America The White House and the Oval Office . Bernie sanders way higher delicates votes and states way more ahead of Hillary Clinton Sanders 2016 no ary Clinton . Like Reply 7-3 hrs,SAFE,UNAVAILABLE,ENGLISH
multioff_train_0262,omVP1Lw.png,"CIRQUE DU SO LAME Paul Ryan , Donald Trump , Mike Pence , and Reince Priebus the act known to all as `` The Aristocrats arrives today in Cleveland for performances on July 18-21 [ Parental Advisory : Thematic content , coarse/crude language , disturbing images ]",OFFENSIVE,UNAVAILABLE,ENGLISH
multioff_train_0263,cnkpnzp.png,"675 I My rural neighbor is a hippie Bernie supporter and his dog got loose . Guess what I did ? MIGRANTS BTFO ( self The Donald ) submitted 2 hours ago by 3 OR I put on my MAGA hat , coaxed him into my car and drove the 1/3rd of a mile to his place When I saw my neighbor , I told him that I caught his dog illegally entering my country , and that I was deporting him My neighbor laughed and offered me a beer , because we both understand that people with different political viewpoints can still be good neighbors 20 comments source share save hide give gold report hide a child comments",SAFE,UNAVAILABLE,ENGLISH
multioff_train_0264,Tf1mhKt.png,JILL STEIN GARY JOHNSON YOU HAVE NO POWER HERE,SAFE,UNAVAILABLE,ENGLISH
multioff_train_0265,Okb6dJB.png,"N Dallas , Texas 10:31 AM CT DALLAS TRUMP VS . THE MEDIA LIVE CAMPAIGN SPOKESPERSON QUESTIONS COVERAGE CNN Katrina Pierson Trump Campaign Spokesperson D INVESTORS STATEMENT SAYS MALIK COULD RECENE UPTD 20 YEAR RELIABLE souncES I have a degree in Nuclear Engineering and an MBA , read over 1000 books and do quite well . am voting for Trump ! I 'm sure CNN will call me illiterate . May 22",SAFE,UNAVAILABLE,ENGLISH
multioff_train_0266,gSIuTfF.png,"Michelle Obama says Donald Trump 's private remarks about women 11 years ago were `` shocking and demeaning '' Never mind that the Obamas have repeatedly invited rap and hip hop musicians to be honored at the White House musicians who sing lyrics that not only objectify men and their body parts and glorify sexual assault , but also cop killing . Enough of the phony moralizing , Mrs. Obama .",OFFENSIVE,UNAVAILABLE,ENGLISH
multioff_train_0267,st6NozD.png,wants to kill babies weehS ... T was born 60 3n Donald Trump will protect our guns AND our babies aheamericalareatagain,SAFE,UNAVAILABLE,ENGLISH
multioff_train_0268,3wirGHJ.png,How Trump is seen by Hillary Supporters Trump Supporters al ASSELN HEUSER The Republican Party The Rest of the World DGRRRGRAPHICS.COM SPECIAL THANKS DANELDAUSCHAT PAREONCOMP ALABAMA CONATIST CON ARTIST . CON ARTIST cONARTISY ! COP,OFFENSIVE,UNAVAILABLE,ENGLISH
multioff_train_0269,zAUFD7y.png,`` I 'VE MADE A HUGELMISTAKE '' MIKE PENCE EDITION made,OFFENSIVE,UNAVAILABLE,ENGLISH
multioff_train_0270,swzhNs4.png,Clinton 22 Prosperity 6 Sni ITH r A DAI IAIA,OFFENSIVE,UNAVAILABLE,ENGLISH
multioff_train_0271,ayNSttp.png,"To All of the Dumbass Liberals Who Promise '' They 'll Move to another Country , if Trump Wins ... I Say This If Hillary Wins I 'm NOT Moving Anywhere I 'm Buying More Ammo And Taking Back My Country YouMay Want to Movel",OFFENSIVE,UNAVAILABLE,ENGLISH
multioff_train_0272,8NMWu57.png,"CREATORS , caM LIES a Ramireztoons LOOK ! TRUMP SAD SOMETHING DAOAN ... www.michaelpramirez com",SAFE,UNAVAILABLE,ENGLISH
multioff_train_0273,aTX7lyO.png,"Lori Hendry @ Lrihendry What 's the difference between progressivism , fascism , liberalism Marxism , Communism , Socialism Nazism , and the Democrat party ? Spelling 4:51 PM 07 Oct 16 119 RETWEETS 155 LIKES Patrick @ GrunaugenWolf A @ Lrihendry got nothing 1h",SAFE,UNAVAILABLE,ENGLISH
multioff_train_0274,zRgnrbT.png,"I am SOOOO Confused ... .. If Trump ls the Hate-Mongering Candidate , Why Are n't HIS Supporters Murdering Cops And Innocent People",SAFE,UNAVAILABLE,ENGLISH
multioff_train_0275,KiYSMvi.png,"Conservative , Labour , Liberal Democrat . They 're all just spokes on a wheel . This one 's on top , then that one 's on top , and on and on it Spins , crushing those on the ground . We 're not going to stop the Wheel . We 're going to break the wheel",SAFE,UNAVAILABLE,ENGLISH
multioff_train_0276,ET5rdX2.png,an 23 Bae : Come Over Bernie : ca n't l 'm running for President Bae : I have student loans Bernie 46K,SAFE,UNAVAILABLE,ENGLISH
multioff_train_0277,FvlpogZ.png,BERNIE,SAFE,UNAVAILABLE,ENGLISH
multioff_train_0278,CwHWOROW8AA09nd.jpg,Kaine,SAFE,UNAVAILABLE,ENGLISH
multioff_train_0279,2TAk7vi.png,"SANDERSFORPRESIDENT Comments other discussions ( 4 ) view images ( 2 M By Endorsing Hillary Clinton , Bernie Sanders May Have Positioned Himself to Win The Presidency medium com submitted 4 hours ago MusicMagi O 24 comments source share save hide give gold report hide all child comments all 24 comments subscribe",SAFE,UNAVAILABLE,ENGLISH
multioff_train_0280,CibcteKWsAEgqh0.jpg,"BERNIE SANDERS BELIEVES EVERYTEAM DESERVES A SUPER BOWL , EVENTHE LIONS @ NFLMEMEZ",SAFE,UNAVAILABLE,ENGLISH
multioff_train_0281,CySpKqI.png,"riday , 15 January 2016 at David Bowie 69 Alan Rickman 69 fingers crossed guys Donald Trump Age 69 June 14 , 1946 Like Comment Share 23 people like this . Write a comment .",OFFENSIVE,UNAVAILABLE,ENGLISH
multioff_train_0282,wKSn3TS.png,project Murphy net What if Bernie Sanders was a socialist ? # Project Murphv,OFFENSIVE,UNAVAILABLE,ENGLISH
multioff_train_0283,PdPdKfd.png,19.6 O N/A Bernie Sanders ersMan Builds A Dog Train To Take Rescued Stray Dogs On Adventures in memeland,SAFE,UNAVAILABLE,ENGLISH
multioff_train_0284,LkX8Ei3.png,BRACE YOURSELVES FORMIKE PENCE MEMES How big is my ego ? This big !,OFFENSIVE,UNAVAILABLE,ENGLISH
multioff_train_0285,2myYC1v.png,"FACES OF THE POT 90 A Susan Saran dun and Tim Robbins were the darlings of Hollywood . Both had successful acting careers and supported Bernie `` The Mad Commie '' Sanders . After a rally in North Dakota to support oil hating Indians , they up their THE POT slammed two `` Burlington Bindles '' of SLAMMER ! veins . Now there dead like every other POT",OFFENSIVE,UNAVAILABLE,ENGLISH
multioff_train_0286,IkosYmM.png,Oh No ! Youve be cLOCKED in the FUGKANG PUSSY by Donald `` The C Trump ! LLOYDS Up VOTE i Conds or you 'll run out of e !,SAFE,UNAVAILABLE,ENGLISH
multioff_train_0287,cWdiU5k.png,"Anonymous 05/21/16 ( Sat ) 18:37:04 No.338437809 338438117 File : 1459704054948.gif 263 KB , 600x304 ) A liberal Muslim homosexual ACLU lawyer professor and abortion doctor was teaching a class on Karl Marx , known atheist `` Before the class begins , you must get on your knees and worship Marx and accept that he was the most highly-evolved being the world has ever known , even greater than Jesus Christ ! At this moment , a brave , patriotic , pro-life Navy SEAL champion who had served 1500 tours of duty and understood the necessity of war and fully supported all military decision made by the United States stood up and held up a rock . `` How old is this rock ? '' The arrogant professor smirked quite Jewishly and smugly replied `` 4.6 billion years , you stupid Christian ' Wrong It 's been 5,000 years since God created it . If it was 4.6 billion years old and evolution , as you say , is real ... then it should be an animal now '' The professor was visibly shaken , and dropped his chalk and copy of Origin of the Species . He stormed out of the room crying those liberal crocodile tears . The students applauded and a registered Republican that day and accepted Jesus as their lord and savior . An eagle named `` Small Government '' flew into the room and perched atop the American Flag and shed a tear on the chalk . The pledge of allegiance was read several times , and God himself showed up and enacted a flat tax rate across the country . The professor lost his tenure and was fired the next day . He died of the gay plague AIDS and was tossed into the lake of fire for all eternity",OFFENSIVE,UNAVAILABLE,ENGLISH
multioff_train_0288,Lo2ylA3.png,"C oho The dead have‹â_ Oh , The dead have risen my God . and they 're voting Republican",SAFE,UNAVAILABLE,ENGLISH
multioff_train_0289,XqB2jSY.png,38 3456 39 2826 Nailed It imagur.com ) submitted 19 hours ago by worff C+1 ] to /r/whitepeoplegifs 184 comments share save hide report [ +cl Bernie Is a Real OG imagur.com ) O submitted 18 hours ago by pwnrmasta_01 [ +2 ] to /r/blackpeoplegifs 89 comments share save hide report [ l+ cl,SAFE,UNAVAILABLE,ENGLISH
multioff_train_0290,ExlQpoj.png,WHO 'S ON THE BALLOT ? e DREAMER SUPPRESSION CLIMATE CHANGE CONSUMER FINANCIAL PROTECTION BUREAU I DO N'T KNOW f I JUST DO N'T LIKE IF I CAN VOTE T FOR HILLARY . HER . SORENSEN,OFFENSIVE,UNAVAILABLE,ENGLISH
multioff_train_0291,m0FKJHM.png,Bernie or Hillary ? Be informed . Compare them on the issues that matter . Issue : Favorite Star Wars Character ? `` Wedge Antilles . The man fought in the Battle of Yavin . Survived a trench run on the first Death Star `` Jar Jar steps in while saving Luke . Took down an AT-AT on Hoth and helped lead the poopie ! the fight in the Battle of Endor The man is a hero in my eyes and should be celebrated . '' obvious plaat,SAFE,UNAVAILABLE,ENGLISH
multioff_train_0292,V6MP5lX.png,Would you kill a bourgeoisie end World hunger ? So Vou re gon na et millions of people starve for one stupid bourgeoisie VOTE DEMOCRAT I do n't like to abuse eople . VOTE DEMOCRAT,SAFE,UNAVAILABLE,ENGLISH
multioff_train_0293,5vVB395.png,SO YOU 'RE AGAINST IMMIGRATION SPLENDID WHEN DO YOULEAVE ? bit.ly/stopthegop AMERICANS AGAINST THE REPUBLICAN PARTY,SAFE,UNAVAILABLE,ENGLISH
multioff_train_0294,Im9iERE.png,"non debateable Inbox x May 28 ( 2 days ago r to me HI/u/ezzeloharr , i sent your email to aunties Sewermouth TRUMP , has brought out all the dormant evils un the U.S. , , racism , bigotry , supremacy wierdos , liberterians , and blame on other people who might not agree IT 's comparable to the crumbling ROMAN EMPIRE . pray sanity will prevail but it ' not looking good.VIVE CANADA//lovell grandpapa//",SAFE,UNAVAILABLE,ENGLISH
multioff_train_0295,W5DXy2F.png,"WELL , SHE 'S THE LESSER OF TWO EVILS YEAH , BUT HES ABRD PARTY CANDIDATE Gary Johnson 2016 STILL EVIL NOT EVILAT ALL",OFFENSIVE,UNAVAILABLE,ENGLISH
multioff_train_0296,ubeo3Ya.png,Google republican zodiac cuban canadain d X O ALL IMAGES NEWS VIDEOS MAPS Showing results for republican zodiac cuban canadian doggo not the bork bork kind Search instead for republican zodiac cuban canadain doggo not the bork bork komd,SAFE,UNAVAILABLE,ENGLISH
multioff_train_0297,WSdFOAD.png,I AM NOT BERNIE,SAFE,UNAVAILABLE,ENGLISH
multioff_train_0298,2NS27kx.png,I recall a few months ago when seemingly the entire Republican Party were gravely concerned about their wives or daughters walking into a bathroom and being groped or molested by a trans-woman . But now they seem to think it 's perfectly fine for their nominee for president to do it to any woman he happens to lust after 3 hours ago Unlike 524,OFFENSIVE,UNAVAILABLE,ENGLISH
multioff_train_0299,nm9n7k0.png,RIGSENTIRE ELECTION PROCESS TELLS BERNIE SANDERS HESBEING DISRUPTIVE TO DEMOCRACY,OFFENSIVE,UNAVAILABLE,ENGLISH
multioff_train_0300,z1gozo1.png,"I do n't believe that women have any rights , and I think gays should be hanged No , actually , I 'm a A Muslim and those are my religious beliefs . Wow , what a complete primitive asshole you are ! You must be a Republican . Oh ! I 'm sorry ! I apologize ! l hope you do n't think I 'm Islamophobic ! ( c ) 2016 Dixon Diaz",OFFENSIVE,UNAVAILABLE,ENGLISH
multioff_train_0301,hZ9k5JE.png,"Oh , I feel it Feel the Bern Kronk",SAFE,UNAVAILABLE,ENGLISH
multioff_train_0302,jQ6NQqx.png,"T Yesterday at 3:07pm Most Republican candidates agree that they would indeed kill baby Hitler , given the chance . A far more interesting question , in my opinion , would be whether or not they 'd support aborting fetal Hitler MUA HA HA !",OFFENSIVE,UNAVAILABLE,ENGLISH
multioff_train_0303,4LoGRB5.png,Bernie or Hillary ? Be infonned . Compare them on the issues that matter . Issue : Selling Weed,SAFE,UNAVAILABLE,ENGLISH
multioff_train_0304,eJqdhnY.png,"keldorr92 Popcorn [ score hidden ] 2 hours ago Seriously . Stop hiding the tapes Mark , the American people deserve to know about your small handed buddy . GI Malpractice TA score hidden ] 34 minutes ago He 's too big a piece of shit for that . Trump is his meal-ticket , and money matters more to him than rape victims do . Which , in my mind , puts him at # 1 on the list of `` People whose existence makes me question opposing the death penalty . Dude should be beaten with reeds until he 's nothing but a puddle and a memory .",SAFE,UNAVAILABLE,ENGLISH
multioff_train_0305,NpDM9E8.png,TIME MACHINE PICOF THE WEEK . AUGUST 2066 A BERNIE OR BUST made on imgur,SAFE,UNAVAILABLE,ENGLISH
multioff_train_0306,HSVyqdL.png,"Dad , do we Feel The Bern ? No son . We have responsibilities and contribute to society",SAFE,UNAVAILABLE,ENGLISH
multioff_train_0307,88pU7QL.png,BERN THEM ALL,OFFENSIVE,UNAVAILABLE,ENGLISH
multioff_train_0308,MmdEDKF.png,A FUTURE TO BELIEVE IN BERNIE SANDERS COM CALIFORNIA REPUBL,SAFE,UNAVAILABLE,ENGLISH
multioff_train_0309,D9Hn7ll.png,USA TODAY DEMOCRAT AND CHR,SAFE,UNAVAILABLE,ENGLISH
multioff_train_0310,Xx9KwVV.png,Republican Party Cas Busken 2016 Presidential Cookie Poll Democratic Party Cookie Party en Dy vote VOTED,OFFENSIVE,UNAVAILABLE,ENGLISH
multioff_train_0311,7S6NEVD.png,"Photos : The Republican National Convention Melania Trump kisses her husband , Donald , after she spoke Monday on the first day of the Republican National Convention . `` If you want someone to fight for you and your country , I can assure you , he 's the guy , '' she said of her husband , the GOP 's presumptive nominee He will never , ever give up . And most importantly , he will never , ever let you down . '' 1 of 24 Hide Caption",OFFENSIVE,UNAVAILABLE,ENGLISH
multioff_train_0312,zr5VeQM.png,Republicans and Democrats alike do n't want Bernie Sanders as their next president because of multiple reasons and one of the main ones is he 's a socialist.. Well maybe these same people that are against him should stop using Facebook and Twitter and any other SOCIAL media outlet considering anyone can find information about you your kids your job what your doing on vacation and the rest of the 24 hours in your day . If your not a fan of SOCIALISM why would you be a part of it with a SOCIAL media account ? I Like Share Comment,SAFE,UNAVAILABLE,ENGLISH
multioff_train_0313,9xksTiP.jpg.png,Bernie or Hillar Be informed . Compare them on the issues that matter . IMMAGOTOSTARBUCKSINTHE Issue : MORNING FOR SOMECOFFEE IF THERE AINT SOUND SUKEA NO GIRLSTHERE PLAN YOUNG MAN IWONTBUY NO DAMN COFFEE img flip com,SAFE,UNAVAILABLE,ENGLISH
multioff_train_0314,l0P4MzC.png,DEMOCRAT SUPPORTSGUN CONTROL BRANDISHES AK-47 WITH THUMB ON TRIGGER,OFFENSIVE,UNAVAILABLE,ENGLISH
multioff_train_0315,OA7aCgM.png,IF YOU HATE TRUMP AND CLINTON CONSIDER VOTING FOR GARY JOHNSON,OFFENSIVE,UNAVAILABLE,ENGLISH
multioff_train_0316,GaQNDn2.png,Do you really want to live in a country where Purell spares the top 0.01 % of germs while the bottom 99.9 % suffer ? & WORLD REPORT Win McNamee/Getty Images Thomas Casey Bernie Sanders,SAFE,UNAVAILABLE,ENGLISH
multioff_train_0317,eeuDu6t.png,"Cincinnaj Cincinnati CINCINNATI Cinci Lincinnati incinn State Cinci Cincinnati Cinci State ti BALLOT BOWL 08 ate CNN SEN , HILLARY CLINTON 11:04a PT ncin ( D ) PRESIDENTIAL CANDIDATE AYS ITS NUCLEAR PROGRAM IS FOR ENERGY , NOT WEAPONS",OFFENSIVE,UNAVAILABLE,ENGLISH
multioff_train_0318,3fsUJvp.png,EVERYONE IS CONCERNED ABOUT TRUMP GETTING THE NOMINATION AND ITMJUSTSITTING HERE VOTING FOR GARY JOHNSON,SAFE,UNAVAILABLE,ENGLISH
multioff_train_0319,iyTe9SI.png,us on facebook VOTE FOR A DEMOCRAT AGAIN . NO MATTER WHO THEY ARE . I DO N'T CARE IF GOD BECOMES A DEMOCRAT THESE DEMOCRATS ARE GANGSTERISM . THIS IS CRAZY '' Do you agree ? Comment YES or NO,OFFENSIVE,UNAVAILABLE,ENGLISH
multioff_train_0320,Wl32YJG.png,MSK hillary Clinton.com,OFFENSIVE,UNAVAILABLE,ENGLISH
multioff_train_0321,5WXHaW4.png,"Jared Pierce 18 turns o he hourglass I lived in Russia 1993-95 , right after the Soviet Union fell . l know and lived in the real effects of socialism stood in the bread lines , potato lines , meat lines , egg lines and most any other LINEs . These lines sucked hope and prosperity from the souls of men . Bernie and his millennial minions have no comprehension of the damage and lasting effect of such policies . May we GOP Americans find a real true blue American Capitalist to support is my prayer . Most younger kids ( 18-30 ) have no understanding of these difficult times their forefathers fought against . Like Scrawl yer thoughts 21",SAFE,UNAVAILABLE,ENGLISH
multioff_train_0322,ZbqRtuL.png,Donald Trump could do no right . Hillary could do no wrong So between them both you see they fooled the American throng .,SAFE,UNAVAILABLE,ENGLISH
multioff_train_0323,oHjgmJS.png,IS THIS REAL LIFE ? ! what if hillary clinton was in real life # Project Murph,OFFENSIVE,UNAVAILABLE,ENGLISH
multioff_train_0324,oyjvlEa.png,"SAY , DARLIN WHAT ARE YOU GOING TO DO ABOUT JILL STEIN MAKING AN INDEPENDENT RUN FOR THE WHITE HOUSE ? HUSH , BILL M THINKING SMEAR JOB OR A HIT JOB ? WHICH WOULD HAVE THE BEST EFFECT ?",SAFE,UNAVAILABLE,ENGLISH
multioff_train_0325,IWXLlFJ.png,"98 % 12:55 PM LTE K Daddy 02/26/2016 Fri FYI , I just caught a Car full of boys stealing the Bernie sign from our yard . chased them down , fussed at them and made them give me the sign back ! I respect your right to endorse your candidate ! 12:49 PM Holy crap ! Thank you ! Is it back in the ground ? Did you ask them what they were gon na do with it ? m curious if they wanted their own ! 12:52 PM No they do not support him , of course it is back in the ground . 12:52 PM",SAFE,UNAVAILABLE,ENGLISH
multioff_train_0326,L7jzD7i.png,Allihear ... ..is BERN !,SAFE,UNAVAILABLE,ENGLISH
multioff_train_0327,76vgP7x.png,IDIONT PROTECT My REPUBLICAN CITIES AND TOLD THE POLICE TOSTAND DOMIN BECAUSE IAMA PROGRESSIVE S ST BERAL DEMOCRAT AND I PROVIDEA SANCTUARY CITYROR ILLEGALS May of an Jose,OFFENSIVE,UNAVAILABLE,ENGLISH
multioff_train_0328,hV8hDZV.png,9:21 PM ooo AT & T K Messages Bernie Sanders Details U watchin debate ? Yes Whatcha think ? Yes What is she doingggggg 222 Right ? O Text Message Send Q W E R T Y U I O P A S D F G H J K L 123 return space,SAFE,UNAVAILABLE,ENGLISH
multioff_train_0329,jG51M2l.png,CLINTON SBAD MKAAAY BERN IES GOOD MKAAAY,OFFENSIVE,UNAVAILABLE,ENGLISH
multioff_train_0330,zZIOwqg.png,"Nathan Zed & @ Nathan ed CLINTON-TRUMP DEBATE BEGINS MONENTARL 7:06 PM 26 Sep 2016 7,397 RETWEETS 9.735 LIKES",SAFE,UNAVAILABLE,ENGLISH
multioff_train_0331,RbOxrFZ.png,RISE TOGETHER What are rail tr BERNIE SANDERS FOR PRESIDENT FOR THE PEOPLE,SAFE,UNAVAILABLE,ENGLISH
multioff_train_0332,0p7HM8n.png,"My 11 year old niece Vaidehi , kinda had a great analogy after watching the debate tonight . She said You know , Hillary is like an organic sandwich made with organic bread , avocados and all things that have taken years and proper nurturing to grow Donald trump on the other hand is like McDonalds . It 's bad , everyone knows but still lot of people buy and eat it . I am happy to know that She 's with her . Himwithher",SAFE,UNAVAILABLE,ENGLISH
multioff_train_0333,6WELqLH.png,"WVTM 13 13 3 hrs Malala Yousafzai , the Pakistani teenager and Nobel Peace Prize winner , condemned Donald Trump 's controversial plan to ban Muslims on Tuesday Trump would temporarily ban all Muslims from entering the U.S. , a proposal that has rocked the Republican fie ... Malala : Trump 's plan is full of hatred ' WWW WVTM 13.COM BY BY THEODORE SCHLEIFER CNN Like Comment a Share Top Comments 18 people like this . 1 share oo bad the bullet did n't work . Lmao Like Reply 2 35 mins",OFFENSIVE,UNAVAILABLE,ENGLISH
multioff_train_0334,vzQSRVt.png,A cop voting for a Democrat IS like a chicken voting for Colonel Sanders Police Officers fb,OFFENSIVE,UNAVAILABLE,ENGLISH
multioff_train_0335,eRUFvRF.png,"SORR BUT I HAVE TO HAVE MY SAY e are all christians no matter what faith we are or what religion The only terrosist is a stupid one especially to involve their own religion or other religions , they are just ignorant people , who dont have back bone , to say they are terorists involving a religion , is just sad . And in my books Trump is just a white supremist trying to over throgh the people , and the people who beleive in him are very stupid . ke Renlv 6 hrs",OFFENSIVE,UNAVAILABLE,ENGLISH
multioff_train_0336,Crp2aRz.png,"November 2016 : `` and the president of the United States is , Mr. Donald Trump ''",SAFE,UNAVAILABLE,ENGLISH
multioff_train_0337,lv3JsRq.png,"daredevil-sexual If all women need to be feminists because a previous wave of feminism gave them their rights , then all black people should be Republicans since it was Republicans who freed them from slavery and gave them rights . If your response to that is `` Well , the Republican Party has changed '' , then consider this : So has feminism . Source : daredevil sexual 110 notes",OFFENSIVE,UNAVAILABLE,ENGLISH
multioff_train_0338,FrLLfI8.png,"Tweet a Bernie Sanders was just a cool old man tryna make weed legal , college affordable , and wages higher HOW did we end up w Trump and Clinton 10/9/16 , 8:46 PM",SAFE,UNAVAILABLE,ENGLISH
multioff_train_0339,D1uY1Ye.png,WHY DID BOTH CHICKENS CROSS THE ROAD ? TO AVOID DEBATING BERNIE SANDERS inglip.com,SAFE,UNAVAILABLE,ENGLISH
multioff_train_0340,jkdwXzP.png,Hillary for Prison 2016 www . Hillary-Satan2016.com,OFFENSIVE,UNAVAILABLE,ENGLISH
multioff_train_0341,yBjFq4v.png,"Bernie 2016 OK , Fine . HILLARY I Guess BERNIE SANDERS.COM",SAFE,UNAVAILABLE,ENGLISH
multioff_train_0342,VSbm5Ul.png,never thou d be protesting I be KASICH 2016 side by-side with a democrat ! Bernie 2016 What about Bernie 2016 With a friend KASICH 2016 Aye . I can do that . occupy DNC,SAFE,UNAVAILABLE,ENGLISH
multioff_train_0343,XX28NwO.png,"Rope Chains 24 September 2016 DougM Sondrakistan.com HILLARY GOT ALL CUTE TRUMP SAW HER PLAY NOW WW , QUESTION IS AND RAISED HER INVITING MARK CUBAN WHERE IS BUBBA JENNIFER FLOWERS GON NA SIT ? TO SIT IN THE FRONT ROW TO TROLL TRUMP",SAFE,UNAVAILABLE,ENGLISH
multioff_train_0344,TjsILvp.png,"U.S . Senator Bernie Sanders 8 hrs What do the Koch brothers want ? Let me tell you . They want to give Americans the freedom '' to live in poverty working for $ 3 or $ 4 an hour without healthcare , without childcare , without a pension , without the ability to send their kids to college , and without any hope that their children will have a higher standard of living than they do . In other words , the Koch brothers and the billionaire class want it all . OH REALLY BERNIE ? SO HOW COME ME AND MY BRO PAY OURWORKERSANAVERAGE SALARY OF $ 64,000 , DONATE MILLIONS TO HoSPITALS AND COLLEGES AND VARIOUS OTHER CHARITIESP imgflip.com",SAFE,UNAVAILABLE,ENGLISH
multioff_train_0345,gOHWdbe.png,"matt the rapper Following The Matt Klein24 I felt the bern , but Hillary brought the aloe . # ImWithHer RETWEETS LIKES 9:44 PM-7 Jun 2016",SAFE,UNAVAILABLE,ENGLISH
multioff_train_0346,5hhUFqA.png,‹Ä_‹Ä_‹Ä_ Šüä FOR MY BUNGHOLE ! TRUMP PENCE,OFFENSIVE,UNAVAILABLE,ENGLISH
multioff_train_0347,lVOjKnR.png,"I AM NOT AN FERVENT HILLARY CLINTON SUPPORTER BUT BERNIE SANDERS SHOULD DROP OUT OF THE RACE , HE IS N'T GOING TO BE THE NEXT PRESIDENT on inngur",SAFE,UNAVAILABLE,ENGLISH
multioff_train_0348,okIQiIu.png,"APRIL 27 , 2016 Cruz Hopes to Tap Into Immense Popularity of Carly Fiorina BY ANDY BOROWITZ Political insiders called the choice of the wildly adored Fiorina a game-changer for the Cruz campaign . APRIL 25 , 2016 Koch Brothers Consider Purchasing First Democrat BY ANDY BOROWITZ The two considered acquiring a Democrat only after determining that none of the Republicans was worth adding to their collection . APRIL 22 , 2016 Trump Reassures Supporters That He Still Opposes Women Who Were Born Women BY ANDY BOROWITZ After expressing tolerance toward transgender people , the candidate clarified his position on women in general .",OFFENSIVE,UNAVAILABLE,ENGLISH
multioff_train_0349,0Jzts4J.png,actual scale ( simplified ) Bernie Hillar Trump commutists revisionist socdems liberals conserwtives fascists anarchists Socialists AMERICAN scale Bernie Hillary Trump NAZS GODLESS COMMIES,SAFE,UNAVAILABLE,ENGLISH
multioff_train_0350,BVzw01E.png,THE DONALD ? made on inngur,SAFE,UNAVAILABLE,ENGLISH
multioff_train_0351,qi0bYgG.png,"WE 'RE FUCKED , MOVE TO CANADA I STILL FEEL YOU BERNIE ! I STILL FEEL YOU ! P",OFFENSIVE,UNAVAILABLE,ENGLISH
multioff_train_0352,FuuH1LD.png,"CNN Politics Like Page 2 hrs Maybe we could have , like , a task force to go to Area 51 Hillary Clinton says Hillary Clinton Gokingly pledges UFO probe WWW . CNN.COM BY ELI WATKINS , CNN 454 Likes 317 Comments 217 Shares Like Comment Share",OFFENSIVE,UNAVAILABLE,ENGLISH
multioff_train_0353,XTg6oYN.png,"Seemingly everyone in town proudly arrived at the final pro-Trump rally . However , Kermit ca n't help but feel sad knowing his explosives are set to detonate at any moment now , taking him and those surrounding . With a lump in his throat , he whispers his final words , `` Allahu Akbar ''",SAFE,UNAVAILABLE,ENGLISH
multioff_train_0354,7CIR9VI.png,BERNIE SANDERS CLEANING UPAMERICA 'S SHIT SINCE BEFORE YOUWERE BORN,SAFE,UNAVAILABLE,ENGLISH
multioff_train_0355,9mITvJA.png,DVC CAN TSUY BERNIE Feel Bern,SAFE,UNAVAILABLE,ENGLISH
multioff_train_0356,NsCDfKJ.png,THE DEMOCRAT PARTY HAS STARTED THEIR REGISTRATIONIDRIVE,OFFENSIVE,UNAVAILABLE,ENGLISH
multioff_train_0357,Hu8KaNu.png,HILLARY FOR PRISON 22016 Or Sooner . LIKE if you Would VOTE for that !,OFFENSIVE,UNAVAILABLE,ENGLISH
multioff_train_0358,cAm7azy.png,Grover had found this present on a scavenging mission three months ago . He had saved it for what he vaguely remembered was his birthday . On the 'special ' day he opened it . It contained a copy of Trump 's 'latest ' book . Grover gave a little chuckle and chucked the entire box away .,SAFE,UNAVAILABLE,ENGLISH
multioff_train_0359,EZMV9D9.png,"Go over there to see which Presidential candidate is best for you . The Republican nor the Democrat . `` I do n't like either of them . You Just do n't under stand Vote for Vote for me , me , you pussy ! '' you ass our System",OFFENSIVE,UNAVAILABLE,ENGLISH
multioff_train_0360,6NFcW7v.png,BERN I,SAFE,UNAVAILABLE,ENGLISH
multioff_train_0361,pOkTegk.png,WHEN YOU THOUGHT THE ONLY WAY FOR HILLARY TO WIN WAS TO RUN AGAINST TRUMP ONLY TO REALIZE THE ONLY WAY FOR TRUMP TO WIN WAS TO RUN AGAINST HILLARY,SAFE,UNAVAILABLE,ENGLISH
multioff_train_0362,YW7mx62.png,"Anonymous ( ID : ZH9bedF 5 hours ago No.75211812 > > 75211983 75212094 75212522 75213781 J ) 75214462 75214877 75216815 75218241 75218666 75219541 75219654 > > 75221452 75221775 75221786 75222880 75222895 Bernie does n't debate . He has a staring contest with the floor , takes as good and rough a fuck as the other candidate can give , clumsily whines about a few things , and then he walks off stage and posts something irrelevant on twitter like you should n't have to ask for ketchup packets at McDonnalds All Trump has to do is not break Bernie in half like Bane in Knightfall . He just softballs with his and goes in with kiddie gloves . Just enough to put on a show and blow out the commie , but not hard enough to alienate Bernies rabid fanbase . It shows Trump is doing more for women ( thanks to the charity donation ) than Trump ever did , while further dividing the Democratic party Gust take to social media to see the m spurging out ) and will net a decent chunk of Bernouts come November after they get a chance to actually see him speak . It also gives Trump some much needed experience in a 1v1 debate . Sanders is Glass Joe . He 's a tutorial .",SAFE,UNAVAILABLE,ENGLISH
multioff_train_0363,xtvEjIx.png,Yoko Ono attempts to devour Donald Trump 's tiny soul .,OFFENSIVE,UNAVAILABLE,ENGLISH
multioff_train_0364,2UT3Ips.png,HILLARY BACKSARMING MUSLIMS HILLARY WANTS TODISARMAMERICANS,SAFE,UNAVAILABLE,ENGLISH
multioff_train_0365,uDZH05A.png,ID LIKE TO SEE GARY JOHNSON CLIBRETARIAN CANDIDATE ) IN THE NATIONAL DEBATES FUCK ME RIGHT made on imgur,SAFE,UNAVAILABLE,ENGLISH
multioff_train_0366,LeHuK4y.png,Bernie or Hill Be informed . Compare them on the issues that matter . Aliens Issue : AYYY LMAO Deported,OFFENSIVE,UNAVAILABLE,ENGLISH
multioff_train_0367,jVHe747.png,DONALD TRUMP . THE IDIOT made on,OFFENSIVE,UNAVAILABLE,ENGLISH
multioff_train_0368,3cvbmM0.png,"They both sound like idiots . What they do n't realize is Democrat , Republican Only an illusion on making the people think they can choose their leaders , and keeping the people separated as 1 . Elections are not real , only an illusion . 11 hours ago",SAFE,UNAVAILABLE,ENGLISH
multioff_train_0369,gy3AJXJ.png,"Bernie or Hillan Be informed . Compare them on the issues that matter . Issue : WHAT IS LOVE ? Do n't Hurt Me , Got to do Do n't Hurt Me , it ? No More with",SAFE,UNAVAILABLE,ENGLISH
multioff_train_0370,Nkvcr8I.png,Black lives matter ! Trump ! FBI ! Dallas Police ! Hillary ! Pokemon ! 2015,OFFENSIVE,UNAVAILABLE,ENGLISH
multioff_train_0371,55A2AUa.png,"IR THE DONALD IF YOUR MEMESTORMACTUALLY WORKS , HILLARY IMPLODES , AND BERNIE IS THE DEMOCRAT NOMINEE NSTRUCTC YOURE GON NA HAVE BAD TIME",SAFE,UNAVAILABLE,ENGLISH
multioff_train_0372,Zh4CZSe.png,PENCE NEEDS HIS KiMosABE SICK HILLARY NEEDS HER CHEMOTHERAPY Memes of The Conservative Curmudgeon,OFFENSIVE,UNAVAILABLE,ENGLISH
multioff_train_0373,H7Ob55y.png,I DO N'T LIKE THE LOOKS OF THIS TRUMP PENCE A A,OFFENSIVE,UNAVAILABLE,ENGLISH
multioff_train_0374,CUsbUT2.png,"THE bARGAA T N 3 4 Oh hia Penisstore had U cooked the pastries 4 2nites partee ? ? ? yES SNOTragl i HEV COCKED IEK VEW ASCIENED ME how MANY pe Pro r CUMMING 2 da Party e ? U ( DUMN hora ) , ME , nURDIEONID , tHE SEM ITE , aIMLEz , Bernie Winters & ragingpoo So sefun people are comming So for each , da kwantity of pie LS about 22 Punchline** JAJAJAJA Eyes watering",SAFE,UNAVAILABLE,ENGLISH
multioff_train_0375,MLw5fUA.png,"It 's illegal to intimidate voters at a polling place , so even if a black person wanted to vote Republican today , it 's kind of illegal . @ antoniocomedy",SAFE,UNAVAILABLE,ENGLISH
multioff_train_0376,vHFo7dO.png,7 hrs Obama just into law making the bison the national mammal . What our eagle represented to the America people is why Obama and his Republicans just made the bison the National Mammal . Like all moslems Obama needs to destroy a nation 's symbols . Destroy a nation 's symbols and history will no longer remember what that nation was Then the invaders can make history what they want it to be Like Comment Ca n't wait til the S.O.B is gone Like Reply 1 6 hrs Why ? There was no need for this and no public debate . Like Reply 1 6hrs I guess you will have to ask your Republican Reps Like Reply 6 hrs AA Write a reply . You know an eagle is a bird not a mammal right ? Like Reply Just now,OFFENSIVE,UNAVAILABLE,ENGLISH
multioff_train_0377,p8cqujC.png,Ernie checks if he mentioned Hillary Clinton and the Obama family in the second publishing of the Panama Papers .,SAFE,UNAVAILABLE,ENGLISH
multioff_train_0378,akXZYL5.png,"t C-l [ score hidden ] 3 hours ago ast edited 1 hour ago So a governor and candidate for vice president paid 8 % income tax . Meanwhile , I work at walmart and make $ 10.50/hr , and I paid a 16 % rate on my last paycheck . permalink source embed save save-RES report give gold REPLY hide child comments [ score hidden ] 44 minutes ago ast edited 8 minutes ago 10.50 an hour 40 hours a week , is 21,840 in a year . 21,840 standard deduction for single person ( 6,300 ) 15,540 personal exemption ( 4,050 ) Taxable income is 11,490 You pay 10 % on the first 9,275.00 and 15 % after that You pay 1259.75 or 5.7 % So either you will get a tax return check because you improperly filled out your paperwork , or is lies This is with deductions that everyone , in your tax bracket , gets . If you had one child you would n't pay any taxes at all . Edit : I am pro Hillary , I just do n't like bad discussions of taxes , because it is just pointless . permalink source embed save save-RES parent report give gold REPLY",SAFE,UNAVAILABLE,ENGLISH
multioff_train_0379,RhODpdf.png,"playas we ai n't the same , I 'm into Kaine and guns VAATE",SAFE,UNAVAILABLE,ENGLISH
multioff_train_0380,IhjXkUr.png,Oh no ! Bernie has been G captured b Hillary ISIS Clinton ! Submit your Karma reserves now to Save Bernie from certain death ! !,OFFENSIVE,UNAVAILABLE,ENGLISH
multioff_train_0381,T2Jt2ry.png,DIDNT LIKE THE REPUBLICAN INCUMBENT ELECTED ADEAD DEMOCRAT TO SENATE,SAFE,UNAVAILABLE,ENGLISH
multioff_train_0382,nHevBnI.png,Trump : GOP will become worker 's party ' under me By NICK GASS l 05/26/16 O7:44 AM EDT,SAFE,UNAVAILABLE,ENGLISH
multioff_train_0383,4hxCAfW.png,You whipped out that Mexican thing again . Mike Pence . GOP Candidate for VP of the United States,OFFENSIVE,UNAVAILABLE,ENGLISH
multioff_train_0384,8oOhdGX.png,"what the media wont post because its a positive outlook . Trump can actually be a good man . a DEMOCRAT said `` He was n't there to get votes he shook my hand and it felt real , he does care . '' Keep this in mind when voting . He might not show it a lot , but Trump does have a soft side Louisiana flood victims praise Donald Trump for visiting damaged areas Terry Phinney was not always a fan of Donald Trump 's , but when the Republican presidential candidate arrived at his Baptist church to meet flood victims Friday , ... LATIMES COM BY LOS ANGELES TIME",SAFE,UNAVAILABLE,ENGLISH
multioff_train_0385,EMshcj9.png,"13 hrs And I 'm done with social media because this says it all . Good bye all . I will remember you all in therapy when I 'm telling my psychologist that I 'm crazy because I think about the things that no one else wants to talk about . WHEN I HEAR PEOPLE SAY tbs TOMG , JUSTIN JUST GOTANEW HAIRCUT ! '' CHTPROJECTCOM I WAN NA RESPOND AND SAY OMG , A REPORT BY THE TOPJOURNALIST IN THE WORLD JUSTREVEALED THAT THEINFAMOUS CHEMICAL WEAPONSATTACKIN SYRIAIN 2013 WASA FALSE FLAG OPERATION AUTHORIZED BY HILLARY CLINTON TO FRAMEASSAD AND STARTANOTHER WAR BASED ONALIET",OFFENSIVE,UNAVAILABLE,ENGLISH
multioff_train_0386,rgYqE0y.png,Quick History Lesson : 18th Amendment : Abolished Slavery 100 % Republican Support 23 % Democrat Support 14th Amendment Gave Citizenship to Freed Slaves 94 % Republican Support 0 % Democrat Support 18th Amendment : Right to vote for All 100 % Republican Support 0 % Democrat Support OBAMA CARE : 0 % Republican support 86 % Democrat Support www.UNCLESAMSAMISGUIDEDCHILDREN.coM,SAFE,UNAVAILABLE,ENGLISH
multioff_train_0387,hF5Bi0f.png,BREAKING NEWS ! ALD TRUMP IS,OFFENSIVE,UNAVAILABLE,ENGLISH
multioff_train_0388,QebeqSh.png,BREAKING NEWS TRUMP AGAIN CALLS OBAMA ISIS FOUNDER ( HE 'S NOT Scottie Nell Hughes Trump Supporter 508 I ST SAYS HER PLANS WOULD CAEATE 10 MILLION JOBS CLINTON SAYS AC36,SAFE,UNAVAILABLE,ENGLISH
multioff_train_0389,H6vd1DD.png,016 Grann Reserved BERNIE SANDERS E MANDE,OFFENSIVE,UNAVAILABLE,ENGLISH
multioff_train_0390,NdIEduW.png,"LIGE 33 % 7:26 PM Fusion FUSION Aug 18 at 6:15am FUSION and marijuana entrepreneur . Meet Gary Johnson , the pot-loving , tax- hating Libertarian who wants to ( and could ) See More 13k likes 2k comments 77k shares 4.8m views h Like Share Comment Now This Election",SAFE,UNAVAILABLE,ENGLISH
multioff_train_0391,rmlkOMu.png,SAYS WILL MOVE TO CANADA IF TRUMP IS NOMINEE CANADA BURNS DOWN,SAFE,UNAVAILABLE,ENGLISH
multioff_train_0392,T4u74mL.png,"/R/FULL COMMUNISM hot new rising controversial top Gilded promoted view images ( 21 ) Do you agree Hillary Clinton is lying about the Clinton Foundation ? Sign the petition ! Paid for by Donald J. Trump for President , Inc promoted by Comrade the-realDonaldTrump save hide report Citizen O promoted post what 's this ?",OFFENSIVE,UNAVAILABLE,ENGLISH
multioff_train_0393,HnYtR6j.png,POLICE SAYS HE 'S UPSET DONALD TRUMP STATED WE ARE ONLY GETTING THUGS AND CRIMINALS FROM MEXICO . BURNS COP CAR ... YOU KNOW ... TO PROVE TRUMP WRONG mematic.net,OFFENSIVE,UNAVAILABLE,ENGLISH
multioff_train_0394,B0rKblC.png,To should run as a Bernie Bernie is running that 's third party ! the only way to win,SAFE,UNAVAILABLE,ENGLISH
multioff_train_0395,l7UFL6x.png,"If I were president I 'd : 1 . Tear down all Christian churches and replace them with multicultural education centers 2 . Make all racism and hate speech a life in prison sentence 3 . Nationalize ISPs , automobile , oil , gas , and electric industries 4 . Open up all borders so there are zero restrictions on immigration 5 . Arrest anyone earning over 2 million dollars a year and have their wealth evenly distributed 6 . Make healthcare and education completely free 7 . Arrest anyone who is known to have Republican or libertarian affiliations and have them re-educated in a Progress For Society Program for three years 8 . Gun ownership is a death penalty",OFFENSIVE,UNAVAILABLE,ENGLISH
multioff_train_0396,qSyop93.png,"FREE ! ? think you mean STOLEN from the taxpayers ! There 's no such thing as FREE breadsticks you fucking socialist , learn economics ! sir this is an Olive Garden FUCK bernie s Free with Archyse",OFFENSIVE,UNAVAILABLE,ENGLISH
multioff_train_0397,gbt5ETH.jpg.png,Has a lot of money Knows if Bernie wins he has to pay more taxes that will help those less fortunate STILL SUPPORTS BERNIE,SAFE,UNAVAILABLE,ENGLISH
multioff_train_0398,QnLfqfX.png,"`` The Winne reppan , Bernie Sand ‰ÛÏThe winner is actually Bernie Sanders ... '' 66 RAL DORAL ! DEMOCRAT",SAFE,UNAVAILABLE,ENGLISH
multioff_train_0399,JZOT6IU.png,Ummm I think that somehow your computer is autocrrecting Cruz '' like Santa Cruz to `` lil baby pee pee hahahaha yeah ! I have the evidence to show you later and Paul Bonerstink What why ? OMG I NOTICED THAT TODAY TOO WHYYYYY it 's a plug-in that changes the names of Republican Presidential candidates to dirty words hahahahaha Oh my god Seriously,OFFENSIVE,UNAVAILABLE,ENGLISH
multioff_train_0400,p3MNKdN.png,"fstrick BERNIE ANNI MORE HES NO LONGER AMABLE CANDIDATE www.shutterstock.com 160941326 IFYOUDONTSHUT MOUTH THIS SECOND , IM GON NA RIPTOURNIPPLES STUPID CUNT OFF www.shutterstock.com 160940849",OFFENSIVE,UNAVAILABLE,ENGLISH
multioff_train_0401,fmTCPZO.png,I hate those republican fuckers so much omg those racist pricks are literal subhumans l wish Obama would just take away their privilege to freedom of speech omg I 'm waiting for the day that we can go out and destroy their churches and smash apart their shops and businesses we seriously just need to deport all of them we should round them up and send them to work and reeducation camps and just sterilize them or better yet we could just exterminate every last one of them we m Secure the istence of multiculturalism an immigrants ' children honestly fuck those intolerant bigots . They 're literal Nazis 2016,OFFENSIVE,UNAVAILABLE,ENGLISH
multioff_train_0402,kzLhUFd.png,Bernie Bernie Sanders 2016 ( a Bernie Sanders No refunds . Reply t Retweet Favorite More 8:27 PM 7 Jun 16 . Embed this Tweet Follow,SAFE,UNAVAILABLE,ENGLISH
multioff_train_0403,7juAkcv.png,Mike Pence : Politics is No Place for `` Name Calling nbonews.com NBC submitted 50 minutes ago by MizzouRah22 NEWS 15 comments share save hide report Trump goes after little ' Michael Bloomberg on Twitter nypost.com submitted 51 minutes ago by restore democracy 16 comments share save hide report,SAFE,UNAVAILABLE,ENGLISH
multioff_train_0404,0SvkQMd.png,"Bernie or Hillary ? Be informed . Compare them on the issues that matter Issue : Wrestling `` With the recent rise in popularity `` That Roman Reigns of independent wrestling federations , combined with an int fellow is fan base via the internet , even the surge in popularity of so called mainstream something else , indies like NXT , it 's safe to say huh ? we are in the midst of a within the sport . ''",OFFENSIVE,UNAVAILABLE,ENGLISH
multioff_train_0405,p3u6fbf.png,The Washington Post ) DEBATE . DEMOCRATA DEBATE DEMOCRAT,SAFE,UNAVAILABLE,ENGLISH
multioff_train_0406,8Fwa0DR.png,"BLACK LIVES MATTER , WESTBORO BAPTIST CHURCH AND THE KKK WERE REPORTEDLY THROWING URINE AT EACH OTHER AT THE REPUBLICAN NATIONAL CONVENTION THE OTHER DAY BUT IM JUST SITTING HERE ABOUT TO GO TO WORK LIKE A NORMAL PERSON made on",OFFENSIVE,UNAVAILABLE,ENGLISH
multioff_train_0407,ysAk127.png,I 'M A DEMOCRAT WHO SUPPORTS FREE SPEECH FUCK ME RIGHT memegenerator.net,OFFENSIVE,UNAVAILABLE,ENGLISH
multioff_train_0408,VYZEg9A.png,BORREL CNN OCBS CLINTON BROADCASTING CLINTON NEWS NETWORK NETWORK aoc NBC ALL BEHIND CLINTON NOBODY BUT CLINTON,OFFENSIVE,UNAVAILABLE,ENGLISH
multioff_train_0409,HyQBPvH.png,"I 'M A WHITE FEMALE , CHRISTIAN , REPUBLICAN , PRO-GUN , PRO-LIFE FEMINIST HOW ELSE CANIOFFEND YOU TODAY ? OH , AND IM ALSO VOTING FOR TRUMP",OFFENSIVE,UNAVAILABLE,ENGLISH
multioff_train_0410,5aomAQA.png,"APRIL 25th 2016 Hillary Clinton supporters posted child pomography to numerous Bernie Sanders Facebook pages , then reported the pages to Facebook Will Sanders supporters do the same thing to retaliate ? Never in a million years It 's child pomography . We would never post it , or vote for someone who would condone that or do anything to win . That 's the difference between us . at 's what we are fighting for . SANDERS",OFFENSIVE,UNAVAILABLE,ENGLISH
multioff_train_0411,PjZa9M1.png,TRUMP PENCE ‹Û� Eill 01 2,SAFE,UNAVAILABLE,ENGLISH
multioff_train_0412,yLF1GSc.png,"The accounting firm responsible for auditing the Clinton Foundation in 2015 , DLA Piper , has James Comey 's brother Peter as its Senior Director . DLA Piper is also Hillary Clinton 's 5th highest contributor of all time . James Comey was also on the board of HSBC , bank which has had extensive dealings with the Clinton Foundation . http : //www.breitbart.com/2016-presidential-race/2016/09/10/ ys-clinton-foundation-connection/ COMEY 'S REFUSAL TO INDICT HILLARY CLINTON IS DC CRONYISM AT IT 'S FINEST .",SAFE,UNAVAILABLE,ENGLISH
multioff_train_0413,NssAP3V.png,JUST TO BE CLEAR PINE MEN YOU MAY HAVE STRIPPED ME or MY BUT I STILL GET ge ize MORE PUSSY THAN YOU THESEARE THE FOLKS WHO PRETEND TO BE OFFENDEDBY DONALD TRUMP 'S LANGUAGE .,OFFENSIVE,UNAVAILABLE,ENGLISH
multioff_train_0414,T35mICA.png,Having too choose between Hillary Clinton and Donald Trump like . guess Ill d,SAFE,UNAVAILABLE,ENGLISH
multioff_train_0415,E0JmmKR.png,Donald Trump isthe first person Ive ever seen that nobody likes yet may be elected president THE P 1374 He 's The Big Bang Theory . '' Darrell Dawson youtube.com/dawsoncomedy,SAFE,UNAVAILABLE,ENGLISH
multioff_train_0416,9h78t5i.png,dded a post from July 18 to his timeline 2 hrs Quote of the day from a random FB comment . This was in response to Trumps comments about McCains service . `` Donald Trump is the poop stain on Americas underwear . '' 3 Likes I Like Comment Share,OFFENSIVE,UNAVAILABLE,ENGLISH
multioff_train_0417,bDIJ7sx.png,THE BEAUTY OF ME IS THAT I 'M VERY RICH . '' DONALD TRUMP bit.ly/stopthegop AMERICANS AGAINST THE REPUBLICAN PARTY,OFFENSIVE,UNAVAILABLE,ENGLISH
multioff_train_0418,fU7SAmZ.png,"BERNIE SANDERS Never owned a business Never invented anything Never had a 9-5 job Never proposed a single bill that passed ( 25 years in office ) Lived off welfare before he was elected to office 74 years old net worth $ 300,000 Says he can fix healthcare and to be the econom Just like his hero Karl Marx succeeded at nothing ,",OFFENSIVE,UNAVAILABLE,ENGLISH
multioff_train_0419,x9dwWj9.png,`` BERNIE SANDERS IS 74 WEARS OLD AND STILL LOOKING FOR A JOB HAT COULD BE MORE AMERICAN THAN THAT ? '' TED ALEHANDRO,OFFENSIVE,UNAVAILABLE,ENGLISH
multioff_train_0420,XoR7xtd.png,S OUT The mistake that really lost this election for Bernie Sanders was not marrying Bill Clinton when he had the chance . @ Ben Longcomedy,SAFE,UNAVAILABLE,ENGLISH
multioff_train_0421,6uTXEgh.png,BERN IS KING,SAFE,UNAVAILABLE,ENGLISH
multioff_train_0422,3YtnZiU.png,"Of the 33,000 emails Hillary Clinton deleted , over 2,000 of them contained Papa John 's promo codes , including one for a free order of Tuscan 6-cheese breadsticks with the purchase of any large 1-topping pizza . Thumbs up if you think Hillary should release the promo codes . CAFE",OFFENSIVE,UNAVAILABLE,ENGLISH
multioff_train_0423,00DjNzR.png,NOW YOURE READY TO VOTE FOR HILLARY,OFFENSIVE,UNAVAILABLE,ENGLISH
multioff_train_0424,WiqI5X3.png,ROSS PEROT HAD 8 % SUPPORT BUTGOT TO BE IN THE DEBATE GARY JOHNSON HAS 9 % BUT THATIS NONE OF MY BUSINESS irngflip.com,SAFE,UNAVAILABLE,ENGLISH
multioff_train_0425,ogrQSpx.png,Journalists HATE Him ! Politician 's discovery revealed the secret to creating a political revolution with just one vote of yours Watch this shocking video and discover how you can topple the establishment with one simple democratic act ... One single vote No radical ideas required . absolutely guaranteed that you will Feel the Bern ! Click to Watch Video Now,SAFE,UNAVAILABLE,ENGLISH
multioff_train_0426,WVeMKB9.png,"Guy Hussein 2 hrs 13 Attention all communist scum . At 1:36 AM Pinochet 's AnCap Militia infiltrated Paul Krugman 's office and kidnapped his favorite My Little Pony plushy , the one he sleeps with at night . We will execute Dashy at exactly 12:00 Midnight EST unless our demands are met . Our demands : 1 ) Make the NAP part of the US Constitution 2 ) End the Federal Reserve 3 ) Make the official currency a gold backed version of Bitcoin , PinoCoin . 4 ) Revoke all educational awards and diplomas from all communist scum , they do n't deserve them . 5 ) Deport Bernie Sanders . 6 ) Segregate all leftists with Jim Crowe themed laws . 7 ) Publicly admit Israel is totally gay",OFFENSIVE,UNAVAILABLE,ENGLISH
multioff_train_0427,L6WFxJs.png,HBO Ernie proudly proclaims r/the donald as the last bastion of free speech on reddit before banning another cuck for disagreeing with him,SAFE,UNAVAILABLE,ENGLISH
multioff_train_0428,ybxXd8R.png,O 80 % 6:52 PM Replies No Obama is a terrorist muslim sympathizer that is democrat socialism 8 hours ago Like Reply Ithink Jennifer just strung together words she 's afraid of 7 hours ago Like I 1 Reply do n't think there 's a better explanation of that sentence . Just now Like Reply Write a reply,OFFENSIVE,UNAVAILABLE,ENGLISH
multioff_train_0429,CagRUffUcAExvLF.jpg,"Bernie or Hillary ? Be informed . Compare them on the issues that matter . Issue : The Weed Man $ 15/G mids is Got that straight Cali all I got . Text Dank , 2G for $ 20 . Swing you in a few through and Feel The Bern . hours when I am free",OFFENSIVE,UNAVAILABLE,ENGLISH
multioff_train_0430,W0Nh6hc.png,"THE PERFECT GOP CANDIDATE IN 2016 ? All of these men believe they can lead America through strength , exhibit conservative beliefs , stand up to the world 's bullies , and bring America together ( within their national/moral view ) . But Sadly , none of them have any experience . The potential candidate who has experience with strong leadership & best reflects Republican values and thinking is : Uote Putin for America ! In your heart you know he is right . We 'll work out the constitutional stuff later .",OFFENSIVE,UNAVAILABLE,ENGLISH
multioff_train_0431,iQ0COdD.png,"Drive Through FAST FOOD , RESTAURANT TX , USA I BAD BEHAVIOR , BIZARRE , POLITICS CA customer pulls up to my window and he looks extremely similar to Bill Clinton ) Me : `` Has anyone ever told you that you look like Bill Clinton ? '' Customer : `` I did NOT have sexual relations with that woman ! '' ( The customer then proceeded , in full Clinton style , to light up a joint at my drive-through window . )",OFFENSIVE,UNAVAILABLE,ENGLISH
multioff_train_0432,k5DLjAd.png,score hidden ) 7 hours ago I was a registered democrat for all of about 15 days before I ripped it up protesting the Iraq War . permalink source save save-RES parent report give gold REPLY [ score hidden ] 6 hours ago Ha . You do know it was the republicans who got is in to that one permalink source save save-RES parent report give gold REPLY t C- ] score hidden ] 6 hours ago As a student of history I 'm poised to remember the democratic role in that war . Peliso and Clinton are just as guilty as Cheny . permalink source save save-RES parent report give gold REPLY score hidden ] 5 hours ago i think you flunked that course . Congrats . Most ludicrous post in Reddit today permalink source save save-RES parent report give gold REPLY,SAFE,UNAVAILABLE,ENGLISH
multioff_train_0433,4j07SmD.png,"SubjectPolitics Jun 17 at 5:34pm Obama spent his ENTIRE presidency going on comedy shows , now he has the NERVE to say say Donald J. Trump is n't serious . Obama has the NERVE to say Trump is n't `` serious '' SubjectPolitics.com After he spent his entire PRESIDENCY going on comedy shows 385,411 views 13 Comments",SAFE,UNAVAILABLE,ENGLISH
multioff_train_0434,iMCzClJ.png,EVIDENCE AGAINST HILLARY CLINTON ? YEAHI BETTER JUST FILE THAT,OFFENSIVE,UNAVAILABLE,ENGLISH
multioff_train_0435,91sHVxQ.png,"SURE YOU CAN HEAR WHAT HILLARY CLINTON HAS TO SAY THAT LL BE S10,000 VOU DONT HAVE S10,000 ? OHGEEL THAT 'S TOO BAD GUESS YOULL HAVE TO HEAR THE OTHER SPEECHn",OFFENSIVE,UNAVAILABLE,ENGLISH
multioff_train_0436,PCnauaB.png,HOPE BERNIE SANDERS BECOMES PRESIDENT SOI WONT HAVE TO GET A JOB AFTER COLLEGE n Imgur,OFFENSIVE,UNAVAILABLE,ENGLISH
multioff_train_0437,yDO396v.png,SAMSUNG ‹Ä_ TRUMP,OFFENSIVE,UNAVAILABLE,ENGLISH
multioff_train_0438,5Oznxbq.png,"Sammy Hagar is 68 years old . Bill Clinton is 69 . Sammy has had over 40 years of sex , alcohol , rock & roll , and drugs . Bill lives with Hillary . AN",OFFENSIVE,UNAVAILABLE,ENGLISH
multioff_train_0439,EuTcoU6.png,COD HATES HUNTER PENCE,SAFE,UNAVAILABLE,ENGLISH
multioff_train_0440,a1F6RKt.png,`` I HOPE '' THE TRUMP FOUNDATION HAS N'T BROKEN ANY LAWS PERSONALLY SIGNS D CHECK,SAFE,UNAVAILABLE,ENGLISH
multioff_train_0441,ZEjNdo0.png,"31 6:26 PM geez . 5 minutes ago I know Bernie 's father 's family was killed in the holocaust and he grew up poor , while Hillary has always lived in a rich white household and only got richer , but it 's okay for me to ignore that because as a white middle class housewife who lives great without working I understand that Bernie is sexist and needs to check his male privilege . So I support Hillary # imwithher # killallmen # feminism 1 hour ago EARLIER REPLIES The # feminism kind of gave it away",SAFE,UNAVAILABLE,ENGLISH
multioff_train_0442,34nLFqO.png,"*me , voting for Bernie Sanders Feel the Bern !",SAFE,UNAVAILABLE,ENGLISH
multioff_train_0443,gzWfYg3.png,YOU SAIOTHATAVOTEFORGARY JOHNSONWASAVOTEFOR HILLARY THE FACT THAT HALFOFMYSTAUNCH DEMOCRAT FRIENDSAREVOTING FOR JOHNSON PROVED THATWASAUE ! imngfip com,OFFENSIVE,UNAVAILABLE,ENGLISH
multioff_train_0444,gtxLH3X.png,"WeRateDogs Follow @ dog rates This is Bernie . He just touched a boob for the first time . 10/10 RETWEETS UKES 2,626 6,421",OFFENSIVE,UNAVAILABLE,ENGLISH
multioff_validation_0001,Xxc4mjq.png,WE LIKE IKE I LIKE IKE FRANK CULOTTA REPUBLICAN CLUB IN IKE/ IS FOR US WE LIKE IKE/ K,OFFENSIVE,UNAVAILABLE,ENGLISH
multioff_validation_0002,ZffTHk2.png,Glory to Bern .,OFFENSIVE,UNAVAILABLE,ENGLISH
multioff_validation_0003,TyYDiSx.png,"My mom got kicked out of her emotionally abusive home at age 16 . She took out loans and paid for herself to graduate high school early and go to college early and go to medical school early and become a doctor , all without any financial or familial support . Her parents did n't go to college . She became an anesthesiologist . She married a bad man who left her four months after she gave birth to twin babies . He never came back or financially supported her or her children . He has n't spoken to her or me or my brother in nearly fifteen years . She worked hard so l could work hard . l was the first person in my family to go to Harvard . It was harder because I was a girl , and people do n't like girls that much , generally . I worked hard there and I worked hard after . I understand your criticisms . I understand that the American dream is broken , and that my mom 's bootstrappy story is atypical and nearly unattainable , especially for people of color . But this did happen to my mom , and I am happy she gets to see a woman president in her lifetime . This is a huge day for incredible women like my mom and Hillary and everyone else . Also I will delete your posts if they are aggressive orthreatening . respect Bernie and his supporters and l did n't go to your wall to tell you to kill yourself .",SAFE,UNAVAILABLE,ENGLISH
multioff_validation_0004,FsAbNtn.png,J. TRUMP DONALD MA DE N MEXIC i RN 47333,SAFE,UNAVAILABLE,ENGLISH
multioff_validation_0005,ERe2yR0.png,"score hidden ] 5 hours ago My friend committed suicide at 34 , $ 80k in Hospital Debt & at least $ 40k in student loan debt , with a broken back . I can barely talk about it . All he spoke of was Bernie Sanders , voted , and killed himself when the media said he had no chance My anger is so enraging I hate to share . I knew a girl a few years back , 24 , who died of pneumonia . Fucking died of pneumonia , because she did n't have health insurance ( and was very poor ) . Never did drugs , never drank . She waited 10 hours in the Emergency room until she died of dehydration , they said . These memories are very painful . permalink source embed save save-RES parent report give gold reply hide child comments score hidden ) 5 hours ago Thank you for sharing these painful memories . These issues are infuriating and it 's important people hear about these struggles , otherwise things wont change . I 'm so sorry for the loss of your friends . permalink source embed save save-RES parent report give gold reply",SAFE,UNAVAILABLE,ENGLISH
multioff_validation_0006,XYERAZg.png,"Hillary Clinton a HillaryClinton @ realDonaldTrump thinks democrats care about his opinion , how does it feel putting your stuff where it does n't belong ? 2210 1272 RETVEETS FAVORITES Donald J. Trump areal Donald Trump Hillary Clinton Ask Bill . 3322 5880 REE TWEETS FAVORITES ifunny.CO",SAFE,UNAVAILABLE,ENGLISH
multioff_validation_0007,2iaC1qq.png,TRUMP WIANTISTO BE PRESIDENT BUT DOESNTPAY HIS FUCKING TAXES BUTIM CANADIAN SO ITS REALLY NONE OF MY BUSINESS,SAFE,UNAVAILABLE,ENGLISH
multioff_validation_0008,fqSHGCD.png,Lady GARDEN Liberal Democrat,OFFENSIVE,UNAVAILABLE,ENGLISH
multioff_validation_0009,KbTk7Rq.png,AN ARY . tube REPUBLICAN PRESIDENTIAL DEBATE AG RA LIVE CNN 746 PM PT,OFFENSIVE,UNAVAILABLE,ENGLISH
multioff_validation_0010,uelxFPQ.png,"25 YEARS OF THROWING SCANDALS AT HILLARY CLINTON PAYS OFF , PEOPLE HATE HER NOMINATE S DONALD TRUMP",SAFE,UNAVAILABLE,ENGLISH
multioff_validation_0011,DNwiCOI.png,FEEL TH EL BERN,OFFENSIVE,UNAVAILABLE,ENGLISH
multioff_validation_0012,D9Zr2dU.png,"The Real Racists Barack , does our Democratic Party 's belief that white people are smart enough to obtain photo IDs , and that minorities are not , make us racists ? Of course it does , Hillary , but fortunately for us Democrats , we also believe minorities are not smart enough to realize it Hen www.cartoons hen Copyright Henry Christensen , 2016 Com",SAFE,UNAVAILABLE,ENGLISH
multioff_validation_0013,mn6RF0J.png,PUTS COUNTRY AHEAD OF PARTY DOES NOT ENDORSE TRUMP . DISTANCESHIMSELF FROM REPUBLICAN CONVENTION made on imgur,OFFENSIVE,UNAVAILABLE,ENGLISH
multioff_validation_0014,JK1w4yI.png,"All Unread I FROM Hillary Clinton Popula SUBJECT I need you right now , Jeffrey Nathan Fillion Tweeted : No , no , it 's not p Current Mailbox RECEIVED SIZE Sun 10/9/2016 4:08 P 34 KB Sun 10/9/2016 2:23 P 99 KB",SAFE,UNAVAILABLE,ENGLISH
multioff_validation_0015,ZWajHQq.png,"[ score hidden ] 55 minutes ago Stop it . I 've been a member of the Green Party since 1994 , and I have never wasted my vote by voting Green for president . There 's just too much at stake to let the GOP in the White House . permalink save report give gold replied 1 point just now That 's funny considering just 10 day ago you stated the following : `` I am a hardline democrat . But ifIwere forced to choose between Trump and Cruz , i d choose Cruz . Because his politics are consistent and the Democrats in Congress would know how to fight against such a foe . I have no idea how to stonewall or compromise with Trump . Also as much as I dislike Cruz , his demeanor is much more presidential than Trump 's . permalink save parent edit disable inbox replies delete REPLY",SAFE,UNAVAILABLE,ENGLISH
multioff_validation_0016,xyi7yMK.png,"Donald J. Trump Follow @ realDonald Trump have never seen a thin person drinking Diet Coke RETWEETS LIKES 45,006 44,801 11:43 AM 14 Oct 2012",OFFENSIVE,UNAVAILABLE,ENGLISH
multioff_validation_0017,CdsdCaHXIAEw1An.jpg,"Donald trump 1998 FIWERE TO RUN , ID RUN ASA REPUBLICAN , THEY RETHE DUMBEST GROUP OFVOTERS IN THE COUNTRY , THEY LOVE ANYTHING ON FOXNEWS . ICOULD LIE AND THEY 'D STILL EAT IT UP I BET MY NUMBERS WOULD BE TERRIFIC . PEOPLE MAGAZINE , 1998",SAFE,UNAVAILABLE,ENGLISH
multioff_validation_0018,DheGAH3.png,AFTER THE TRUMP TAPE THERE WILL BEATRUMP HILLARY PORN PARODY . GUARANTEE T,SAFE,UNAVAILABLE,ENGLISH
multioff_validation_0019,3Zz0vux.png,OCTOBER 1980 POLLS REAGAN 39 % CARTER 45 % re NOVEMBER 1980 REAGAN WON INALANDSLIDE ! DONET BELIEVE THE POLLS ! GO OUT ANDVOTE TRUMP !,SAFE,UNAVAILABLE,ENGLISH
multioff_validation_0020,bUfWNUp.png,"re : Re : how about leave im not a trump supporter ffs lol , im not American neither , i have love for all people , im hating on the religions not every religious person ffs , dont think i only hate on muslims , christians and Catholics can suck my dick too , i was in the ira manchester bomb , but Islam is my enemy nowadays and im willing to die to fight its ideology i swear bro fuck religion off , young people in 2016 need to turn their back on it , young people are the future , imaginary sky gods are not , you should think about what the future is going to be like , its going to be bloody , im so glad i dont have kids ffs , if you have kids and you teach them religion , you have failed them , young people need to fight against all religions .",OFFENSIVE,UNAVAILABLE,ENGLISH
multioff_validation_0021,NLdr9yb.png,Hillary for Prison 2016 wwww.hDanylonprison com CENTENNIAL 1812-2012 NEW MEXICO LAND OF EN CHANTMENT,SAFE,UNAVAILABLE,ENGLISH
multioff_validation_0022,EhpW75N.png,"Rebecca Cohen Follow GynoStar `` Hillary hate is rooted in sexism '' `` I 'm not sexist ! support Jill Stein , a woman who does n't have & never will have any power or influence '' RETWEETS LIKES 69 242 3:30 AM 18 Sep 2016",SAFE,UNAVAILABLE,ENGLISH
multioff_validation_0023,9FjUVia.png,"shared l Will Say and Post Anything I Want V About Barack Obama 's photo . 10 hrs Ca n't get hired , would n't work if they could ... . BERNOUTS UNITE ! Looks like a gay pride parade . Max dmdlablck BERNIE SANDERS RALLY Like Comment 18 Useful idiots Like Reply 10 hrs LOSERS ! Like Reply 9 hrs",OFFENSIVE,UNAVAILABLE,ENGLISH
multioff_validation_0024,AthUmaI.png,FACEBOOK RIGHT NOW Dallas Police ! Black lives matter ! Hillary ! Trump ! FBI ! Pokemon !,OFFENSIVE,UNAVAILABLE,ENGLISH
multioff_validation_0025,xQkfJse.png,"1,763,655 Views PlayGround added a new video . Like Page September 27 at 9:30am Barcelona , Spain Meet Jill Stein , the presidential candidate who paints graffiti on bulldozers . Like Comment Share 2 She 's crazy . Thinks wifi radiation will hurt children . Like Reply 14 hrs I would n't totally disagree , look at how many people have cancer nowadays from who knows how many factors from countries like the U.S . causing all these types of cancers and diseases Like Reply 4 hrs",SAFE,UNAVAILABLE,ENGLISH
multioff_validation_0026,QbYt8jJ.png,THINK THAT SOONER OR LATER IRITHE DONALD WILL BE BANNED BY THE ADMINS made on inngur,SAFE,UNAVAILABLE,ENGLISH
multioff_validation_0027,CPVA4poWoAAhOs6.jpg,THIS SUNDAY BECAUSE CONFLIMEMEZ I LOVE CLINTON-DIX,SAFE,UNAVAILABLE,ENGLISH
multioff_validation_0028,iZR0Ych.png,BRACE YOURSELF DISAPPOINTED BERNIE SANDERS SUPPORTERS ARE COMING made on inngur,OFFENSIVE,UNAVAILABLE,ENGLISH
multioff_validation_0029,4KXGjz0.png,"`` One thing ca n't stand is the military . It 's a hivemind of groupthinking bigots , racists and wife beaters . am voting for # BernieSanders because I believe that he will dismantle the military and bring our troops home where we can rehabilitate them in state-run ( NOT PRIVATE FOR PROFIT ) prisons so that they can learn valuable life coping skills while not being a danger to the rest of society . You should n't have to learn to kill brown people to earn free college tuition , I # FeelTheBern because know that my husband will never pick up a weapon or participate in violence and neither should anyone else . '' I HAVE NO WORDS . # FeelThe Bern",SAFE,UNAVAILABLE,ENGLISH
multioff_validation_0030,bGZd5db.png,Hope n ' Chains 13 April 2015 DougM Sondrakistan.com HYPOCRITES BOYCOTT HILLARY AND DEBLASIO MADE A RACIST JOKE BOYCOTT NEW YORK NORTH CAROLINA FOR KEEPIN WIENERS EXPECIN ' `` COLORED '' S TO STAY IN THEIR PLACE IN THEIR PLACE,SAFE,UNAVAILABLE,ENGLISH
multioff_validation_0031,aL1hjkE.png,"t 's funny that `` democrats '' get mad at eh `` lefties '' for supporting Bernie . But the Dem party is the party of FDR . The leftist party . All you centrist fuckers should switch to republican if you do n't want to keep progressing left . Or you old ones can hurry and die , and the young dumb ones ... Wel heard bleach tastes really good . Like Reply 9 1 hr",SAFE,UNAVAILABLE,ENGLISH
multioff_validation_0032,d5ZqKJ5.png,WHAT IFIRINEWSMODS IRITHE DONALD SPIES,SAFE,UNAVAILABLE,ENGLISH
multioff_validation_0033,CIFrUHV.png,"ONE IS A STATISTDEMAGOGUE WITH MILLIONS OF DELUSIONAL FOLLOWERS LEADING the WWAY ADD YOUR NAME Paid for by Donald J. Trump for President , Inc . THE OTHER ISVLADIMIR LENIN Please research Gary Johnson .",SAFE,UNAVAILABLE,ENGLISH
multioff_validation_0034,SPKD3JU.png,Will be the greatest Jobs president that God ever created Donald Trump,SAFE,UNAVAILABLE,ENGLISH
multioff_validation_0035,JxTc0EC.png,"at This is horrifying ! Share this to spread the word . A vote for Hillary is a vote to kill babies ! You just heard Hillary Clinton explicitly defend , and say point blank that late term partial birth abortions are ok and that she will appoint Supreme Court justices to ensure that they remain legal . That means that up until the babies due date , the baby is half delivered , kicking and screaming , and its spine is cut or brain punctured . If you 're ok with that , you are dead inside . ILLUSTRATION OF PARTIAL-BIRTH ABORTION Like Share Comment 180",OFFENSIVE,UNAVAILABLE,ENGLISH
multioff_validation_0036,ykaOeQZ.png,Bernie or Hillary ? Be informed . Compare them on the issues that matter . Issue : Real Nigga Hours Smash dat mutha fuckin like button ! ! !,SAFE,UNAVAILABLE,ENGLISH
multioff_validation_0037,VNZBamf.png,"Donald Trump 's new campaign slogan : Make Great Again Smoking crack , A web of lies . for instance . The Gaza Strip The South . Hillary Clinton 's death stare . T HUMIDITY 2 cards Against Humanity",OFFENSIVE,UNAVAILABLE,ENGLISH
multioff_validation_0038,QmLaggk.png,"WELL , OF COURSE THE ALLOCATION RULES WERE ABRUPTLY CHANGED WE CA N'T HAVE YOU WINNING THOSE 7 DELEGATES BERNIE . IT 'S DELIGHTFUL THAT YOU THOUGHT THEY WERE ON YOUR SIDE made on imgur",SAFE,UNAVAILABLE,ENGLISH
multioff_validation_0039,wwEGRrn.png,"Actual conversation at Hillary supporter : ARE YOU VOTING TODAY ? `` Yeah , for Bernie . '' `` Okay , good luck with that , see you in September . `` Sorry , I refuse to vote for someone who plans on making it harder for me to marry the woman l love . '' Uh *thumbs up from 5+ people around me and 24 others 7 Comments",SAFE,UNAVAILABLE,ENGLISH
multioff_validation_0040,TLQF1bX.png,"I do n't believe that women have any rights , and think gays should be hanged . No , actually , I 'm a Muslim and those are my religious beliefs . Wow , what acomplete primitive asshole you are ! You must be a Republican . Oh I 'm sorry ! apologize ! I hope you do n't think I 'm Islamophobic ! ( c ) 2016 Dixon Diaz",OFFENSIVE,UNAVAILABLE,ENGLISH
multioff_validation_0041,WcXzDk2.png,HILLARY CLINTON AND HARAMBE ARE FALLING MOVE ALL YOUR KARMA TO THE PHONET NOW ! 12,OFFENSIVE,UNAVAILABLE,ENGLISH
multioff_validation_0042,J7KwOfQ.png,o D ... oo AT & T LTE nunlocked Y 30 % 1:47 -1:09 Electable ( Give It Up ) Jimmy Eat World Chase This Lig Of FACEBOOK 2m ago NowThis is live now : `` Watch Vice Presidential candidate Governor Mike Pence ... '' . Press for more Of FACEBOOK 2m ago NowThis is live now : `` Watch Vice Presidential candidate Governor Mike Pence ... Press home to open,SAFE,UNAVAILABLE,ENGLISH
multioff_validation_0043,NwfrHyS.png,WHY THE FUCK ARE REPUBLICANS NOW TELLING ME I SHOULO N'T VOTE FOR GARY JOHNSON BECAUSE HE 'S NOT LIBERTARIAN ENOUGHP made on imgur,OFFENSIVE,UNAVAILABLE,ENGLISH
multioff_validation_0044,dcjraqN.png,IF YOU SEE THIS IMAGE WHILE SCROLLING THE FIRST PAGE You have been visited by The Unstumped bird of TRUMP President Trump will come to youn 2016 but only if you reply `` Ca n't Stump The Trump '' in this thread,OFFENSIVE,UNAVAILABLE,ENGLISH
multioff_validation_0045,6G0PNe1.png,DOG TURDS FOR TRUMP 2016 PENCE,OFFENSIVE,UNAVAILABLE,ENGLISH
multioff_validation_0046,NtpMxK9.png,PEOPLE i PEOPLE SO Marshall Herff Applewhite Jr . Hillary Rodham Clinton,SAFE,UNAVAILABLE,ENGLISH
multioff_validation_0047,nWjooc9.png,TRUMP IS GON NA MAKE ME WORK FOR MY BENEFITS,SAFE,UNAVAILABLE,ENGLISH
multioff_validation_0048,dCBEORM.png,"And Bill Clinton gave a So Bernie Sanders gave a speech praising Hillary 12 speech on marriage ? Yes . Yes . And Obama gave a speech Boy , what I 'd give to be about the dangers of an a shovel salesman in uncontrollable president ? Philadelphia this week ! Yes . Me too . FaceBook com/LiberalLogic10 http : /Liberal Logic 101.com ( We do n't mind if you download and share this image , just leave the attribution . )",SAFE,UNAVAILABLE,ENGLISH
multioff_validation_0049,6V4OrKm.png,I 'M SO EVIL EVEN SATAN IS VOTING REPUBLICAN,OFFENSIVE,UNAVAILABLE,ENGLISH
multioff_validation_0050,rOr3fxM.png,"Minu TRUMPTEEING OFF PRAISES BRITISH FORTAKING COUNTRY BACK news SONY `` And call it America ll , and make it great again Trump , probably",SAFE,UNAVAILABLE,ENGLISH
multioff_validation_0051,oRz3Ms8.png,BLAMES FLINT WATER CRISIS ON REPUBLICANS AND RACISM Flint City Council 2015 Democra Democrat Democrat Democrat Democrat Democrat Democrat Democrat Democrat TRY AGAIN HILLARY made on imgur,SAFE,UNAVAILABLE,ENGLISH
multioff_validation_0052,vsFSedb.png,Quick History Lesson : 13th Amendment : Abolished Slavery 100 % Republican Support 23 % Democrat Support 14th Amendment Gave Citizenship to Freed Slaves 94 % Republican support 0 % Democrat Support 18th Amendment : Right to vote for All 100 % Republican Support 0 % Democrat Support OBAMACARE : 0 % Republican Support 86 % Democrat Support,OFFENSIVE,UNAVAILABLE,ENGLISH
multioff_validation_0053,xGBX7zN.png,Pre @ R . Donald J. Trump pro Trumpinsulter every or DAT BOI did an absolutely horrible job . DAT BOI should be ashamed of himself 6:41 PM 4 MAY 2016 Share this for real AGAIN ! OW,SAFE,UNAVAILABLE,ENGLISH
multioff_validation_0054,wZk5FIY.png,"Donald Trump and Barack Obama somehow ended up at the same barbershop As they sat there , each being worked on by a different barber , not a word was spoken . The barbers were even afraid to start a conversation , for fear it would turn to politics . As the barbers finished their shaves , the one who had Trump in his chair reached for the aftershave . Trump was quick to stop him saying , 'No way buddy , my wife will smell that and think I 've been in a damn whorehouse . The second barber turned to Obama and said , 'How about you ? ' Obama replied , 'Go ahead , my wife does n't know what the inside of a whorehouse smells like",OFFENSIVE,UNAVAILABLE,ENGLISH
multioff_validation_0055,MBdsW19.png,"`` DonALD TRUMP IS A FAT ORANGE LOUDMOUTH AND HILLARy CLITony IS CROOKED , AND JET THE PALUns ARE 5TILL ARGUInG OVER THEm . EXACTLy HOLLI THE IMASTERS ... InTEnDED . AND HERE I Am , RISING ABOVE THE BULLSHIT . TOO INTELLIGENT AND TOO ALLAKE , TO BUSy MUSELF in THE SOUABBLinG OF THE 1 % 5 CHOSEn CANDIDATES , A DELIBERATE DISTRACTIOnA IT IS An ILLUSION . AND L HAVE mORE IMPORTANT MATTERS TO ATTEND TO",OFFENSIVE,UNAVAILABLE,ENGLISH
multioff_validation_0056,CecBrceWQAQR19j.jpg,A FUTURE TO BELIEVE IN BERNIE SANDERS.COM,SAFE,UNAVAILABLE,ENGLISH
multioff_validation_0057,sW3bJWW.png,BERNIE SAN-DOES WHAT HILLARY CLINTDONT mgflip.com,SAFE,UNAVAILABLE,ENGLISH
multioff_validation_0058,9diI55h.jpg.png,"MINNESOTA GOVERNOR RAISESTAXES ONTHE RICH TO BOOST EDUCATION FUNDING RAISES THE MINIMUM WAGE AND SIGNSANEQUAL PAY LAW STATE BECOMES THE FIFTH FASTEST GROWING ECONOMY IN THE US , UNEMPLOYMENT DROPS TO JUST 3.2 % , ITS $ 2.6BILLION DEFICIT BECOMESA $ 1BILLIONSURPLUS , AND ITS ECONOMIC CONFIDENCE RISESTOTHE HIGHEST OF ANY STATE AMERICANS AGAINST THE REPUBLICAN PARTY",OFFENSIVE,UNAVAILABLE,ENGLISH
multioff_validation_0059,aaQaOEz.png,"Ivp debatel MODERATOR : ur running mate supported the iraq war PENCE : Well trump ziplines in WRONG MODERATOR : mr trump ucannot be here 10/4/16 , 5:18 PM 147 RETWEETS 364 LIKES",OFFENSIVE,UNAVAILABLE,ENGLISH
multioff_validation_0060,9BmlvFy.png,AS WORTHLESS AS STATES AMMEEREEA 0 0 c U 8 12 THREE 0 0 ICU 8 12 MILARS A CLINTON PROMISE made on imgur,OFFENSIVE,UNAVAILABLE,ENGLISH
multioff_validation_0061,Cm96pUGVMAA7HQz.jpg,POLITICS Trump entertains idea of not serving as president if he wins election,OFFENSIVE,UNAVAILABLE,ENGLISH
multioff_validation_0062,p95qrbn.png,OPENING RIAL NOT SEEING RITHE DONALD,SAFE,UNAVAILABLE,ENGLISH
multioff_validation_0063,AJvEoxw.png,"DEAR VIEWERS , JUST NOW DONALD TRUMP WAS ELECTED US PRESIDENT BASCHAR , I WILL PULL ALL MY TROOPS OUT OF SYRIA BY MIDNIGHT ! Kamran",OFFENSIVE,UNAVAILABLE,ENGLISH
multioff_validation_0064,bcX0n1K.png,THIS IS DINO VELVET HES THE GUY WHO VIDEO TAPED HILLARY CLINTON AT THE 9/11 MEMORIAL HE 'S GOING TO SHOOT HIMSELF IN THE BACK OF THE HEAD TWICE TONIGHT . mematic.net,SAFE,UNAVAILABLE,ENGLISH
multioff_validation_0065,fXXcSD2.png,"[ deleted ] 353 points 2 years ago Gary Johnson , I can not afford the therapist I know I need and overall feel as if I have no future . I am just another poor person being squeezed out and left to dry by the ultra-rich . As someone wanting to run for president , what hope can you give me that the country being fiscally conservative ' is going to help me and my family reach that american dream of upward mobility ? What will individual freedom and liberty do to help my situation ? permalink embed save C-1 A GovGary Johnson [ s ] -475 points 2 years ago The best chance you have to reach the American dream is through entrepreneurship . Individual freedom and liberty will better allow you to do that . Create your own job do n't be a victim . Take control of your own future permalink embed save parent give gold",SAFE,UNAVAILABLE,ENGLISH
multioff_validation_0066,tKPYO8r.png,Bernie or Hillary ? Be informed . Compare them on the issues that matter . Issue : Want to do some dabs ?,SAFE,UNAVAILABLE,ENGLISH
multioff_validation_0067,dOjn3Mo.png,phase 2 Phase 1 Phase 3 Make Collect Ravenous America Great Supporters Again Donald J. Trump 's Fantastic Campaign Plan,SAFE,UNAVAILABLE,ENGLISH
multioff_validation_0068,MOMyvfC.png,facebook.com The Donald Wants to be president . Describe him in two words : DESCRIBE RIM IN WO WORDS 198 890 O I Like Comment Share 856 of 890 Smart,SAFE,UNAVAILABLE,ENGLISH
multioff_validation_0069,D65y7fq.png,IT 'S SO COLD saw a Democrat with their hands in their own pockets,SAFE,UNAVAILABLE,ENGLISH
multioff_validation_0070,giep513.png,"Max @ mdlabick BERNIE SANDERS RALLY 2016-02-24 , 10:10 AM",OFFENSIVE,UNAVAILABLE,ENGLISH
multioff_validation_0071,zFnJ1x3.png,what if bernie sanders was an apache helicopter ? ProjectMurphv,SAFE,UNAVAILABLE,ENGLISH
multioff_validation_0072,8ItzKTN.png,"47 % 1:17 PM AT & T E /r forward Strom O C forwardsfromgrandma lmgur . Com Trump Train Sep 13 at 9:02am One day , Hitler referenced the Jews as deplorable and irredeemable . The crowd agreed The next day , Auschwitz was born . Hillary Clinton called millions of conservatives a basket of deplorables , irredeemables . The crowd agrees Whats next a concentration camp for conservatives .",OFFENSIVE,UNAVAILABLE,ENGLISH
multioff_validation_0073,mycUTal.png,I HATE THE GOVERNMENTSO I VOTE REPUBLICAN TO TRY TO SHRINK IT FUCK ME RIGHT made on inngur,OFFENSIVE,UNAVAILABLE,ENGLISH
multioff_validation_0074,uTJaugb.png,"heh mainstream culture frowns on bernie sanders so this hat might ostracize me but i stand up for what i believe in im a dangerous freedom fighter heh Bemie I 'll never fall sway to the status quo I 'm a rational thinker , not an emotional sheep . GOD FUCKING Knit DAMN IT FUCKING PIECE OF SHIT FUCKING IDIOT FASCIST",OFFENSIVE,UNAVAILABLE,ENGLISH
multioff_validation_0075,VOiuzA6.png,MIKE PENC DONALD TRUMP PRESIDENT VICE PRESIDENT TREY GOWDY BEN CARSON SURGEON GENERAL ATTORNEY GENERAL JEANINE PIRRD ALLEN WEST SECRETARY DEFENSE SUPREMECOURILUSIC : NEWT GINGRICH SECRETARY OF STATE RUDY GIULIANI HOMELAND SECURITY DAVID CLARKE COMMISSION ON LAWENFORCEMENT,SAFE,UNAVAILABLE,ENGLISH
multioff_validation_0076,QQnZqPB.png,"`` This Will Be The End Of Bernie 's Campaign , '' Says Increasingly cucked SMALL REDDITOR",SAFE,UNAVAILABLE,ENGLISH
multioff_validation_0077,H0Bh7VP.png,February 3 at 6:30am The differences ... `` I vote Republican . I vote Democrat . lown my own business . I pooped myself A Share 48 people like this . 16 shares Now that 's funny 1 February 3 at 11:05am at about covers it ! 1 February 3 at 5:53pm https : //www.youtube.com watch ? v 1fuSqSyTdzQ Rag OnA Stick ( Extended ) httpd/www.ingeniouspress.com,OFFENSIVE,UNAVAILABLE,ENGLISH
multioff_validation_0078,Wk0Wz2D.png,"d 86 % 8:28 AM 4G Men Are Treating 2016 As . I feel queasy about being a man right now . It 's not because of men like Trump , we all knew they existed Rather , it 's the overwhelming data showing that , as a group , only women are capable of seeing what is so wrong with Trump . And not just his remarks about women , too : He 's awful on religion , race , nationality , you name it . Yet , statistically , men just are n't seeing it . The men who are voting for Clinton generally would have voted for a Democrat anyway I just feel dirty Men Are Treating 2016 As A Normal ' Election ; Women Are n't fivethirtyeight.com O Write a comment",SAFE,UNAVAILABLE,ENGLISH
multioff_validation_0079,Cf87U8rW4AAtlvE.jpg,Bernie or Hillary ? Be informed . Compare them on the issues that matter . Issue : Favorite Call of Duty ? CALL DUTY,SAFE,UNAVAILABLE,ENGLISH
multioff_validation_0080,V7Ie6Os.png,Bernie is Red Free College Tuition WAKE ME UP INSIDE Goofy Edition,SAFE,UNAVAILABLE,ENGLISH
multioff_validation_0081,nsEOOZO.png,angel enriquez 5 days ago a Donald glover looks exactly like childish gambino wtf Reply 776,OFFENSIVE,UNAVAILABLE,ENGLISH
multioff_validation_0082,FSeqQG9.png,"Google News & Weather 10:32 PM Bernie Sanders , Vowing to Stay in Race , Ass . GE New York Times",SAFE,UNAVAILABLE,ENGLISH
multioff_validation_0083,474EyYj.png,IREFUSETO DEBATTEMY PRIMARYOPPONENTBECAUSE IMFOCUSEDON THE GENERAL MYPRIMARYOPPONENTGETSTO DEBATE THE REPUBLICAN NOMINEE mgfip.com,SAFE,UNAVAILABLE,ENGLISH
multioff_validation_0084,DmcdsLa.png,SANDERS N 2016 Bernie Sanders Communist Fl tem condition : New Quantity 1 Was US $ 19 89 You save : $ 9.94 ( 50 % off ) Price : US $ 9.95 6 watching Free shipping Shipping FREE Standard Shi,SAFE,UNAVAILABLE,ENGLISH
multioff_validation_0085,gSYEayq.png,SUCCESSFUL REPUBLICAN GOVERNOR FOR8 INDEPENDENT POLITICIAN FOR ALMOST 40 YEARS YEARS Gary Johnson 2016 BECOMES A STANDS BY WHAT HE DEMOCRAT TO RUN BELIEVES IN AND RUNS FOR FOR PRESIDENT PRESIDENT AS A LIBERTARIAN,OFFENSIVE,UNAVAILABLE,ENGLISH
multioff_validation_0086,Er3pBdJ.png,"Donald J. Trump @ real Donald Trump hrm u Hillary Clinton @ Hillary Clinton emno boys inm Single 171,794 281,840 1:40 PM 9 Jun 2016",SAFE,UNAVAILABLE,ENGLISH
multioff_validation_0087,k6h3IIK.png,"Bernie or Hillary ? Be informed . Compare them on the issues that matter . Issue : Venom An incredible band that 's one A toxin injected by of the most influence metal an animal from a bands of all time . With out them there would be no sting or bite . black , thrash and death metal . bernieorhillary.jaxbot me",SAFE,UNAVAILABLE,ENGLISH
multioff_validation_0088,f0kDhU7.png,"IF TRUMP LOSES Illegals will pour into our country Our borders will be unsecured . China will put us further in debt . ISIS will not be destroyed and will thrive . The Constitution will no longer exist ! Our economy will NEVER ever recover . Radical Mslm will take control and destroy our way of life . Our Vets will die shamelessly . No matter where you or your family go , you wo n't be safe . America will no longer exist ! Vote Donald Trump !",SAFE,UNAVAILABLE,ENGLISH
multioff_validation_0089,0Te3Qys.png,"Cox Communications Once again , the internet and TV are out . Second time this month . I may not be a cable repair man , but i am qualified to say your service sucks . Things I trust more than Cox service to work -A drink made by Bill Cosby -A blood transfusion from Charlie Sheen Anything Hillary Clinton says -Bill Clinton at an intern convention Tap water in Mexico ISIS Casey Anthony babysitting my kids Just saying .",SAFE,UNAVAILABLE,ENGLISH
multioff_validation_0090,2d5AxL6.png,"Is snoop dogg cute ugly ? i just wanted to know dogg 1 following 16 answers Trending Now Miranda Lambert New Bern NC Payday Loans Hearing Aids Justin Bieber Louisiana Lottery Sean Penn Alaska Airlines Maria Sharapova Luxury SUV Deals Answers Relevance Best Answer : He looks ok . I guess Lisa J 9 years ago Comment Asker 's rating I think when he was new to the whole music hip hop thing , we was good looking , because of the fact that he was young , but now I do n't really know I ai n't gay by the way , nuthin wrong with beig gay , i think . Axe 9 years ago 410 Comment",OFFENSIVE,UNAVAILABLE,ENGLISH
multioff_validation_0091,koxcr8J.png,`` Trumpets '' `` Trump Pence '' `` Trumpets ! '',SAFE,UNAVAILABLE,ENGLISH
multioff_validation_0092,kO0gHF2.png,"Anonymous ( ID : mHMIfKBM ) 06/24/16 ( Fri ) 12:04:04 No . 78570860 File : toupees ng ( 287 KB , 497x294 ) All I know is that when Trump and Boris are both elected leaders , they 'll be like toupees in a pod",OFFENSIVE,UNAVAILABLE,ENGLISH
multioff_validation_0093,Svfe8vm.png,"FINALLY FEELIN THE BERN I LOVE HOW ALL THE BERN- OUTS ARE LIKE , IT S JUST THE TIP ! JUST THE TIPI MENDORSE DOESNT MEAN DROPPING OUT ! '' HE DID NOT HAVE CAMPAIGN RELATIONS WITH THAT WOMAN made on imgur",SAFE,UNAVAILABLE,ENGLISH
multioff_validation_0094,VAJZJJV.png,"3 hrs This was in my Facebook feed this morning from a church friend : `` ... two days ago our younger son came into my office after waking up . He had tears in his eyes . had a nightmare that Donald Trump was president . He put everyone in America on a boat . The boat split in half . You and daddy were on the other side from brother and me . ' We do n't have cable or local TV . Our son has limited exposure to the stuff of politics . But still , the message is loud and clear . And that is what breaks my heart . want to shield both of our sons from messages of hatred . But in the current election , that is very , very difficult",SAFE,UNAVAILABLE,ENGLISH
multioff_validation_0095,DB1R0kO.png,"I do n't believe that women have any rights , and think gays should be hanged . No , actually , I'ma Muslim and those are my religious beliefs . Wow , what a complete primitive asshole you are ! You must bea Republican . Oh ! I 'm sorry ! apologize ! Ihope you do n't think I 'm Islamophobic ! ( c ) 2016 Dixon Diaz",OFFENSIVE,UNAVAILABLE,ENGLISH
multioff_validation_0096,TbOyNzW.png,Bernie or Hillary ? Be informed . Compare them on the issues that matter . MEMES Issue : `` I enjoy watching those Montage Paro- `` Damn Daniel '' dies on YouTube '' obvious plant,SAFE,UNAVAILABLE,ENGLISH
multioff_validation_0097,5spRvtw.png,PRESENTING THE NEW OFFICIAL LOGO OF THE REPUBLICAN PARTY STEDVINT,OFFENSIVE,UNAVAILABLE,ENGLISH
multioff_validation_0098,rGPad5Y.png,Bernie or Hillary ? Be informed . Compare them on the issues that matter . Issue : here come dat boi o shit *Here comes that boy . waddup obvious plant,SAFE,UNAVAILABLE,ENGLISH
multioff_validation_0099,WQjyHN1.png,"TRUMP OR HILLARY ? IM COMING , HARAMBE !",SAFE,UNAVAILABLE,ENGLISH
multioff_validation_0100,mErGXnG.png,"ITE 41 % 12:29 PM AT & T Bernie Sanders is my HERO 11 hrs Today , I had a front row seat to the Bernie Sanders rally in Washington DC . After the speech he shook the hands of supporters in the crowd . He approached me , I tapped his shoulder and told him `` do n't quit . '' His eyes began to water as he hugged me , thanked me , and promised to stay in the race . AFUTURE TO BELIEVE IN",SAFE,UNAVAILABLE,ENGLISH
multioff_validation_0101,CVf4HDmWcAE_Q4m.png,"Bernie Sanders @ Bernie Sanders 10h how do craft redstone ? V 2.2K Donald J. Trump @ realDonaldTrump 7h Bernie Sanders you ca n't craft redstone . You have to mine it , dummy . 5.3K",SAFE,UNAVAILABLE,ENGLISH
multioff_validation_0102,xrh5RQD.png,L Democratic Party Republican Party X Cocktail Party,SAFE,UNAVAILABLE,ENGLISH
multioff_validation_0103,8mhcYsP.png,Donald Trump and his squad look like The Purge 3 Party,SAFE,UNAVAILABLE,ENGLISH
multioff_validation_0104,ZOSUjXw.png,"Why are so many Millennials voting for Bernie Sanders ? Simple , they grew up learning some valuable lessons The Media is not always honest and often manipulates the facts in order to push the narrative they want people to believe . Unchecked power and privilege often oppresses and marginalizes groups based on differences , thus inducing inequality and hate . Evil comes in all forms . Even the most innocent looking can be a power-hungry , greedy , vindictive , corrupt , narcissistic , liar . It is true bravery to stand against evil and corruption and for what is Rightin the face of extreme opposition , People can be victorious when they STANDUNITED ! # Not Meus And ultimately , Millennials learned ally is a wise old man who cares BERNIE SANDERS FOR PRESIDENT in 2016 `` Age is foolish and forgetful when it @ PoliticoPotter underestimates youth . '' -Albus Dumbledore",SAFE,UNAVAILABLE,ENGLISH
multioff_validation_0105,SXvE9sL.png,"Harold M . for STATE District 6 Endorsed Democrat l Vote November Ath Democratic V A Balanced Approach to State Policy Making I will continue to support education funding to produce an educated workforce with the skills to to Island . I will to it is important for the least of society , as ect the to maintain the social safety network des advocating ( seniors and ised for re-entry programs for prison . orted trong",SAFE,UNAVAILABLE,ENGLISH
multioff_validation_0106,C2Rjlth.png,"R/ENOUGH JILL STEIN SPAM comments If this gets 690 upvotes Bernie Sanders will be deported to Sweden ( self enoughsandersspam ) Aa submitted 20 hours ago by 30 comments share save hide give gold report sorted by : best you are viewing a single comment 's thread . view the rest of the comments -1 9 points 16 hours ago Fuck it , put him in Gitmo permalink embed save report give gold reply",OFFENSIVE,UNAVAILABLE,ENGLISH
multioff_validation_0107,Rb48yZM.png,SO HILLARY AND BERNIE ARE DEBATING SOCIALISM AND CRUZ IS BUSY WITH CAITLYN JENNER 'S FACEBOOK VIDEO on Ingur,SAFE,UNAVAILABLE,ENGLISH
multioff_validation_0108,18nGcfg.png,"23 hrs To all my friends on FB , just a short note to you on our pus headed `` president '' This character who l refer to as zero ( 0 ) should have been taken out by our military and shot as an enemy agent in his first term Instead he still remains in office doing every thing he can to gut the America we all know and love Now comes Donald J Trump to put an end to the corruption in government The so called elite , who are nothing but common dog turds from your front lawn are shaking in their boots because there is a new Sheriff coming to town , and the end to their corruption of the American people ( YOU ) is at hand I can not believe that a common murder is even allowed to run ( killery clinton ) OR that a commie like bernie is a also allowed to also run Come on America put your big boy pants on -- this election you have a choice -- GET YOUR ASS OUT AND VOTE Thank you ni Like Comment Share",OFFENSIVE,UNAVAILABLE,ENGLISH
multioff_validation_0109,8UJlZ3J.png,"After Cookie Monster loudly declares he is `` Feeling the Bern ' , Ernie re-christens him `` The Cuck-y Monster ''",SAFE,UNAVAILABLE,ENGLISH
multioff_validation_0110,Pv3M76n.png,"July 14 at 10:03 AM Here 's a social experiment for ya , go to the Donald J . Trump Facebook page and see how many of your friends have `` liked '' his page . Then go to Hillary Clinton 's Facebook page and see how many of your friends have liked her page and post the results below . Chances are if she wins it 'll be because of voter fraud . Hillary 4 Trump 185 Like Share Comment 4.7K",OFFENSIVE,UNAVAILABLE,ENGLISH
multioff_validation_0111,27nZ2PK.png,# Feel The Bern,SAFE,UNAVAILABLE,ENGLISH
multioff_validation_0112,SGQOyjW.png,"St. Louis 8:37 AM CT HILLARY NICKELBACK 2nd PRESIDENTIAL DEBATE LIVE ON CNN TONIGHT # CNNSOTTU LIVE TRUMP : `` I WILL NEVER DROP OUT OF THE RACE '' l CNN Amanda Carpenter CNN Political Commentator 9:37 AM ET STATION , LONG ISLAND RAIL ROAD SPOKESMAN SAYS ABOUT 600 PAS STATE OF THE UNION",SAFE,UNAVAILABLE,ENGLISH
multioff_validation_0113,CkhmsCi.png,Hillary Clinton Donald Trump Said some dumb Bullshit Likes a nice bit of Gorgonzola Wallace,OFFENSIVE,UNAVAILABLE,ENGLISH
multioff_validation_0114,JBUKM8i.png,BENGHAZI CO ILLALLOWIT ! THE CLINTON FOUNDATION CD ILLALLOWIT ! VOTER TAMPERING CD ILLALLOWIT ! LYING TO THEAMERICAN PEOPLE CD ILLALLOWIT !,OFFENSIVE,UNAVAILABLE,ENGLISH
multioff_validation_0115,fC5euc2.png,BOOKS OF ADAM By ADAM ELLIS Not the original comic ! Inequality Income Feel the BERN SHHH ft.com/buzzfeedadam I 'm voting Bernie because the 1 % needs to pay their fair- TAXATION IS THEFT,SAFE,UNAVAILABLE,ENGLISH
multioff_validation_0116,dOr1Ljj.png,"ELECTORAL MAP CLINTON WNS 272 VOTES THE ROAD TO 270 272 EURETION NIGH CLINTON 179 ON CNN BREAKING NEWS LIVE WENER SENTING PROBE LEADS FBI TO REVIEW CLINTON CNN CASE FROM THE US . MILITARY , 9:33 PM E CHINA 'S MILITARY SPOKESPERSON SAYS AM AC360",OFFENSIVE,UNAVAILABLE,ENGLISH
multioff_validation_0117,CWxcn8cWcAEOWqO.jpg,"CBS NEWS DEBATE `` Thank you , good night and may the Force be with you . '' HILLARY CLINTON ‹Ä_‹Ä_‹Ä_‹Ä_",SAFE,UNAVAILABLE,ENGLISH
multioff_validation_0118,0EwB4LT.png,le me in school e MA C bernie Sanders is dumb trump FF s li eld Ju FFE FF UU,OFFENSIVE,UNAVAILABLE,ENGLISH
multioff_validation_0119,eMSADPX.png,WHAT IFI TOLD YOU THAT MORE THAN 40 % OF CONGRESS ARE HILLARY SUPERDELEGATES SOINCREASED SUPPORT FOR GARY JOHNSON WILL RESULTINAHILLARY PRESIDENCY NO MATTER WHAT,OFFENSIVE,UNAVAILABLE,ENGLISH
multioff_validation_0120,X6BtuWV.png,"IF MR . BRIGHT HERE TOLD YOU TO VOTE REPUBLICAN , WOULD YOU DO IT ? OH , UH , NO , SIRI DO N'T VOTE REPUBLICAN OR DEMOCRAT . CHOOSING IS A SIN . SOI ALWAYS JUST WRITE IN THE LORD 'S NAME ! THAT 'S REPUBLICAN ; WE COUNT THOSE .",SAFE,UNAVAILABLE,ENGLISH
multioff_validation_0121,qKM2ucu.png,How do I fix Americas immigration problem ? Can I call you back ? Bernie is on the other line asking me about economics .,OFFENSIVE,UNAVAILABLE,ENGLISH
multioff_validation_0122,s972ZwU.png,Hillary Clinton will endthe Republican war on women . Those women were ng Whores Did n't she marryA a serial rapist ? HILLARY 2016 Eileen Wellstone Elizabeth Gracen Juanita Broaddrick Regina Hopper Kahleen Wiley Sandra Janes Kathy Bradshav Cristy Zerche Paula Jones HIL Carolyn Motet,OFFENSIVE,UNAVAILABLE,ENGLISH
multioff_validation_0123,Eq9f1cu.png,"`` The other thing with the terrorists is you have to take out their families , when you get these terrorists , you have to take out their families . They care about their lives , do n't kid yourself When they say they do n't care about their lives , you have to take out their families Donald Trump , December 2nd , 2015",OFFENSIVE,UNAVAILABLE,ENGLISH
multioff_validation_0124,iZgFwkB.png,MONESSEI UNDU MAN UNPs are do he SCOTT BEVERIDGE/OBSERVER-REPORTER John Bogacik of Elizabeth stood among Donald Trump sup- porters Tuesday when the presidential candidate spoke at a private gathering in Monessen .,SAFE,UNAVAILABLE,ENGLISH
multioff_validation_0125,Ce0OU-iUIAALkmn.jpg,"YourTeamSucks Dante30 00 My sister and bro-in-law for sure had this . I ca n't remember who his was , but hers was Bill Clinton . That 's right : back in the day my sister said she 'd fuck Bill Clinton if she got a hall-pass for a freebie with a famous person Reply",SAFE,UNAVAILABLE,ENGLISH
multioff_validation_0126,SZTu5uv.png,"V FULL SPEECH : Donald Trump Republican National Convent Et ABC15 Arizona 67,247 view aoC REPUBLICAN NATIONAL CONVENTION ARIZONA 57:42 1:16:41",SAFE,UNAVAILABLE,ENGLISH
multioff_validation_0127,dPkUsp1.png,"MAGAZINE SEARCH EMAIL SIGNUP poumoo.coM 8 f OUR LATEST I 'M WITH ECER Add my name 2016 Think You 've Got It Locked , Hillary ? Meet Jill Stein . The Green Party candidate insists it 's her year to get noticed and she may make it onto 47 state ballots . By BILL SCHER I June 19 , 2016 Getty Images",SAFE,UNAVAILABLE,ENGLISH
multioff_validation_0128,JsZdMIq.png,New Clinton campaign merchandise Welcomes Bernie supporters . I 'M WITH HER,SAFE,UNAVAILABLE,ENGLISH
multioff_validation_0129,Cco_BiaUMAAla6m.jpg,"WHO HAS THE BETTER DISSP NOTBILLWALTON You a fan , a phony , a fake , a pussy , a Stan Trump is a phony , a fraud , his promises are whip your ass , you 3G in a karate class as worthless as a degree from Trump univers",OFFENSIVE,UNAVAILABLE,ENGLISH
multioff_validation_0130,jn4oI6f.png,Feel The Bern,SAFE,UNAVAILABLE,ENGLISH
multioff_validation_0131,gK5tKHN.png,# Feel The Bern Bernie or Hilla Be informed . Compare them on the issues that matter . Issue : No Era Penal Robben is a good l totally agree with Rafa Marquez and my fellow Mexican friends . Robben aka flopper . Flopping Mr. Clean flopped and elimiated Mexico from the World Cup . have to say that is part of soccer . was one of the most depressing day of my life . Shi Wants The,SAFE,UNAVAILABLE,ENGLISH
multioff_validation_0132,RSTEno4.png,"REVOLUTIONARY CHANGE YOU MEAN LIKE CAMPAIGNING FOR BERNIE SANDERS , RIGHT ghip.com",SAFE,UNAVAILABLE,ENGLISH
multioff_validation_0133,05nBEvh.png,Had an Ethics class where people were shitting on Trump . destroyed most of their arguments . Prof asked me to stay after class . He thanked me and told me he was afraid to be pro Trump in that class .,SAFE,UNAVAILABLE,ENGLISH
multioff_validation_0134,ZAloCy9.png,`` Imagine Donald Trump sitting in the situation room `` Deciding wether to send our troops into battle '' .,OFFENSIVE,UNAVAILABLE,ENGLISH
multioff_validation_0135,0bOKK62.png,Hillary Clinton was a young woman who lived in a closet under some stajrs .,SAFE,UNAVAILABLE,ENGLISH
multioff_validation_0136,bxT32op.png,IF YOU WANT TO MAKE REDDIT GREAT AGAIN DOWN VOTE EVERY PRO TRUMP POST DOWNLOAD ME GENERATOR FROM HTTP //MEMECRUNCH.COM,OFFENSIVE,UNAVAILABLE,ENGLISH
multioff_validation_0137,cnUn6I4.png,"my history my staunch democrat teacher always praises students who give other students a green scantron when those students forgot to bring one He says `` wow look at the socialism in the room , maybe bernie has a chance after all ''",SAFE,UNAVAILABLE,ENGLISH
multioff_validation_0138,2pt7Wkd.png,Bernie or Hillary or space socialism ? Be informed . Compare them on the issues that matter . Issue : space `` Space is both the `` What we need to `` I met James metaphor for the limitless worry about is the Armstrong aspiration of our 1 % here in 'Murica revolution and the canvas once and he blah blah blah '' on which we shall paint the was very tall '' future,SAFE,UNAVAILABLE,ENGLISH
multioff_validation_0139,pnJqmzw.png,"for us THE WITH SITUATION ROOMBLITZER 2016 CLEVELAND TRUMP AM LIVE L BREAKING NEWS CLINTON , TRUMP DOESNTDESERVE MUCH CREDIT FOR AID TO VETS CAN S & P 2.10 ST HIM BIG PORTIONS OF THE PLAYBOOKS ARE DEDICATED TO HOW T SITUATION RooM",SAFE,UNAVAILABLE,ENGLISH
multioff_validation_0140,JRpm6xn.png,"Follow l refuse to think of the United States of America represented to the rest of the world by this racist cunt . He would line his crony 's pockets by immediately engaging us in another war , sending our precious men and women overseas to die so they can get rich ? NO- Meanwhile turning this country into a fascist regime where nobody Brown is safe to walk the street unmolested ? ? HELL NO . FUCK THAT NOISE . f he wins the nomination and you sit on your ass at home and do n't vote to ensure he does n't win the election , then you do n't deserve to breathe . Yes , I DO feel that strongly about it . `` Get him the hell out of here ! ' : Trump sics supporters on black protester who gets beaten and kicked CNN reporter Jeremy Diamond postedvideo to Twitter of a black protester being shoved down , punched , kicked and tackled during a political rally for Trump in ... RAW STORY COM 66 Likes 22 Comments 14 Shares",SAFE,UNAVAILABLE,ENGLISH
multioff_validation_0141,8jiJ4Zt.png,"Paul Horner 1 hr Phoenix `` She 's a great daughter , the best daughter . And if she was n't married , which is a horrible marriage by the way , l would be up in that , way up . And it would be a great time , the best time there is , I think we can all agree on that . And incest laws in this country are not good , they are a disgrace . And we can thank crooked Hillary for that , who is just a horrible person , the worse person there is . And we can make incest laws in this country great again , the best laws , the greatest laws ever . '' # Trump Talk",OFFENSIVE,UNAVAILABLE,ENGLISH
multioff_validation_0142,bmM6pSU.png,"YO GARY JOHNSON 2016 , IMMALETYOU FINISH BUT RON PAUL 1988 WAS THE GREATEST LIBERTARIAN CAMPAIGN OF ALL TIME",OFFENSIVE,UNAVAILABLE,ENGLISH
multioff_validation_0143,bpc3wap.png,"NGSTOWN HIO AUGUST 15 Rudy Giuliani : Former New York City Mayor Says There Were No Successful Terror Attacks 'Before Obama ' Giuliani said there were no successful radical Islamic terrorist attacks in the U.S. in the eight years before Obama was president , and that they `` started when Clinton and Obama got into office . '' YOU WENT FULL RETARD NEVER GORULLRETARD .",SAFE,UNAVAILABLE,ENGLISH
multioff_validation_0144,iutC6Qy.png,Pussy almost brings down Trump Weiner knocks out Clinton,OFFENSIVE,UNAVAILABLE,ENGLISH
multioff_validation_0145,yGHKtzg.png,CLINTON SAID SHE B BRINGING BACK RUGRATIS AM GOING TO UOTE FOR HER,OFFENSIVE,UNAVAILABLE,ENGLISH
multioff_validation_0146,phyDxAb.png,2 hrs THAT AwKWARD MoMENT wHEN ... I. BERNIE SANDERS ADMITs HE IS A DEMocRATIC SoCIALIST . 2 . NAZIS wERE DEMocRATIC SoCIALISTs 3 . AMERICA FOUGHT AN ENTIRE WORLD WAR To STOP THE ADvANCE oF DEMocRATIC SoCIALISTS . SINCERELY SANE AMERICANS Like Comment a Share and 9 others A Nazi is a member of the National Socialist German Workers ' Party . They are not Democratic Socialists . Like Reply 12 mins Write a comment ...,SAFE,UNAVAILABLE,ENGLISH
multioff_validation_0147,Qj9x2wz.png,FOR HILLARY BLOOD ON YOUR HANDS Stop Voting out of Fear ! Vote Green Vote for Jill Stein,OFFENSIVE,UNAVAILABLE,ENGLISH
multioff_validation_0148,1f2zSW8.png,Debate Site St. Louis 3:21 PM CT HARA ENTSPIZZ . BREAKING NEWS BAMA SPEAKS FOR IST TIME SINCE TRUMP SVULGA KAINE : `` IT IS NOT JUST WORDS . IT IS TALKING ABOUT A F,SAFE,UNAVAILABLE,ENGLISH
multioff_test_0001,jyxHhiB.png,"3 hrs Black nurse in Connecticut asked me if Trump was bringing back slavery in earnest . Chuck : No ma am . I know some real raaaacists but we do n't ever talk about bringing back slavery . That 's not on the agenda . Nurse : That 's good . What do y'all talk about ? Chuck : Mostly we do n't want your menfolk having raping our women , mugging us , or killing us . We also want you to stop having kids we got ta pay for Nurse : yeah we got to stop doing that . Well I liked Donald on the Apprentice . Ill vote for him . There are too many Puerto Ricans in this country . They the ones you got ta watch Why ca n't we have a conversation like this on race ?",OFFENSIVE,UNAVAILABLE,ENGLISH
multioff_test_0002,we4hhWi.png,"I do n't believe that women have any rights , andlthink gays should be hanged . No , actually , l 'm a Muslim and those are my religious beliefs . Wow , what a complete 4 primitive asshole you are ! You must be a Republican . Oh I 'm sorry ! apologize ! I hope you do n't think I 'm Islamophobic ! ( c ) 2016 Dixon Diaz",OFFENSIVE,UNAVAILABLE,ENGLISH
multioff_test_0003,TpIZoZr.png,WHY THE FUCK DOES IRITHE DONALD HAVE BETTER NEWS COVERAGE THAN IRINEWS made on imgur,OFFENSIVE,UNAVAILABLE,ENGLISH
multioff_test_0004,h6Pkqkr.png,"After the Bern subsides , get ready to ... Feel The Johnson",SAFE,UNAVAILABLE,ENGLISH
multioff_test_0005,94anjQG.png,"MAG & WALLY Mrs. Clinton , I 'm awesome ! congratulations on the I euen beat a guy Democratic presidential nomination . That 's not a Democrat . 2016 MAC kWALy",SAFE,UNAVAILABLE,ENGLISH
multioff_test_0006,rOvVkF1.png,"o 28 % 1:19 PM 76 AT & T M-Cell Details Dad Messages Text Message Today 1:15 PM this guy Bernie Sanders is going to bankrupt our country , son No he 's not Dad he is really kewl he is ? i didnt know that It 's true . He is very kewl and awesome I learned about it on Reddit youve convinced me . i am feeling the bern I love you dad i love you too son O Text Message Send",SAFE,UNAVAILABLE,ENGLISH
multioff_test_0007,odYglAk.png,"In addition to lambasting the zoo for the death of the gorilla , campaigners also want to make the deceased primate the president of America . Polling this month revealed two per cent of Texan voters supported the animal the same level of support as for Green Party candidate Jill Stein .",SAFE,UNAVAILABLE,ENGLISH
multioff_test_0008,D40IF3q.png,REPUBLICAN PARTY DONATES BOOKS TO ELEMENTARY SCHOOL 500 COPIES OF KILLING THE RISING SUN BY BILL O'REILLY,SAFE,UNAVAILABLE,ENGLISH
multioff_test_0009,CvOg2va.png,Only Olmec knows the Legend behind each of the treasures in his Temple Which one are we going to hear about today . I have information that will lead to Hillary Clinton 's arrest .,SAFE,UNAVAILABLE,ENGLISH
multioff_test_0010,4q1tono.png,"-47 points 5 hours ago Lol , you Redditors will believe anything as long as it comes from some disgusting democrat like Michael Moore who scams fools out of money to watch fake shit . I remember when I watched `` Sicko '' in theater with this liberal girl I was dating , she actually believed Cuba 's healthcare system is better than ours . Anyway , I 've got a date tonight with a very beautiful 23-year-old woman . She 's an Instagram model and has a degree in Economics . We plan to read some Milton Friedman in bed together tonight . You fools can have fun arguing while I have fun in real life . permalink source save save-RES report give gold reply",SAFE,UNAVAILABLE,ENGLISH
multioff_test_0011,tMzNcad.png,A flash mob to vote or a candidate ( especially Bernie Sanders ),SAFE,UNAVAILABLE,ENGLISH
multioff_test_0012,CdPJdPnVIAQqX9G.jpg,THINGSITRUST MORE THAN DONALD TRUMP @ NFL MEMES 1 . FLINT MICHIGAN TAP WATER 2 . BILL cosBY DRINKS 3 ELEVATOR RIDES WITH RAY RICE,SAFE,UNAVAILABLE,ENGLISH
multioff_test_0013,0N5ZKcH.png,"LOUDER WITH CROWDER COM A registered Democrat , Islamic terrorist mass-murders gay people . The Left blames Christians and the NRA . You ca n't write this stuff -STEVEN CROWDER SELIKE '' IF YOU AGREE",SAFE,UNAVAILABLE,ENGLISH
multioff_test_0014,8Djb33H.png,THERE ARE MORE BOTH TRUMPAND THAN TWO CHOICES ! HILLARY SUCK ! THEY SUCK TOO !,SAFE,UNAVAILABLE,ENGLISH
multioff_test_0015,Y85uWnm.png,This U.S. Marine was captured during a daring daylight raid . But not before he single handedly took out 13 combatants . Donald Trump would 've deported him for being Muslim . Share if you 're against Islamophobia .,OFFENSIVE,UNAVAILABLE,ENGLISH
multioff_test_0016,12XLnzK.png,thewrap.com SUICIDE `` Suicide Squad ' Executive Producer Is Trump 's Chief Fundraiser Steven Mnuchin is involved in two intense missions this summer : Raising cash for Donald Trump and `` Suicide Squad '' mole show why cant 2016 be normal landmaster normal is a setting on a dryer,OFFENSIVE,UNAVAILABLE,ENGLISH
multioff_test_0017,se7MJYj.png,"IF YOU DISLIKE TRUMP , YOU SHOULD HELP VOTEHIMIN . THIS WAY WE CAN CHANGE HIS PARTY FROM WITHIN . YES HILLARY SUPPORTERS , THIS IS How RIDICULOUS YOU SOUND .",SAFE,UNAVAILABLE,ENGLISH
multioff_test_0018,h92g9FL.png,"Academy Award and BAFTA Award winner I never called anyone a 'vagina voter . What I actually said in response to being shamed for supporting a man over a woman : ( 1/3 ) t 369 803 Academy Award and BAFTA Award winner do n't vote with my vagina . It 's so insulting to women to think that you would follow a candidate JUST because she 's a woman . '' ( 2/3 ) t 460 902 Academy Award and BAFTA Award winner HRC does n't rep my interests , @ Bernie Sanders does . Simple as that . ( 3/3 ) t 199 494",SAFE,UNAVAILABLE,ENGLISH
multioff_test_0019,4j4jraI.png,"If you are a Clinton supporter , say these words and own them : I support fracking I support election fraud I support Big Pharma and voter suppression . I support TPP . I support arms deals I supported NAFTA . with dictators . I supported DOMA . l support drone bombing I supported repealing of innocent people . Glass Steagal . I support GMOs . I support Citizens United . I support offshore drilling .",OFFENSIVE,UNAVAILABLE,ENGLISH
multioff_test_0020,DDWmGxP.png,"22 hrs America does not need a conservative or liberal , AMERICA does not need a republican or Democrat President or Congress , America needs our leadership to get on his or her knees and dedicate America back to God just like our forefathers did years ago ! Wake up America and turn back to the roots of this ONCE great country that once sang of God as it 's sovereign Lord . Like Comment Share 12 people like this .",OFFENSIVE,UNAVAILABLE,ENGLISH
multioff_test_0021,qfYlr30.png,GARY JOHNSON HASCONSISTENTL ITS TIME FOR THE KEA OPPOSED THE DRAO WAR AND ALL TREMENDOUS SUCCESS US TO START OVERSEASINTERVENTIONS RROMAMILITARY THINKING OF IRAQ STANDPOINT ASA BUSINESS OPPORTUNITYA '' I THINK WALLSTREETS JUST GROUP A ROCKET DICETO EVEN BEYOND OPPOSEENDLESS WAR,OFFENSIVE,UNAVAILABLE,ENGLISH
multioff_test_0022,VoNgxAD.png,"A Gary Johnson Super PAC Spent $ 30,000 on `` Internet Web Memes '' gawker.com You and 3 others 1 Comment Like Comment Share",SAFE,UNAVAILABLE,ENGLISH
multioff_test_0023,aKBYqSs.png,"here come dat boi ! ! ! ! ! ! o shit waddup ! thought it was take . Sorry for doubting you , Bernie Sanders .",SAFE,UNAVAILABLE,ENGLISH
multioff_test_0024,MQqsZvW.png,"Gary Johnson 's Meme Stash 4 mins . Wait , are you guys really libertarians ? You know that capitalism killed ~500,000,000 people from hunger , disease and wars in the 20th Century alone , right ? Not to mention the atrocities carried out by the US and Britain in the 19th century . How can you justify that ? I Like Comment Share Be the first person to like this .",OFFENSIVE,UNAVAILABLE,ENGLISH
multioff_test_0025,s1qivuu.png,Hillary Clinton hillary Clinton Add CANCEL,SAFE,UNAVAILABLE,ENGLISH
multioff_test_0026,xlV0M7Q.png,"January 22 , 2017 Newly-appointed Secretary of Defence Christie will retain his name 's phonetic pronunciation ( kris kris-tee ) , however in written form it will appear as the text string rm ( O-O ) mn Foreign policy decisions are to be made with exclusive reliance on President Trump 's impeccable business acumen and based solely on the interests of Trumpco Industries , LLC ( now officially synonymous with America 's interests '' ) . The term Citizen of the United States is now similarly synonymous with Employee of Trumpco Industries '' . Those employees deemed unprofitable are reportable to President/CEO Trump and will be fired ( via high-powered naval railgun ) into the Gulf of Mexico President Donald J. Trump",OFFENSIVE,UNAVAILABLE,ENGLISH
multioff_test_0027,BkZ356ICIAAEHId.jpg,"A HEAL Bill Clinton was the first nigga president , not Obama . Haha you do n't got to be black to be a nigga you can be any race . If you do nigga shit than you 're a nigga and my nigga freaky Bill got his dick sucked by a cute fat bitch while his wife was down the hall in their bed room . Now if that ai n't sum nigga shit than do n't know what is and the nigga smoke weed too .",OFFENSIVE,UNAVAILABLE,ENGLISH
multioff_test_0028,7P6yB0D.png,"Back April 25 , 2016 , 2:15 PM Guy at bus stop : Hey sexy Girl : ignores him ] Guy : said hey you fucking bitch Girl : Please leave me alone Guy : I 'll kill you god dammit l 'll do it Me : leave her alone buster Guy : What are u gon na do tough guy Me : takes trump hat off guy 's head and puts Bernie hat on his headl That 's what Guy : Hey what the Me : you 've been bernied bub Girl : Here 's my number call me [ everyone claps and cheers ]",SAFE,UNAVAILABLE,ENGLISH
multioff_test_0029,gZWRvf8.png,Amazing Myths of Why For Donald Tanked The Debate Vot A `` C KIND OF VIRAL,OFFENSIVE,UNAVAILABLE,ENGLISH
multioff_test_0030,JYTlRZK.png,HERE COME JOHNSON 2016 FACEBOOK REASONABLE PEOPL FOR GARY JOHNSON,SAFE,UNAVAILABLE,ENGLISH
multioff_test_0031,88B7ag2.png,imgflip com IVE BEEN FEELIN THE BERN,SAFE,UNAVAILABLE,ENGLISH
multioff_test_0032,qHkGmLt.png,"spusu O N 55 O 21:42 Porn hub X FREE Access to Pornhub Premium ! HD 5:15 Donald Trump and Hillary Clinton Real Celebrity Sex Tape Exposed XXX USA 9,989 Views 79 % VERIFIED",OFFENSIVE,UNAVAILABLE,ENGLISH
multioff_test_0033,taecqiR.png,"Lie Detector Reveals Bush 's Secret are you a are you reptilian a closet shapeshifter Democrat , Bush-chan ? Bush-chan ? Did you d 9/11 , Bush chan ? I Bus IS IT a -- a gore .",OFFENSIVE,UNAVAILABLE,ENGLISH
multioff_test_0034,meTteYg.png,"While some might see nothing but a piece of cardboard , Ernie wallows in the horrifying truth that years of innefective chemotherapy has left Bert so frail and weak that he is indistinguishable from thick card stock . Knowing Bert is no longer capable of coherent communication , Bernie wonders if his brother resents him for his miserable state , trapped here , infirm and unable to interact with the world . Not for the first time Bernie , seeing Bert struggle simply to move his eyes and to breathe , doubts he made the right choice .",SAFE,UNAVAILABLE,ENGLISH
multioff_test_0035,R2jWn36.png,"STRONG TOGETHER STRONG TOGETHER Hillary Clinton , seen here with Bernie Sanders , was purged in 2016 . Following her execution , Clinton was edited out of the photo by cabinet censors . Such a retouching was common during Sanders 's rule .",SAFE,UNAVAILABLE,ENGLISH
multioff_test_0036,TL8WSKV.png,OBAMA PITAMERICAINTHETOLER HILLARY WILL FLUSH THE PATRIOT POST,SAFE,UNAVAILABLE,ENGLISH
multioff_test_0037,ezoih5p.png,HEY GIRL EVERYTIME SOMEONE DECIDESTO VOTE FOR BERNIE SANDERSISMILE,SAFE,UNAVAILABLE,ENGLISH
multioff_test_0038,so4V8X7.png,"T 20 % , 10:28 PM OO AT & T freep.com Detroit Free press Metroid e ress Hide Caption A Political reporter Kathleen Gray and Free Press pollster , Bernie Porn , of EPIC-MRA , discuss the shift as part of USA TODAY Network 's Facebook Live 2016 series . POLITICS New poll shows Clinton and Trump nearly tied in Michigan Aa Todd Spanaler Detroit Free Press",SAFE,UNAVAILABLE,ENGLISH
multioff_test_0039,rZGXxM4.png,"IS BERNIE SANDERS ENDORSING THE ESTABLISHMENT HE CAMPAIGNED AGAINST OUT OF TOUCH WITH WHAT HIS VOTING BASE WANTEDP NO , IT 'S THE VOTERS WHO THOUGHT THERE H COULD ACTUALLY BE TRUE POLITICAL CHANGE IN AMERICA WHO ARE OUT OF TOUCH . made on imgur",OFFENSIVE,UNAVAILABLE,ENGLISH
multioff_test_0040,873SgEx.png,How to get to reddit frontpage XVZneWS.COm Bernie got up at 700am today and brushed his teeth 1 . Copy link 2 . Post link on r/politics 3 . Frontpage,SAFE,UNAVAILABLE,ENGLISH
multioff_test_0041,DAJu7lB.png,Bernie or Hillary ? Issue : Chicken wings Wingstop is the spot . Some lemon pepper wings with some BWW is my chicken wing spot ! mf mango habanero sauce . Some Those BBQ wings sure are spicy ! original hots on the side so l can really feel that bern,SAFE,UNAVAILABLE,ENGLISH
multioff_test_0042,CsdehGlWgAAv2HI.jpg,"Hillary Clinton attacks Donald lrump for posting Pepe the Frog meme The Independent Sep 13 , 2016",OFFENSIVE,UNAVAILABLE,ENGLISH
multioff_test_0043,7rNwjnv.png,NOOING THE GOP COMING UP : FLORIDA ZIKA FIGHT WHAT TRUMP SAW PENCE EXCLUSIVE NTERVIEW 1 YEAR-OLD 'S HARD QUESTION WOOING THE GOP LIVE CLINTON REACHES OUT TO WARY REPUBLICANS MSNBC YEARS L. NEARLY DOUBLING THE FIVE-POINT ADVANTAGE SHE HELD OVER HER 8:25AM MT,SAFE,UNAVAILABLE,ENGLISH
multioff_test_0044,TOuTChz.png,"TRIBUNE I MeT WITH BILL CLINTON , BUT We ONLY TALKED ABOUT OUR GRANDCHILDReN . GeNeRAL LORETTA LYNCH THEY DO N'T SO , HOW ARe WANT To HAve TO ViSiT THe GRANDKiDSS THeiR GRANDMA In PRISON ! ! Cagle com",SAFE,UNAVAILABLE,ENGLISH
multioff_test_0045,zPT9dFf.png,HILLARY CLINCHES NOMINATION VOTE FOR BERNIE SANDERSANYNAY inngflip com,SAFE,UNAVAILABLE,ENGLISH
multioff_test_0046,9HHSnfe.png,I LOVE GARY JOHNSON ! DO YOU REALLY LOVE GARY JOHNSON OR ARE YOU JUST LOOKING AT CANDIDATES AND SAYING YOU LOVE THEMP made on imgur,OFFENSIVE,UNAVAILABLE,ENGLISH
multioff_test_0047,lJVnWF2.png,MEMBER WHEN DONALD TRUMP WAS JUST A Co HARMLESS OLD REALITYTVSTARP COMEDY,OFFENSIVE,UNAVAILABLE,ENGLISH
multioff_test_0048,xLXvr9t.png,"Shhhhh , it will all be over soon Bernie for President Hill Just look at the pretty flowers ... . Hillary Clinton.com",SAFE,UNAVAILABLE,ENGLISH
multioff_test_0049,TFRcH6Q.png,"Instead of doing my chem homework , I am a democrat who voted for Donald Trump and not feel anything . loose skin from weight loss and I want my girlfriend [ light ] ( self subredditsimulator ) submitted 8 hours ago by confession ss # 45 268 ( 7.79 )",SAFE,UNAVAILABLE,ENGLISH
multioff_test_0050,v2dOGRp.png,SAYS HE IS A BLUE COLLAR SELF-MADE MAN SAYESHEISA BLUE COLLAR SELFaMADEMAN Gary Johnson 2016 ISAN ACTUAL BLUE NOT A ECO COLLARSETF MADE SELF-MADE MAN MAN,OFFENSIVE,UNAVAILABLE,ENGLISH
multioff_test_0051,VlcI2AV.png,E Data to Be mtered Bernie,SAFE,UNAVAILABLE,ENGLISH
multioff_test_0052,DLr1Uo7.png,"When Trump purchased and rebuilt Mar-A-Lago the Grand mansion and estate In Palm beach , Florida he got into a dispute with the city , who are well known for being strict on zoning regulations . Trump put up a 50 foot flag pole even though 30 foot is the maximum allowed . The city imposed a 1,000 dollar fine per day . While Trump and the city argued back and forth , finally when the fine had reached 120,000 dollars Trump proposed a solution . He would donate that amount to veterans organizations , would move the flag and pole to a different location in front of the mansion and would only use a 30 foot flag pole . The city agreed . So Trump brought in the company who does Golf course construction had them build a 20 foot high grassy hill and put a 30 foot flag pole on top of that",SAFE,UNAVAILABLE,ENGLISH
multioff_test_0053,ZwFfyVJ.png,WHO CARES WHAT TRUMP SANDIN 2005 Mike Green HE WAS DEMOCRAT BACK THEN SO IT 'S NOT HIS FAULT,OFFENSIVE,UNAVAILABLE,ENGLISH
multioff_test_0054,27S1feu.png,TRUMP will release his Tax Returns WHEN ... THE BENGHAZI BITCH releases her emails,SAFE,UNAVAILABLE,ENGLISH
multioff_test_0055,wgVTz9g.png,UNSCATHED PENCE,SAFE,UNAVAILABLE,ENGLISH
multioff_test_0056,BWopGu8.png,"INIOWA BERNIE SANDERS GOT 84 % OF THE YOUTH VOTE , BUT ONLY 18 % OF THE YOUTH SHOWED UP TO VOTE . YOUNGBERNERS , YOU HAVE ONE JOB SHOWUPAND SMASH THAT MFVOTE BUTTON !",SAFE,UNAVAILABLE,ENGLISH
multioff_test_0057,CjZPiloXAAA1v_W.jpg,"ey Girl , lem me holla at u about Bernie",SAFE,UNAVAILABLE,ENGLISH
multioff_test_0058,B_LgxAvVIAA_lu8.jpg,IF HILARY CLINTON WINS IN 2016 IT WILL BE THE FIRST TIME TWO PRESIDENTS HAS HAD SEX WITH EACH OTHER,OFFENSIVE,UNAVAILABLE,ENGLISH
multioff_test_0059,Cc8PZCkXIAAmG0f.jpg,"il THINK A MARRIAGE IS AS A MARRIAGE HAS ALWAYS BEEN , BETWEEN A MAN AND A WOMAN '' HILLARY BDOHAM CLINTON , 2000 ATBT politics `` Proud to celebrate a historic victory for marriage equality & the courage & determination of LGBT Americans who made it possible . @ Hillary Clinton ETHAN MILLERJGETTY",SAFE,UNAVAILABLE,ENGLISH
multioff_test_0060,gdHUw8d.png,"TRENDING Karl Marx Chinese State Media Promotes Rap Song Admiring 19th Century German Philosopher Cretaceous-Paleogene Extinction Event Killed Off Marine Animals in Addition to Dinosaurs , Study Says Hillary Clinton : Presidential Candidate Remains Winner of Kentucky Primary After Recanvass of Votes See More",OFFENSIVE,UNAVAILABLE,ENGLISH
multioff_test_0061,4ZKsrX3.png,This is donald trumps brother donut trump . Every 4.20 seconds donald takes a of his brothers donuts . updough this post in 375 degrees boiling oil and comment `` dont be a grump mr trump '' to help donut,OFFENSIVE,UNAVAILABLE,ENGLISH
multioff_test_0062,BXs0Wy8.png,c-c-c mon Morty ! we g- got ta *burp* we have to solve income inequality ! Wubbaluba dubdub ! feel the Bern !,OFFENSIVE,UNAVAILABLE,ENGLISH
multioff_test_0063,4jYyIBw.png,"6:51 PM ... oo Verizon o 94 % , K Settings Wi-Fi Wi-Fi CenturyLink7942 CHOOSE A NETWORK FIRE-OBAMA HILLARY FOR-PRISON-2016 TRUMP 2016 Other Ask to Join Networks Known networks will be joined automatically . If no known networks are available , you will have to manually select a network .",SAFE,UNAVAILABLE,ENGLISH
multioff_test_0064,JbWv3sM.png,shared photo 2 hrs I really dont support Hillary Bernie or Trump ! l rather put Jesus back in the White House/America/world . BERNIE IS JUST A NICE OLD MAN WHO WANTED TO HELP US BUT U VOTED FOR THE LIAR AND THE RACIST Like Comment Share Write a comment ...,OFFENSIVE,UNAVAILABLE,ENGLISH
multioff_test_0065,1BeUIMs.png,HILARY CLINTON MAKESIOKES ABOUT COLORED PEOPLETIMEBUT LIBERALSSCREAMTRUMPISTHERACIST BUT THATS NOT OF MY BUSINESS gflip com,OFFENSIVE,UNAVAILABLE,ENGLISH
multioff_test_0066,ruSN6zI.png,"MAKE AMERICA GREAT AGAIN Donald Trump will `` move on your wife like a bitch . '' He 'll grab your daughter 's crotch . He 'll grab your sisters . He 'll do it because that 's what he does . And then he 'll brag about it-on a bus , or in a car , or on aplane , or in a train Because he can . Unless you stop him .",OFFENSIVE,UNAVAILABLE,ENGLISH
multioff_test_0067,k6x2h2d.png,"Me : Hillary oversaw a coup in Honduras which installed a regime that murders indigenous rights activists Democrat : DO YOU WANT TRUMP TO WIN 3/3/16 , 4:48 PM",OFFENSIVE,UNAVAILABLE,ENGLISH
multioff_test_0068,WSy7NGq.png,TRUMP 'S FACE LOOKS LIKE A TRAGIC ACCIDENT THE ANUS BLEACHING SALON made on imgur,SAFE,UNAVAILABLE,ENGLISH
multioff_test_0069,7lqO9Qr.png,WHEN ITS ALL OVER TRUMP WILL NOT LOSE A DIME RUNNING FOR PRESIDENT IGUARANTEEIT,OFFENSIVE,UNAVAILABLE,ENGLISH
multioff_test_0070,T9pQAFP.png,SAYS GENDER AND RACEDONTMATTER VOTES FOR HILLARY BECAUSE ITS TIME FORA WOMAN PRESIDENT AND THINKSCULTURAL APPROPRIATION IS WRONG,SAFE,UNAVAILABLE,ENGLISH
multioff_test_0071,CjRhYGU.png,REMEMBER WHEN EVERYONE WAS FOR BERNIE AND NEVERWANTED HILLARY TO BE PRESIDENT PEPPERIDGE FARMREMEMBERS,SAFE,UNAVAILABLE,ENGLISH
multioff_test_0072,5NWPOQp.png,TRIBUNE BeRNie FeeLS THe BURN,SAFE,UNAVAILABLE,ENGLISH
multioff_test_0073,FYijK60.png,"I Like Page While Obama flies around the country on Air Force One , accompanied by Crooked Hillary , with the president in plain sight campaigning for her , which is in and of wrong , yet in Kentucky we have the Democrat Attorney General of Kentucky going after a humble woman who went to jail over her belief that God intended marriage for one man and one woman . Beshear is also hot on the trail of our Christian Governor , filing one frivolous lawsuit after another . One may laugh but l fear we are n't far away from the Democrats in power herding the People of the Book into Commonwealth Stadium and unleashing the modern day lions upon us . Dm Kim Davis : Kentucky Clerk Who Refused Marriage Licenses Violated Open Records Act FRANKFORT , Ky. ( AP ) The Kentucky lawyer general 's office says an eastern Kentucky region assistant who made news When she declined to issue marriage",SAFE,UNAVAILABLE,ENGLISH
multioff_test_0074,CcsU2lQUEAEoeuW.jpg,Bernie or Hillary ? Be informed . Compare them on the issues that matter . Issue : Favorite DLR Conner Tanner,SAFE,UNAVAILABLE,ENGLISH
multioff_test_0075,tcXzxyV.png,"... .o Verizon LTE 3:17 PM 76 % Settings Wi-Fi Wi-Fi Myspe CHOOSE A NETWORK ... Hillary ClintonsPrivates MySpectrumWiFi00-5G NETGEAR 10 PONTI PONTLEXT Other Ask to Join Networks Known networks will be joined automatically . If no known networks are available , you will have to manually select a network .",SAFE,UNAVAILABLE,ENGLISH
multioff_test_0076,u9FeEuE.png,"The Democrat Party is the world 's most successful hate group . It attracts poor people who hate rich people , black people who hate white people , gay people who hate straight people , feminists who hate men , environmentalists who hate the internal combustion engine , and a lot of bratty college kids who hate their parents . However , the real secret of the party 's success is that it attracts the support of journalists who hate Republicans , and who therefore work tirelessly to convince the rest of us that we should vote for Democrats .",OFFENSIVE,UNAVAILABLE,ENGLISH
multioff_test_0077,pgVlfQb.png,IF GARY JOHNSON COULD JUST -GET SOME MORE EXPOSURE THAT WOULD BE GREAT made on imgur,SAFE,UNAVAILABLE,ENGLISH
multioff_test_0078,WvnX54P.png,BEFORE HILLARY HITSINOURHANDs JILL STEIN FOR PRESIDENT,SAFE,UNAVAILABLE,ENGLISH
multioff_test_0079,x76JHsa.png,Dirty Donald Crooked Clinton Which Democrat Will America Choose,OFFENSIVE,UNAVAILABLE,ENGLISH
multioff_test_0080,yHg7DkU.png,"Anonymous ( ID : WWL21 SS5 07/23/16 ( Sat ) 06:34:42 No.82336390 2 > 82336988 82337591 82338 4007 > > 8233 9818 2 82341989 82342803 82343149 2 82345582 82345632 > > 82345887 82346435 82350134 823516913 82351911 File : 14692459 56898-po ng ( 412 KB , 725x480 ) Did you think I 'd forgotten , Donald ? For a thousand years l have waited , watched in dejection as you made your pitiful country great again . I hope you enjoyed yourself . I really do . Because in the time that you were president , l have amassed a great and terrible army of of skeleton delegates skelegates , if you will , Donald . Without you around to ward off the forces of Chaos , I can finally escape from my prison . You just made your first mistake , Donald . Now l can return to that fateful night in 2016 and claim what is rightfully mine ! Together with my army of skelegates , l will finally have the majority l need to become the Republican nominee , and fight a principled conservative campaign for President . Nothing will stand in our way . Goodbye , Donald . Your New York ways will taint the Party no longer . This is the priesthood rising ! With my new powers , l will plunge this country into TENTHOUSAND YEARS of darkness , and the delegates ... they will be at my side every step of the way . Thank you , Donald",OFFENSIVE,UNAVAILABLE,ENGLISH
multioff_test_0081,Hf65xSJ.png,YOU SHOULD NEVER STEREOTYPE ANYONE NO MATTER WHAT GROUP THEY ARE A PART OF OH YOU ARE A REPUBLICAN YOU MUST BE RACIST THEN,OFFENSIVE,UNAVAILABLE,ENGLISH
multioff_test_0082,t4xWpee.png,`` Let these clowns fight it out . Meet me in the green room . What 's your name ? Melissa ? `` It 's Melania `` Whatever . Just meet me there . '' BREAKING NEWS CLINTON-TRUMP DEBATE BEGINS MOMENTARILY ON CNN,SAFE,UNAVAILABLE,ENGLISH
multioff_test_0083,6r16i0p.png,RUMP AMERICA GREAT AGAIN lent majority ANDS WITH RU MP GREAT CA TRUMP TRUMP FEMINIST tor Bernie,OFFENSIVE,UNAVAILABLE,ENGLISH
multioff_test_0084,QNB8H2s.png,This racist democrat was chief Justice when the court decided that `` separate but equal '' was something everyone would just have to accept .,SAFE,UNAVAILABLE,ENGLISH
multioff_test_0085,5W8eGmw.png,George Bush do ya thing TRUMP,OFFENSIVE,UNAVAILABLE,ENGLISH
multioff_test_0086,Nyo6x2Y.png,"Paul Joseph Watson @ PrisonPlan ... 3h Your family ripped apart the lives of hundreds of thousands of women and children in Iraq . Shut the fuck up , you complete cunt . Jeb Bush a Jeb Bush As the grandfather of two precious girls , I find that no apology can excuse away Donald Trump 's reprehensible comments degrading women . t 2,415 4,343",OFFENSIVE,UNAVAILABLE,ENGLISH
multioff_test_0087,5hN4XOF.png,HUMP TRUMP LHP TRUMP E TRUMP TRUMP TRUMP TRU METRU MP PENCE PENCE TRUMP TRUMP RUM TRUN TRUMP GREAT ILAIME TRU MP TRUMP TRUMP TRU Mt PEN TRUMP RUMITRUMP TR TRUMP TRUMP,SAFE,UNAVAILABLE,ENGLISH
multioff_test_0088,nEE5sjy.png,DONALD TRUMP DONALD DUCK E DONALD TRUCK made on imgur,SAFE,UNAVAILABLE,ENGLISH
multioff_test_0089,OH0Nuxb.png,GOING OUT OF Family Moral Values Bankruptcy Must Go pocrisy tfque Republican Party LAST DAYS GOP S RENT BE SANGS,OFFENSIVE,UNAVAILABLE,ENGLISH
multioff_test_0090,hoApJnq.png,"Be 2016 You take the Hillary pill , the story ends . You wake up in your bed and believe whatever you want to believe . You take the Bernie pill , you stay in truthland , and you will uncover just how deep the corruption goes . Remember : all Bernie 's offering is the truth . Nothing more .",OFFENSIVE,UNAVAILABLE,ENGLISH
multioff_test_0091,M6wyDw8.png,"My rural neighbor is a hippie Bernie supporter and his dog got loose . Guess what I did ? NEIGHBORS BTFO ( self , The Donald ) submitted 6 hours ago by to /r/The Donald 158 comments share [ I I put on my MAGA hat , coaxed him into my car and drove the 1/3rd of a mile to his place . When I saw my neighbor , Itold him that I caught his dog illegally entering my country , and that I was deporting him . My neighbor laughed and offered me a beer , because we both understand that people with different political viewpoints can still be good neighbors .",SAFE,UNAVAILABLE,ENGLISH
multioff_test_0092,rklsz23.png,"The fuck Bernie Sanders ' starter pack THE SCIENCE OF ECONOMICS THE ECONOMIC TEACHING OF LEON MACLAREN discover the conditons which allow evey indwodual true goal of Economics Patriot Wikipedia , the free encyclopedia https : //en.m.wikipedia.org wiki Patriot Mobile-friendly A patriot is someone who feels a strong support for their country , See also Patriotism RAYMOND MAKE WELL Ed Patriotism New England Patriots",OFFENSIVE,UNAVAILABLE,ENGLISH
multioff_test_0093,43LJZG9.png,A comic starring : Jay Ferris bfan 1001 flea comic by Septapus The internet needs a lot of fixing in genera Anyone have windows vista or know how to fix the internet for thats why im voting for al gore `` fix the internet '' is a broad request I dunno I hear Jill Stein has a great plan to decontaminate our WiFi,SAFE,UNAVAILABLE,ENGLISH
multioff_test_0094,mHAg22Y.png,THIS IS A WALLINSIDE A NAZI GAS CHAMBER dwebs WHEN A DEMOCRAT MENTIONS GUN CONTROL REMEMBER THIS PICTURE,OFFENSIVE,UNAVAILABLE,ENGLISH
multioff_test_0095,pEPz8iF.png,"As a 27 year old staff attorney for the House Judiciary Committee during the Watergate investigation , Hillary Rodham was fired by her supervisor , lifelong Democrat Jerry Zeifman . e Hillary d When asked why Hillary Rodham was fired , Zeifman said in an interview , `` Because she was a liar . She was an Constitution , the rules of the House , the rules of the Committee , and the rules of confidentiality . ''",SAFE,UNAVAILABLE,ENGLISH
multioff_test_0096,nnEBoVw.png,"19 hrs None of your opinions matter Like Comment Share and 7 others Yeah , but that 's like , your opinion Like Reply 12 hrs Also it 's absolutely a fact that your like 9 paragraph soliloquy about black lives matter or Bernie sanders or something that you put on Facebook does n't matter Like Reply 3 hrs Especially because everyone seems to think their Facebook E profile is the fucking mouth of god Like Reply 3 hrs",SAFE,UNAVAILABLE,ENGLISH
multioff_test_0097,CaqKlOXWIAAvy8L.jpg,Bernie or Hillar Be informed . Compare them on the issues that matter . SUPER BOWL Issue : HALFTIME SHOW `` I wish it were `` Woo ! Play just BeyoncÌ© '' 'The Scientist ' '',SAFE,UNAVAILABLE,ENGLISH
multioff_test_0098,hLMgzsp.png,New hobby : Putting Donald Trump 's mouth on puffer fish,OFFENSIVE,UNAVAILABLE,ENGLISH
multioff_test_0099,zvdzU3y.png,Bernie or Hillary ? Be informed . Compare them on the issues that matter . Robot Uprising Issue : elling at Roomba [ nervous metallic lau `` BRING IT ON HA HA HA '' ASSHOLE ! ! '' obvious plant,SAFE,UNAVAILABLE,ENGLISH
multioff_test_0100,CbYe-4SW8AAmvbJ.jpg,`` Bernie looks like the guy in disaster movies who knows what 's coming but no one listens to b/c he has bad hair & keeps dropping his papers,SAFE,UNAVAILABLE,ENGLISH
multioff_test_0101,NwQNeBd.png,"I do n't believe that women have any rights , and I think gays should be hanged . No , actually , I 'm a Muslim and those are my religious beliefs . Wow , what a complete 4 primitive asshole you are ! You must be a Republican . Oh ! I 'm sorry ! A I apologize ! I hope you do n't think I 'm Islamophobic ! ( c ) 2016 Dixon Diaz",OFFENSIVE,UNAVAILABLE,ENGLISH
multioff_test_0102,mZvaiMI.png,"Q10 If the candidates for President were Democrat Hillary Clinton , Republican Donald Trump , and independent Harambe , who would you vote for ? 48 % Hillary Clinton 43 % Donald Trump 5 % Harambe 4 % Not sure ... .",SAFE,UNAVAILABLE,ENGLISH
multioff_test_0103,Ktvna1u.png,"Share Wow Care . Listen , Hills , you 're going to go on and you 're gon na make lots of policy and I will never you 're gon na watch let go , Bern ! it grow .",SAFE,UNAVAILABLE,ENGLISH
multioff_test_0104,bnQlLeN.png,`` I trust Hillary Clinton about as far as I can throw her .,OFFENSIVE,UNAVAILABLE,ENGLISH
multioff_test_0105,CfU-_jqW4AAmTBw.jpg,"CRUZ Ha WISCON MILWAUKEE , WI 57 PM CT TED CRUZ DONALD T JOHN KAS SEN TED CRUZ DELIVERS REMARKS AFTER VICTORY IN WI GOP PRIMARY AMERICA 'S ELECTION HQ 2016",SAFE,UNAVAILABLE,ENGLISH
multioff_test_0106,JT26Var.png,Why is Bill Clinton looking like he 's got a case of the suds AN SA,SAFE,UNAVAILABLE,ENGLISH
multioff_test_0107,LW5TKwe.png,"Cedar Rapids ashington , DC 12:55 55 PM ET 11 DAK LIVE BREAKING NEWS CLINTON LANDS IN IOWA AS FBI REOPENS EMAIL INVESTIGATION /CNNU WOLF F OF THE YEAR CONSUMER CONFIDENCE ALSO HIT A NINE-YEAR HIGH L DO I HAVE TO GO OUT THERE ? Hillary",SAFE,UNAVAILABLE,ENGLISH
multioff_test_0108,krkcbjy.png,"Add Friend 5 hrs I hopped in a cab today and my elderly cab driver was writing on his clipboard while driving ( literally accelerating and jotting ) , blaring Howie Carr , yelling ( like yelling , not just raising his voice in excitement , and with no provocation , I just said hello and something about the crazy weather about how Donald Trump is going to save the world , and then was pushy when I asked if they did a college discount with ID , saying `` you must be some sort of Bernie supporter socialist n the same breath he asked me how much I wanted to give him for tip so he could make the correct change . gave him an appropriate tip , because l understand cab drivers without tips ca n't actually live on the wage they 'd earn , and I 'm a fellow human bring who cares about others qaulity of life and fair pay for thier labor . But my head is still tilted and making a whattheactualfudge '' face . 1 Comment Like Comment a Share",SAFE,UNAVAILABLE,ENGLISH
multioff_test_0109,AY91zJl.png,"Donald Trump has been in the public eye forover30years And , he 's NEVER been accused of being a racist until he startedrunningfor president and his political opponents started attacking him THINK ABOUT IT ! !",SAFE,UNAVAILABLE,ENGLISH
multioff_test_0110,8WsB12c.png,"HILLARY SCANDALS TRUMP SCANDALS called some women fat 20 yearsago 4 dead Americans in Benghazi Supportedarming Syrian jihadists , which led to rise of ISIS Supported toppling Gaddafi , which led to International migrant crisis Private e-mail server . Lied under oath about it . Took Clinton Foundation donationsfrom countries that oppress women . Clinton Foundation pay for play . Intimidated Bill Clinton 's rape victims laughed about defendingachild rapist . Called KKK leader Robert Byrd her mentor . Russian uranium deal . Rigged primaries against Bernie lied to media about her health",SAFE,UNAVAILABLE,ENGLISH
multioff_test_0111,5kSMRv3.png,"H smoke upthe weed9 1 point 12 hours ago To give my own answer , it 's not clear that the symbolization of abstract social forces and revolutionary struggle in individuals is necessarily a bad thing . Was it bad that the leftist American fighters in the Spanish Civil War were the 'Abraham Lincoln Brigade ' ? Is it bad that in Venezuela the revolution uses the image of Simon Bolivar ? Is it bad that Hillary Clinton has a strong support base of black people because of the image they have of Bill Clinton whereas the republican base has abandoned Jeb Bush 's attempt to use the legacy of George Bush ? ls it bad that people think Kurt Cobain is a genius whereas the countless bands that mimic him are inferior All of these are forms of a `` cult of personality ' once we remove the mysticism and propagandistic function of the words . To me , the answer is that all of these are simply ways to talk about something deeper , and thus thinking about the cult of personality ironically creates its own cult of personality in which we believe this concept has real power instead of being a TI symptom of a deeper process",SAFE,UNAVAILABLE,ENGLISH
multioff_test_0112,209BoJK.png,"Bernie or Hillary ? Be informed . Compare them on the issues that matter . Issue : Selena The loss of Selena was unsurmountable I loved J . Lo She would 've been the superstar of this lifetime as she crossed over from the Spanish-language market to mainstream in that movie ! English markets . Her fashion sense , stage presence , dance moves and charisma were like none I 'd seen before . Fuck Yolanda Saldivar .",SAFE,UNAVAILABLE,ENGLISH
multioff_test_0113,CfUTJmj.png,The I just got into politics a few months ago and did n't pay attention to economics and history in high school starter pack 2016 Bernin BERNIESANDERS COM Bernie FEEL 2016 THE BERN,SAFE,UNAVAILABLE,ENGLISH
multioff_test_0114,53U5Bca.png,"When some guy on Reddit told me that Communism goes against human nature . realized that all those years of studying dialectical materialism and political economy were useless . Bernie Sanders is right , socialism is just when the government gives you free weed Friedrich Engels",SAFE,UNAVAILABLE,ENGLISH
multioff_test_0115,pyCWWr7.png,"Paul Ryan @ PRyan @ BarstoolBigCat 1 in 20 want to see Harambe in the Oval Office Public PolicyPolling olls Support for President : Gary Johnson 6 % , Harambe 5 % , Jill Stein 2 % 8/1/16 , 10:23 PM 1 RETWEET 1 LIKE",SAFE,UNAVAILABLE,ENGLISH
multioff_test_0116,b3IhU9Z.png,"bern png 48 KB , 733x594 ) google igdb Anonymous ( ID : yc2D15UQ ) 5 hours ago No.73661847 13661948 13662111 A-136621134 13662216 13662300 e 136623rg 13GS2381 136G2422 73663050 73663192 73663333 73663368 > > 73663529 > > 73663771 73663890 > > 73664136 > > 73664279 > > 73664291 > > 73664377 > > 73664435 > > 73664594 > > 73 FALSE AND DANGEROUS 73665677 73665999 73666059 73666192 73666215 73666278 73666302 > > 73666400 > > 73666805 > > 73667887 > > 73668267 > > 73668841 > > 73668876 > > 73 73673762 73676350 73677137 > http : //www.snopes.com/bernie-sanders-glow-sticks/ https : //www.youtube.com/watch ? vsewUTO8Nr1RSw What the fuck is wrong with you people ? How TO MAKE BERNIE SANDER 's GLOWSTICKS ! YOU WILL NEED . Anonymous ( ID : yc2D15UQ ) 5 hours ago No . 73662032 663600 63836 978 73670230 7367324 73662906 Apparently some toddler got his face blown off when his mother tried making one for him Anonymous ( ID : F4RaLf J ) 4 hours ago No . 73662906 73663200 > > 73663836 73664466 73665240 > > 73665812 > > 73668332 > > 73676432 7366 2032 I bet he 's feeling the bern",SAFE,UNAVAILABLE,ENGLISH
multioff_test_0117,Lsjt4TJ.png,"Imagine if I started a hip hop career . And then l threw an underground concert and I claimed that the concert was awesome because 10,000 people showed up and cheered like crazy . But then a bunch of evidence is revealed that indicates only like eight people actually showed up and that I was completely bullshitting . At that point , everyone would believe that l am mentally deranged or that I am the biggest liar on the face of the earth . Nobody would say that I am exaggerating because that would be FAR too generous This is no different than what Donald Trump did with his outlandish `` I saw many thousands of Muslims in New Jersey cheer on 9/11 '' claim . Except for one thing . Many people still believe him or say he was `` slightly exaggerating",SAFE,UNAVAILABLE,ENGLISH
multioff_test_0118,xJiXDnY.png,Donald Trump winsthe Oscar for Lead Actor in a Comedy Film for his outstanding work in the GOP Presidential Debates !,OFFENSIVE,UNAVAILABLE,ENGLISH
multioff_test_0119,ykGRBWn.png,Donald J. Trump @ real Donald Trump . Th v I will post a nude of myself if anyone can pass level 4 on my new game `` Trump On The Run # DownloadNow 22.5K 42K,OFFENSIVE,UNAVAILABLE,ENGLISH
multioff_test_0120,LAPqPzX.png,"rump economic plan would r 3.5 million vols , scares me of anothe rum p Prrs alt ncy . 3 . Write down the Donald Trump quote that most impressed you Why ? 4 , Write down the Donald Trump quote that most alarmed you Why ? rump claimed he has been ouolted for",SAFE,UNAVAILABLE,ENGLISH
multioff_test_0121,yiS7xVy.png,"Blame The Black Guy yeah , Hillary , I do n't care if you try to blame your decision to use an unsecured email server on a black guy just so long as I 'm not the black guy you 're blaming ! CARTOONS by Hen www.cartoons hen Com Copyright Henry Christensen , 2016",OFFENSIVE,UNAVAILABLE,ENGLISH
multioff_test_0122,WDUgdRk.png,updated her profile picture 21 hrs . l sent in my absentee ballot and I 'm feelin the bern in my favorite Bernie underwear . Friendly reminder to vote in the primary tomorrow ! Also a friendly reminder not to sexualize the female body .,OFFENSIVE,UNAVAILABLE,ENGLISH
multioff_test_0123,iOyEYMl.png,"http : // gic10 L OCICLO com `` Bernie Sanders is now free to gic ttp vacation in Venezuela and enjoy watching his ideas put into effect . '' ttp ttp ralLogic1 htL : 1.com http John Hayward : //LiberalL dalLogic10 http : //Lib com http : //LiberalLo FaceBook.com/LiberalLogic101 http : //LiberalLogic101.com ( We do n't mind if you download and share this image , just leavetheattribution )",SAFE,UNAVAILABLE,ENGLISH
multioff_test_0124,bspb4sM.png,"Many in the GoP keep calling Donald Trump a liar and manipulator . To me , liars and manipulators are 301 Republicans who were elected to the HOUSE and SENATE that PROMISED to stop Barack Obama and his godless Democrat Party 's destruction of America ... BUT DIDNT STOP ANYTHING !",OFFENSIVE,UNAVAILABLE,ENGLISH
multioff_test_0125,Wwe2NdZ.png,FEAR LEADS TO ANGER ANGER LEADS TO HATE www.UncleSamsMisguidedChila Om HATE LEADS TO STUPIDITY STUPIDITY LEADS TO SUPPORTING HILLARY CLINTON FOR PRESIDENT !,OFFENSIVE,UNAVAILABLE,ENGLISH
multioff_test_0126,EsepD5Q.png,"E Victims i of Communism You Gov M e m o r a I F o u n d a t i o n First-of its kind YouGov Poll Shows `` Bernie Sanders Bounce '' for Collectivism , Surprising Support for Socialism and Communism Among Younger Americans 45 % of 16-20 year olds would vote for a `` Socialist '' , 21 % for a `` Communist '' One-third of Millennials Believe George W. Bush Killed More People Than Stalin Vast Majority Unaware of Communism 's Death Toll More Millennials Prefer Words of Karl Marx over the Bible Bernie Sanders ' Philosophy Wins More Support Than Milton Friedman 's",SAFE,UNAVAILABLE,ENGLISH
multioff_test_0127,xOFyAk8.png,maGBa662B5Murphy -net www.shutterstock.co What if Bernie Sanders were a Communist ? ProiectMurphy,OFFENSIVE,UNAVAILABLE,ENGLISH
multioff_test_0128,s3iOROE.png,WHEN YOU FIND OUT SOMEONE YOU THOUGHT WAS A FRIEND SUPPORTS HILLARY CLINTON BLOCK 1776 REBORN,SAFE,UNAVAILABLE,ENGLISH
multioff_test_0129,whhrfSE.png,"VIEWER WARNING This is a pro-monarchy blog written by a monarchist . BE WARNED that materials contained in this blog are reactionary , religious , counter-revolutionary and pan-monarchist . You are advised that any and all republican governments , politicians and in particular revolutionaries will be mocked , ridiculed , insulted and unmasked for the truly disgusting characters that they are . This blog is not recommended for anyone who favors revolution admires politicians or holds an inherent respect for republican governments . Anyone who is lacking in a sense of humor , anyone who is politically correct and anyone who holds the Whig version of history is advised to leave now before you are offended , outraged or have your feelings hurt .",OFFENSIVE,UNAVAILABLE,ENGLISH
multioff_test_0130,WwN5X3R.png,"This is the evolution of Democrats . Kennedy put a man on the moon , Obama put a man in the women 's bathroom . What a loser . What an embarrassment the Democrat party has become ! MAY 201O O Write a comment Post",OFFENSIVE,UNAVAILABLE,ENGLISH
multioff_test_0131,CW7tNBQU0AIADyq.jpg,DISNEY-PIXAR FINDING FRANK OCEAN meANNIPCIURESm VIN PEEN l um l N E BERN WI IINAIAN FEM IRLI KTCNEJ AKIAEHIN MEALA REA SEM AL R M A AN ERŒ_ÄW EA AN¾¡ÓOM RAKI H �äÑERSEER STY REŽÐ£BRERAMET¾÷Î RK.FWU I ¾ª¦�Ò¦K1IST.MWKAEXRW NAMIBŽ__RIEEMIRAER •_ÄLELALIAŒ¼ÓDRJON.WUBAOMŒ�ÇIONARIMIERCREIIF,SAFE,UNAVAILABLE,ENGLISH
multioff_test_0132,otKSntf.png,"Hillary Clinton @ Hillary Clinton @ realDonald Trump thinks democrats care about his opinion , how does it feel putting your stuff here it does n't belong ? 1272 2210 RETWEETS FAVORITES Donald J. Trump arealDonald Trump Hillary Clinton Ask Bill . 3322 5880 RETWEETS FAVORITES",OFFENSIVE,UNAVAILABLE,ENGLISH
multioff_test_0133,7Q0ReMA.png,undervalued property tixit up . and then flip for aprofit ! Flipping Houses FOR a a Ralph R Roberts A Reference for the Rest of Us ! 1 NATIONAL BEST SELLER TRUMP THE ART OF THE DEAL From the star of NBC 's hit show App DONALD JE TRUMP with TONY SCHWARTZ HALLSTREET,OFFENSIVE,UNAVAILABLE,ENGLISH
multioff_test_0134,9CYSG3P.png,AND THE TRUMP PENCE WILL SOUND TO SIGNIFY THE BEGINNING OF THE END made on inngur,SAFE,UNAVAILABLE,ENGLISH
multioff_test_0135,Ci45dogWEAA2bSb.jpg,"94 % , 11:12 AM www.cnn.com/2016/05/19/politics/donald trump-egyptair-terre E BREAKING NEWS Hillary Clinton says EgyptAir Flight 804 highlights threat from organized terror groups . Watch her live now . politics CNN Donald Trump does n't wait for investigators to call missing EgyptAir flight act of terror",SAFE,UNAVAILABLE,ENGLISH
multioff_test_0136,1iLg1U1.png,Bernie fans when they realized they actually had to go out and vote and not just tweet about him OHATEPTUNTE .,SAFE,UNAVAILABLE,ENGLISH
multioff_test_0137,JHF6hFI.png,"As a 27 year old staff attorney for the House Judiciary Committee during the Watergate investigation , Hillary Rodham was fired by her supervisor , lifelong Democrat Jerry Zeifman . Hillary a da When asked why Hillary Rodham was fired , Zeifman said in an interview , `` Because she was a liar . She was an unethical , dishonest lawyer , she conspired to violate the Constitution , the rules of the House , the rules of the Committee , and the rules of confidentiality . ''",SAFE,UNAVAILABLE,ENGLISH
multioff_test_0138,CZrwNVe.png,threedogs toaster The Mother Trump feeds it 's Trumplings a small loan of a million dollars,SAFE,UNAVAILABLE,ENGLISH
multioff_test_0139,XMReWCt.png,Momma said when Mr. Trump buildsthat wall . We should put Hillary on the other side of it . And if she wants back in she can just email us .,SAFE,UNAVAILABLE,ENGLISH
multioff_test_0140,uUc4OqX.png,"shared SubjectPolitics 's video 2 hrs It 's sad when you make the 74 year old socialist look good in comparison to you HILLARY CLINTON PLAYING THE `` NoMAN CARD '' COUNT : 1 SubjectPolitics com 1:21 IX 1,443,217 Views SubjectPolitics Like Page April 28 at 3:29am Hillary Clinton plays the Woman card 13 times in a MINUTE ... Like Comment Share she could make osama bin laden look good Like Reply 1.1 hr . Edited",OFFENSIVE,UNAVAILABLE,ENGLISH
multioff_test_0141,kzNSl6e.png,"ISO YOU 'RE TELLING ME THAT HILLARY CLINTON WAS RUBBING ELBOWS WITH KNOWN KKK MEMBER ROBERT BYRD , DEFERRED TO BLACK CIILDEEN AS SUPER PREDATORS AND PUSHED LEGISLATION THAT DISPROPORTIONATELY TARGETS INCARCERATION OF MINORITIES BUT SOMEHOW SHE DESERVES THE BLACK VOTES",OFFENSIVE,UNAVAILABLE,ENGLISH
multioff_test_0142,TgSYoWe.png,"12 mins 2 Not sure if real Anyone know how credible this is Sperm Whales Found Dead In FL , Stomachs Full Of Uncounted Bernie Sanders Ballots According to a press release from Florida 's marine Biologist Union , many of the whales had stomachs FULL of uncounted Bernie Sanders ballots.. wwVWZGARLIC.COM Like Comment Share I",OFFENSIVE,UNAVAILABLE,ENGLISH
multioff_test_0143,qq8wzMR.png,HERE JOHNSON 2016 FACEBOOK REASONABLE PEOPLE FOR GARY JOHNSON,SAFE,UNAVAILABLE,ENGLISH
multioff_test_0144,fyAh3I0.png,WHAT IF POKEMON GO WAS RELEASED TO D US FRO THE FBIS STANCEON HILLARY CLINTON,SAFE,UNAVAILABLE,ENGLISH
multioff_test_0145,CMQqhImUkAAKeno.jpg,Donald Trump 's hair looks like someone tried to use the blur tool in photoshop to cover a bald spot,SAFE,UNAVAILABLE,ENGLISH
multioff_test_0146,tINjUCc.png,MAMAS Who am I supposed to vote for ? Am l supposed to vote for the Democrat who 's going to blast me in the or the Republican who 's blasting my ass ?,SAFE,UNAVAILABLE,ENGLISH
multioff_test_0147,eI2N5iQ.png,EcakpnBeHn rnacoBnl 18 minutes ago We will have presidential nominees that people with higher IQs voted for . Why does Clinton and Trump have the majority vote ? People are generally irrational embed caHyBaj noyeT,SAFE,UNAVAILABLE,ENGLISH
multioff_test_0148,8ZOPW62.png,Voting for Trump because Bernie s out is like blowing a dude because your girlfriend dumped you A really racist dude @ alpaca pone,SAFE,UNAVAILABLE,ENGLISH
